/*******************************************************************************
 * Size: 32 px
 * Bpp: 8
 * Opts: --bpp 8 --size 32 --font E:/Smart/assets/SFProTH_regular.woff.ttf -o E:/Smart/assets\ui_font_SFPROTH_32.c --format lvgl -r 0x0020-0x007F -r 0x0E00-0x0E7F --no-compress --no-prefilter
 ******************************************************************************/

#include "ui.h"

#ifndef UI_FONT_SFPROTH_32
#define UI_FONT_SFPROTH_32 1
#endif

#if UI_FONT_SFPROTH_32

/*-----------------
 *    BITMAPS
 *----------------*/

/*Store the image of the glyphs*/
static LV_ATTRIBUTE_LARGE_CONST const uint8_t glyph_bitmap[] = {
    /* U+007F "" */

    /* U+0E00 "฀" */

    /* U+0E01 "ก" */
    0x0, 0x0, 0x0, 0x0, 0x0, 0x37, 0x96, 0xd2,
    0xf0, 0xfa, 0xe8, 0xc3, 0x81, 0x19, 0x0, 0x0,
    0x0, 0x0, 0x0, 0x0, 0x0, 0x1d, 0xb4, 0xff,
    0xff, 0xff, 0xff, 0xff, 0xff, 0xff, 0xff, 0xf8,
    0x6e, 0x0, 0x0, 0x0, 0x0, 0x0, 0x35, 0xe9,
    0xff, 0xff, 0xfb, 0xb6, 0x91, 0x7e, 0x95, 0xd6,
    0xff, 0xff, 0xff, 0x79, 0x0, 0x0, 0x0, 0x22,
    0xec, 0xff, 0xff, 0x9b, 0x19, 0x0, 0x0, 0x0,
    0x0, 0x0, 0x5c, 0xf7, 0xff, 0xfd, 0x2f, 0x0,
    0x0, 0xb7, 0xff, 0xff, 0x79, 0x0, 0x0, 0x0,
    0x0, 0x0, 0x0, 0x0, 0x0, 0x68, 0xff, 0xff,
    0xa6, 0x0, 0x25, 0xff, 0xff, 0xdd, 0x2, 0x0,
    0x0, 0x0, 0x0, 0x0, 0x0, 0x0, 0x0, 0x4,
    0xeb, 0xff, 0xee, 0x2, 0x2, 0x90, 0xff, 0xff,
    0x8b, 0x1, 0x0, 0x0, 0x0, 0x0, 0x0, 0x0,
    0x0, 0x0, 0xb4, 0xff, 0xff, 0x1c, 0x0, 0x0,
    0x6f, 0xfd, 0xff, 0x9f, 0x3, 0x0, 0x0, 0x0,
    0x0, 0x0, 0x0, 0x0, 0x9f, 0xff, 0xff, 0x2f,
    0x0, 0x0, 0xa, 0xc4, 0xff, 0xc4, 0x17, 0x0,
    0x0, 0x0, 0x0, 0x0, 0x0, 0x0, 0x9c, 0xff,
    0xff, 0x34, 0x0, 0x0, 0xa5, 0xff, 0xe4, 0xd,
    0x0, 0x0, 0x0, 0x0, 0x0, 0x0, 0x0, 0x0,
    0x9c, 0xff, 0xff, 0x34, 0x0, 0x21, 0xfe, 0xff,
    0x92, 0x0, 0x0, 0x0, 0x0, 0x0, 0x0, 0x0,
    0x0, 0x0, 0x9c, 0xff, 0xff, 0x34, 0x0, 0x4f,
    0xff, 0xff, 0x79, 0x0, 0x0, 0x0, 0x0, 0x0,
    0x0, 0x0, 0x0, 0x0, 0x9c, 0xff, 0xff, 0x34,
    0x0, 0x58, 0xff, 0xff, 0x78, 0x0, 0x0, 0x0,
    0x0, 0x0, 0x0, 0x0, 0x0, 0x0, 0x9c, 0xff,
    0xff, 0x34, 0x0, 0x58, 0xff, 0xff, 0x78, 0x0,
    0x0, 0x0, 0x0, 0x0, 0x0, 0x0, 0x0, 0x0,
    0x9c, 0xff, 0xff, 0x34, 0x0, 0x58, 0xff, 0xff,
    0x78, 0x0, 0x0, 0x0, 0x0, 0x0, 0x0, 0x0,
    0x0, 0x0, 0x9c, 0xff, 0xff, 0x34, 0x0, 0x58,
    0xff, 0xff, 0x78, 0x0, 0x0, 0x0, 0x0, 0x0,
    0x0, 0x0, 0x0, 0x0, 0x9c, 0xff, 0xff, 0x34,
    0x0, 0x58, 0xff, 0xff, 0x78, 0x0, 0x0, 0x0,
    0x0, 0x0, 0x0, 0x0, 0x0, 0x0, 0x9c, 0xff,
    0xff, 0x34, 0x0, 0x58, 0xff, 0xff, 0x78, 0x0,
    0x0, 0x0, 0x0, 0x0, 0x0, 0x0, 0x0, 0x0,
    0x9c, 0xff, 0xff, 0x34, 0x0, 0x58, 0xff, 0xff,
    0x78, 0x0, 0x0, 0x0, 0x0, 0x0, 0x0, 0x0,
    0x0, 0x0, 0x9c, 0xff, 0xff, 0x34, 0x0, 0x58,
    0xff, 0xff, 0x78, 0x0, 0x0, 0x0, 0x0, 0x0,
    0x0, 0x0, 0x0, 0x0, 0x9c, 0xff, 0xff, 0x34,

    /* U+0E02 "ข" */
    0x80, 0xff, 0xff, 0xf4, 0xc8, 0x41, 0x0, 0x0,
    0x0, 0x0, 0x0, 0x44, 0xff, 0xff, 0x8c, 0x80,
    0xff, 0xff, 0xff, 0xff, 0xf2, 0x18, 0x0, 0x0,
    0x0, 0x0, 0x44, 0xff, 0xff, 0x8c, 0x3c, 0x78,
    0x79, 0xc7, 0xff, 0xff, 0x54, 0x0, 0x0, 0x0,
    0x0, 0x44, 0xff, 0xff, 0x8c, 0x0, 0x0, 0x0,
    0x48, 0xff, 0xff, 0x6b, 0x0, 0x0, 0x0, 0x0,
    0x44, 0xff, 0xff, 0x8c, 0x0, 0x0, 0x0, 0x57,
    0xff, 0xff, 0x5f, 0x0, 0x0, 0x0, 0x0, 0x44,
    0xff, 0xff, 0x8c, 0x0, 0x0, 0x3, 0xc7, 0xff,
    0xfc, 0x1e, 0x0, 0x0, 0x0, 0x0, 0x44, 0xff,
    0xff, 0x8c, 0x0, 0x0, 0x8f, 0xff, 0xff, 0x86,
    0x0, 0x0, 0x0, 0x0, 0x0, 0x44, 0xff, 0xff,
    0x8c, 0x0, 0x5d, 0xff, 0xff, 0xc6, 0x4, 0x0,
    0x0, 0x0, 0x0, 0x0, 0x44, 0xff, 0xff, 0x8c,
    0x1a, 0xf2, 0xff, 0xe9, 0x1b, 0x0, 0x0, 0x0,
    0x0, 0x0, 0x0, 0x44, 0xff, 0xff, 0x8c, 0x83,
    0xff, 0xff, 0x5b, 0x0, 0x0, 0x0, 0x0, 0x0,
    0x0, 0x0, 0x44, 0xff, 0xff, 0x8c, 0xb5, 0xff,
    0xff, 0xf, 0x0, 0x0, 0x0, 0x0, 0x0, 0x0,
    0x0, 0x44, 0xff, 0xff, 0x8c, 0xbc, 0xff, 0xff,
    0x8, 0x0, 0x0, 0x0, 0x0, 0x0, 0x0, 0x0,
    0x44, 0xff, 0xff, 0x8c, 0xbc, 0xff, 0xff, 0x8,
    0x0, 0x0, 0x0, 0x0, 0x0, 0x0, 0x0, 0x44,
    0xff, 0xff, 0x8b, 0xb7, 0xff, 0xff, 0xb, 0x0,
    0x0, 0x0, 0x0, 0x0, 0x0, 0x0, 0x4c, 0xff,
    0xff, 0x82, 0xa3, 0xff, 0xff, 0x26, 0x0, 0x0,
    0x0, 0x0, 0x0, 0x0, 0x0, 0x65, 0xff, 0xff,
    0x6d, 0x6f, 0xff, 0xff, 0x76, 0x0, 0x0, 0x0,
    0x0, 0x0, 0x0, 0x0, 0xa8, 0xff, 0xff, 0x39,
    0x1a, 0xf8, 0xff, 0xf3, 0x3c, 0x0, 0x0, 0x0,
    0x0, 0x0, 0x4d, 0xfd, 0xff, 0xde, 0x3, 0x0,
    0x7d, 0xff, 0xff, 0xfe, 0xb9, 0x81, 0x73, 0x85,
    0xbf, 0xff, 0xff, 0xff, 0x55, 0x0, 0x0, 0x1,
    0x8c, 0xff, 0xff, 0xff, 0xff, 0xff, 0xff, 0xff,
    0xff, 0xfa, 0x6d, 0x0, 0x0, 0x0, 0x0, 0x0,
    0x31, 0x97, 0xd4, 0xf0, 0xfb, 0xee, 0xcb, 0x8b,
    0x23, 0x0, 0x0, 0x0,

    /* U+0E03 "ฃ" */
    0x6, 0x0, 0x0, 0x0, 0x0, 0x0, 0x0, 0x0,
    0x0, 0x0, 0x0, 0x0, 0x0, 0x0, 0x0, 0x0,
    0xb8, 0x79, 0x17, 0xa8, 0xf3, 0xe6, 0x87, 0x3,
    0x0, 0x0, 0x0, 0x0, 0x24, 0xff, 0xff, 0xac,
    0xc8, 0xff, 0xf9, 0xff, 0xff, 0xff, 0xff, 0x64,
    0x0, 0x0, 0x0, 0x0, 0x24, 0xff, 0xff, 0xac,
    0x70, 0xf0, 0xff, 0xbc, 0x8f, 0xff, 0xff, 0xb0,
    0x0, 0x0, 0x0, 0x0, 0x24, 0xff, 0xff, 0xac,
    0x0, 0xe, 0x6e, 0xa, 0x0, 0xe9, 0xff, 0xca,
    0x0, 0x0, 0x0, 0x0, 0x24, 0xff, 0xff, 0xac,
    0x0, 0x0, 0x0, 0x0, 0x7, 0xf8, 0xff, 0xb9,
    0x0, 0x0, 0x0, 0x0, 0x24, 0xff, 0xff, 0xac,
    0x0, 0x0, 0x0, 0x0, 0x6d, 0xff, 0xff, 0x73,
    0x0, 0x0, 0x0, 0x0, 0x24, 0xff, 0xff, 0xac,
    0x0, 0x0, 0x0, 0x2e, 0xf5, 0xff, 0xdf, 0xc,
    0x0, 0x0, 0x0, 0x0, 0x24, 0xff, 0xff, 0xac,
    0x0, 0x0, 0x12, 0xdd, 0xff, 0xf3, 0x31, 0x0,
    0x0, 0x0, 0x0, 0x0, 0x24, 0xff, 0xff, 0xac,
    0x0, 0x0, 0xb3, 0xff, 0xfe, 0x4f, 0x0, 0x0,
    0x0, 0x0, 0x0, 0x0, 0x24, 0xff, 0xff, 0xac,
    0x0, 0x43, 0xff, 0xff, 0x90, 0x0, 0x0, 0x0,
    0x0, 0x0, 0x0, 0x0, 0x24, 0xff, 0xff, 0xac,
    0x0, 0x83, 0xff, 0xff, 0x34, 0x0, 0x0, 0x0,
    0x0, 0x0, 0x0, 0x0, 0x24, 0xff, 0xff, 0xac,
    0x0, 0x90, 0xff, 0xff, 0x28, 0x0, 0x0, 0x0,
    0x0, 0x0, 0x0, 0x0, 0x24, 0xff, 0xff, 0xac,
    0x0, 0x90, 0xff, 0xff, 0x28, 0x0, 0x0, 0x0,
    0x0, 0x0, 0x0, 0x0, 0x24, 0xff, 0xff, 0xab,
    0x0, 0x8c, 0xff, 0xff, 0x2b, 0x0, 0x0, 0x0,
    0x0, 0x0, 0x0, 0x0, 0x2c, 0xff, 0xff, 0xa2,
    0x0, 0x79, 0xff, 0xff, 0x45, 0x0, 0x0, 0x0,
    0x0, 0x0, 0x0, 0x0, 0x45, 0xff, 0xff, 0x8d,
    0x0, 0x47, 0xff, 0xff, 0x93, 0x0, 0x0, 0x0,
    0x0, 0x0, 0x0, 0x0, 0x88, 0xff, 0xff, 0x59,
    0x0, 0x7, 0xe5, 0xff, 0xfb, 0x51, 0x0, 0x0,
    0x0, 0x0, 0x0, 0x36, 0xf4, 0xff, 0xf2, 0x10,
    0x0, 0x0, 0x58, 0xff, 0xff, 0xff, 0xc3, 0x85,
    0x73, 0x80, 0xb5, 0xfc, 0xff, 0xff, 0x74, 0x0,
    0x0, 0x0, 0x0, 0x6d, 0xfb, 0xff, 0xff, 0xff,
    0xff, 0xff, 0xff, 0xff, 0xfe, 0x88, 0x0, 0x0,
    0x0, 0x0, 0x0, 0x0, 0x23, 0x8c, 0xcd, 0xef,
    0xfc, 0xf0, 0xd2, 0x95, 0x2f, 0x0, 0x0, 0x0,

    /* U+0E04 "ค" */
    0x0, 0x0, 0x0, 0x0, 0x18, 0x7e, 0xc2, 0xe8,
    0xfa, 0xf0, 0xd7, 0x9c, 0x43, 0x0, 0x0, 0x0,
    0x0, 0x0, 0x0, 0x0, 0x71, 0xf7, 0xff, 0xff,
    0xff, 0xff, 0xff, 0xff, 0xff, 0xff, 0xbb, 0x15,
    0x0, 0x0, 0x0, 0x0, 0x87, 0xff, 0xff, 0xff,
    0xd5, 0x95, 0x7d, 0x87, 0xb3, 0xf8, 0xff, 0xff,
    0xdb, 0x12, 0x0, 0x0, 0x47, 0xff, 0xff, 0xf3,
    0x56, 0x0, 0x0, 0x0, 0x0, 0x0, 0x1a, 0xbf,
    0xff, 0xff, 0xad, 0x0, 0x0, 0xc9, 0xff, 0xff,
    0x52, 0x0, 0x0, 0x0, 0x0, 0x0, 0x0, 0x0,
    0xb, 0xd9, 0xff, 0xff, 0x31, 0x1b, 0xff, 0xff,
    0xcd, 0x0, 0x0, 0x0, 0x0, 0x0, 0x0, 0x0,
    0x0, 0x0, 0x62, 0xff, 0xff, 0x81, 0x49, 0xff,
    0xff, 0x8a, 0x0, 0x0, 0x0, 0x0, 0x0, 0x0,
    0x0, 0x0, 0x0, 0x21, 0xff, 0xff, 0xb0, 0x5c,
    0xff, 0xff, 0x73, 0x0, 0x0, 0x0, 0x0, 0x0,
    0x0, 0x0, 0x0, 0x0, 0xa, 0xff, 0xff, 0xc4,
    0x60, 0xff, 0xff, 0x70, 0x0, 0x0, 0x0, 0x0,
    0x0, 0x0, 0x0, 0x0, 0x0, 0x8, 0xff, 0xff,
    0xc8, 0x60, 0xff, 0xff, 0x70, 0x0, 0x18, 0x61,
    0x7d, 0x80, 0x64, 0x0, 0x0, 0x0, 0x8, 0xff,
    0xff, 0xc8, 0x60, 0xff, 0xff, 0x70, 0x6c, 0xf8,
    0xff, 0xff, 0xff, 0xc8, 0x0, 0x0, 0x0, 0x8,
    0xff, 0xff, 0xc8, 0x60, 0xff, 0xff, 0xb6, 0xff,
    0xff, 0xff, 0xff, 0xff, 0xc8, 0x0, 0x0, 0x0,
    0x8, 0xff, 0xff, 0xc8, 0x60, 0xff, 0xff, 0xff,
    0xf7, 0x80, 0x23, 0x3, 0x0, 0x0, 0x0, 0x0,
    0x0, 0x8, 0xff, 0xff, 0xc8, 0x60, 0xff, 0xff,
    0xfe, 0x4f, 0x0, 0x0, 0x0, 0x0, 0x0, 0x0,
    0x0, 0x0, 0x8, 0xff, 0xff, 0xc8, 0x60, 0xff,
    0xff, 0xba, 0x0, 0x0, 0x0, 0x0, 0x0, 0x0,
    0x0, 0x0, 0x0, 0x8, 0xff, 0xff, 0xc8, 0x60,
    0xff, 0xff, 0x72, 0x0, 0x0, 0x0, 0x0, 0x0,
    0x0, 0x0, 0x0, 0x0, 0x8, 0xff, 0xff, 0xc8,
    0x60, 0xff, 0xff, 0x70, 0x0, 0x0, 0x0, 0x0,
    0x0, 0x0, 0x0, 0x0, 0x0, 0x8, 0xff, 0xff,
    0xc8, 0x60, 0xff, 0xff, 0x70, 0x0, 0x0, 0x0,
    0x0, 0x0, 0x0, 0x0, 0x0, 0x0, 0x8, 0xff,
    0xff, 0xc8, 0x60, 0xff, 0xff, 0x70, 0x0, 0x0,
    0x0, 0x0, 0x0, 0x0, 0x0, 0x0, 0x0, 0x8,
    0xff, 0xff, 0xc8, 0x60, 0xff, 0xff, 0x70, 0x0,
    0x0, 0x0, 0x0, 0x0, 0x0, 0x0, 0x0, 0x0,
    0x8, 0xff, 0xff, 0xc8,

    /* U+0E05 "ฅ" */
    0x0, 0x0, 0x0, 0x2a, 0x9d, 0xbb, 0x27, 0x0,
    0x0, 0x0, 0x0, 0x4c, 0xc7, 0x81, 0x11, 0x0,
    0x0, 0x0, 0x0, 0x0, 0x65, 0xfa, 0xff, 0xff,
    0xf6, 0x71, 0x2, 0xe, 0x9e, 0xff, 0xff, 0xff,
    0xe5, 0x31, 0x0, 0x0, 0x0, 0x42, 0xfd, 0xff,
    0xff, 0xf0, 0xff, 0xff, 0xc5, 0xe1, 0xff, 0xff,
    0xf1, 0xff, 0xff, 0xe7, 0x10, 0x0, 0x0, 0xc9,
    0xff, 0xff, 0x7e, 0x5, 0x6b, 0xee, 0xff, 0xff,
    0xd3, 0x3d, 0xf, 0xba, 0xff, 0xff, 0x82, 0x0,
    0x1b, 0xff, 0xff, 0xcf, 0x0, 0x0, 0x0, 0x14,
    0x98, 0x73, 0x4, 0x0, 0x0, 0x1b, 0xfc, 0xff,
    0xd6, 0x0, 0x47, 0xff, 0xff, 0x8d, 0x0, 0x0,
    0x0, 0x0, 0x0, 0x0, 0x0, 0x0, 0x0, 0x0,
    0xd5, 0xff, 0xfd, 0x3, 0x56, 0xff, 0xff, 0x79,
    0x0, 0x0, 0x0, 0x0, 0x0, 0x0, 0x0, 0x0,
    0x0, 0x0, 0xc1, 0xff, 0xff, 0x11, 0x58, 0xff,
    0xff, 0x78, 0x0, 0x0, 0x0, 0x0, 0x0, 0x0,
    0x0, 0x0, 0x0, 0x0, 0xc0, 0xff, 0xff, 0x14,
    0x58, 0xff, 0xff, 0x78, 0x0, 0x0, 0x0, 0x0,
    0x0, 0x0, 0x0, 0x0, 0x0, 0x0, 0xc0, 0xff,
    0xff, 0x14, 0x58, 0xff, 0xff, 0x78, 0x0, 0x13,
    0x5e, 0x7c, 0x80, 0x74, 0x0, 0x0, 0x0, 0x0,
    0xc0, 0xff, 0xff, 0x14, 0x58, 0xff, 0xff, 0x78,
    0x63, 0xf5, 0xff, 0xff, 0xff, 0xe8, 0x0, 0x0,
    0x0, 0x0, 0xc0, 0xff, 0xff, 0x14, 0x58, 0xff,
    0xff, 0xb6, 0xff, 0xff, 0xff, 0xff, 0xff, 0xe8,
    0x0, 0x0, 0x0, 0x0, 0xc0, 0xff, 0xff, 0x14,
    0x58, 0xff, 0xff, 0xff, 0xf9, 0x87, 0x26, 0x4,
    0x0, 0x0, 0x0, 0x0, 0x0, 0x0, 0xc0, 0xff,
    0xff, 0x14, 0x58, 0xff, 0xff, 0xff, 0x58, 0x0,
    0x0, 0x0, 0x0, 0x0, 0x0, 0x0, 0x0, 0x0,
    0xc0, 0xff, 0xff, 0x14, 0x58, 0xff, 0xff, 0xc3,
    0x0, 0x0, 0x0, 0x0, 0x0, 0x0, 0x0, 0x0,
    0x0, 0x0, 0xc0, 0xff, 0xff, 0x14, 0x58, 0xff,
    0xff, 0x7a, 0x0, 0x0, 0x0, 0x0, 0x0, 0x0,
    0x0, 0x0, 0x0, 0x0, 0xc0, 0xff, 0xff, 0x14,
    0x58, 0xff, 0xff, 0x78, 0x0, 0x0, 0x0, 0x0,
    0x0, 0x0, 0x0, 0x0, 0x0, 0x0, 0xc0, 0xff,
    0xff, 0x14, 0x58, 0xff, 0xff, 0x78, 0x0, 0x0,
    0x0, 0x0, 0x0, 0x0, 0x0, 0x0, 0x0, 0x0,
    0xc0, 0xff, 0xff, 0x14, 0x58, 0xff, 0xff, 0x78,
    0x0, 0x0, 0x0, 0x0, 0x0, 0x0, 0x0, 0x0,
    0x0, 0x0, 0xc0, 0xff, 0xff, 0x14, 0x58, 0xff,
    0xff, 0x78, 0x0, 0x0, 0x0, 0x0, 0x0, 0x0,
    0x0, 0x0, 0x0, 0x0, 0xc0, 0xff, 0xff, 0x14,

    /* U+0E06 "ฆ" */
    0x6, 0x0, 0x0, 0x0, 0x0, 0x0, 0x0, 0x0,
    0x0, 0x0, 0x0, 0x0, 0x0, 0x0, 0x0, 0x0,
    0x0, 0x0, 0xc3, 0x6c, 0x19, 0xb0, 0xf5, 0xe5,
    0x84, 0x1, 0x0, 0x0, 0x0, 0x0, 0x0, 0x0,
    0x8c, 0xff, 0xff, 0x44, 0xd8, 0xff, 0xf9, 0xff,
    0xff, 0xff, 0xff, 0x56, 0x0, 0x0, 0x0, 0x0,
    0x0, 0x0, 0x8c, 0xff, 0xff, 0x44, 0x7b, 0xf1,
    0xff, 0xb0, 0x98, 0xff, 0xff, 0x9a, 0x0, 0x0,
    0x0, 0x0, 0x0, 0x0, 0x8c, 0xff, 0xff, 0x44,
    0x0, 0xf, 0x6e, 0x3, 0x2, 0xf7, 0xff, 0xb2,
    0x0, 0x0, 0x0, 0x0, 0x0, 0x0, 0x8c, 0xff,
    0xff, 0x44, 0x0, 0x0, 0x0, 0x0, 0x7, 0xfd,
    0xff, 0xa1, 0x0, 0x0, 0x0, 0x0, 0x0, 0x0,
    0x8c, 0xff, 0xff, 0x44, 0x0, 0x0, 0x0, 0x0,
    0x53, 0xff, 0xff, 0x6b, 0x0, 0x0, 0x0, 0x0,
    0x0, 0x0, 0x8c, 0xff, 0xff, 0x44, 0x0, 0x0,
    0x0, 0xc, 0xdd, 0xff, 0xec, 0xc, 0x0, 0x0,
    0x0, 0x0, 0x0, 0x0, 0x8c, 0xff, 0xff, 0x44,
    0x0, 0x0, 0x0, 0x9a, 0xff, 0xff, 0x59, 0x0,
    0x0, 0x0, 0x0, 0x0, 0x0, 0x0, 0x8c, 0xff,
    0xff, 0x44, 0x0, 0x0, 0x4d, 0xff, 0xff, 0xae,
    0x0, 0x0, 0x0, 0x0, 0x0, 0x0, 0x0, 0x0,
    0x8c, 0xff, 0xff, 0x44, 0x0, 0x1, 0xd9, 0xff,
    0xf3, 0x1a, 0x0, 0x0, 0x0, 0x0, 0x0, 0x0,
    0x0, 0x0, 0x8c, 0xff, 0xff, 0x44, 0x0, 0x33,
    0xff, 0xff, 0x9d, 0x0, 0x0, 0x0, 0x0, 0x0,
    0x0, 0x0, 0x0, 0x0, 0x8c, 0xff, 0xff, 0x44,
    0x0, 0x4f, 0xff, 0xff, 0x80, 0x0, 0x0, 0x0,
    0x0, 0x0, 0x0, 0x0, 0x0, 0x0, 0x8c, 0xff,
    0xff, 0x44, 0x0, 0x50, 0xff, 0xff, 0x80, 0x0,
    0x0, 0x0, 0x0, 0x0, 0x0, 0x0, 0x0, 0x0,
    0x8f, 0xff, 0xff, 0x40, 0x0, 0x50, 0xff, 0xff,
    0x93, 0x0, 0x0, 0x0, 0x0, 0x0, 0x0, 0x0,
    0x0, 0x0, 0xa0, 0xff, 0xff, 0x31, 0x0, 0x50,
    0xff, 0xff, 0xf8, 0x26, 0x0, 0x0, 0x0, 0x0,
    0x0, 0x0, 0x0, 0x0, 0xce, 0xff, 0xff, 0x12,
    0x0, 0x50, 0xff, 0xff, 0xff, 0xd7, 0x1c, 0x0,
    0x0, 0x0, 0x0, 0x0, 0x0, 0x2c, 0xff, 0xff,
    0xd6, 0x0, 0x0, 0x50, 0xff, 0xff, 0xf3, 0xff,
    0xe1, 0x43, 0x0, 0x0, 0x0, 0x0, 0x16, 0xcf,
    0xff, 0xff, 0x77, 0x0, 0x0, 0x50, 0xff, 0xff,
    0x7b, 0xc8, 0xff, 0xff, 0xcc, 0x8b, 0x7d, 0x9f,
    0xf0, 0xff, 0xff, 0xdc, 0xa, 0x0, 0x0, 0x50,
    0xff, 0xff, 0x65, 0x13, 0xb3, 0xff, 0xff, 0xff,
    0xff, 0xff, 0xff, 0xff, 0xe0, 0x25, 0x0, 0x0,
    0x0, 0x50, 0xff, 0xff, 0x57, 0x0, 0x0, 0x4d,
    0xaf, 0xe0, 0xf9, 0xee, 0xc7, 0x76, 0xb, 0x0,
    0x0, 0x0,

    /* U+0E07 "ง" */
    0x5f, 0xff, 0xff, 0x79, 0x0, 0x0, 0x0, 0x6,
    0xd7, 0xf3, 0xfb, 0xe7, 0xb2, 0x4b, 0x0, 0x0,
    0x0, 0x0, 0x15, 0xfd, 0xff, 0xc5, 0x0, 0x0,
    0x0, 0x0, 0xe0, 0xff, 0xff, 0xff, 0xff, 0xff,
    0xa0, 0x3, 0x0, 0x0, 0x0, 0xc8, 0xff, 0xfd,
    0x13, 0x0, 0x0, 0x0, 0x89, 0x8e, 0x7e, 0xa5,
    0xf6, 0xff, 0xff, 0x95, 0x0, 0x0, 0x0, 0x7c,
    0xff, 0xff, 0x5d, 0x0, 0x0, 0x0, 0x0, 0x0,
    0x0, 0x0, 0x29, 0xe6, 0xff, 0xff, 0x3c, 0x0,
    0x0, 0x31, 0xff, 0xff, 0xa8, 0x0, 0x0, 0x0,
    0x0, 0x0, 0x0, 0x0, 0x0, 0x42, 0xff, 0xff,
    0xb5, 0x0, 0x0, 0x0, 0xe4, 0xff, 0xef, 0x4,
    0x0, 0x0, 0x0, 0x0, 0x0, 0x0, 0x0, 0x0,
    0xca, 0xff, 0xfb, 0x13, 0x0, 0x0, 0x9a, 0xff,
    0xff, 0x40, 0x0, 0x0, 0x0, 0x0, 0x0, 0x0,
    0x0, 0x0, 0x80, 0xff, 0xff, 0x48, 0x0, 0x0,
    0x4f, 0xff, 0xff, 0x8c, 0x0, 0x0, 0x0, 0x0,
    0x0, 0x0, 0x0, 0x0, 0x55, 0xff, 0xff, 0x74,
    0x0, 0x0, 0xb, 0xf8, 0xff, 0xd7, 0x0, 0x0,
    0x0, 0x0, 0x0, 0x0, 0x0, 0x0, 0x3e, 0xff,
    0xff, 0x87, 0x0, 0x0, 0x0, 0xb8, 0xff, 0xff,
    0x23, 0x0, 0x0, 0x0, 0x0, 0x0, 0x0, 0x0,
    0x33, 0xff, 0xff, 0x93, 0x0, 0x0, 0x0, 0x6d,
    0xff, 0xff, 0x6f, 0x0, 0x0, 0x0, 0x0, 0x0,
    0x0, 0x0, 0x3e, 0xff, 0xff, 0x88, 0x0, 0x0,
    0x0, 0x21, 0xff, 0xff, 0xbb, 0x0, 0x0, 0x0,
    0x0, 0x0, 0x0, 0x0, 0x55, 0xff, 0xff, 0x75,
    0x0, 0x0, 0x0, 0x0, 0xd6, 0xff, 0xf9, 0xc,
    0x0, 0x0, 0x0, 0x0, 0x0, 0x0, 0x88, 0xff,
    0xff, 0x49, 0x0, 0x0, 0x0, 0x0, 0x8a, 0xff,
    0xff, 0x52, 0x0, 0x0, 0x0, 0x0, 0x0, 0x0,
    0xd8, 0xff, 0xfd, 0xf, 0x0, 0x0, 0x0, 0x0,
    0x3f, 0xff, 0xff, 0x9e, 0x0, 0x0, 0x0, 0x0,
    0x0, 0x51, 0xff, 0xff, 0xae, 0x0, 0x0, 0x0,
    0x0, 0x0, 0x4, 0xef, 0xff, 0xe8, 0x1, 0x0,
    0x0, 0x0, 0x1c, 0xe5, 0xff, 0xfe, 0x39, 0x0,
    0x0, 0x0, 0x0, 0x0, 0x0, 0xa8, 0xff, 0xff,
    0x35, 0x0, 0x0, 0x33, 0xdb, 0xff, 0xff, 0x8f,
    0x0, 0x0, 0x0, 0x0, 0x0, 0x0, 0x0, 0x5d,
    0xff, 0xff, 0xb3, 0x87, 0xbc, 0xfd, 0xff, 0xff,
    0xb2, 0x7, 0x0, 0x0, 0x0, 0x0, 0x0, 0x0,
    0x0, 0x14, 0xfd, 0xff, 0xff, 0xff, 0xff, 0xff,
    0xfc, 0x8f, 0x4, 0x0, 0x0, 0x0, 0x0, 0x0,
    0x0, 0x0, 0x0, 0x0, 0xc6, 0xff, 0xff, 0xf1,
    0xd4, 0x8e, 0x2b, 0x0, 0x0, 0x0, 0x0, 0x0,

    /* U+0E08 "จ" */
    0x0, 0x0, 0x0, 0x15, 0x6d, 0xb2, 0xde, 0xf3,
    0xf6, 0xe2, 0xbb, 0x77, 0x16, 0x0, 0x0, 0x0,
    0x0, 0x0, 0xe, 0x91, 0xf6, 0xff, 0xff, 0xff,
    0xff, 0xff, 0xff, 0xff, 0xff, 0xf4, 0x76, 0x0,
    0x0, 0x0, 0x2c, 0xdf, 0xff, 0xff, 0xff, 0xd4,
    0x9c, 0x85, 0x80, 0x9a, 0xda, 0xff, 0xff, 0xff,
    0x96, 0x0, 0x0, 0x27, 0xff, 0xf8, 0x93, 0x20,
    0x0, 0x0, 0x0, 0x0, 0x0, 0x0, 0x52, 0xf0,
    0xff, 0xff, 0x5b, 0x0, 0x0, 0x91, 0x2b, 0x0,
    0x0, 0x0, 0x0, 0x0, 0x0, 0x0, 0x0, 0x0,
    0x38, 0xfc, 0xff, 0xe3, 0x4, 0x0, 0x0, 0x0,
    0x0, 0x0, 0x0, 0x0, 0x0, 0x0, 0x0, 0x0,
    0x0, 0x0, 0x9c, 0xff, 0xff, 0x51, 0x0, 0x0,
    0x0, 0x0, 0x0, 0x0, 0x0, 0x0, 0x0, 0x0,
    0x0, 0x0, 0x0, 0x3e, 0xff, 0xff, 0x92, 0x0,
    0x0, 0x0, 0x0, 0x0, 0x0, 0x0, 0x0, 0x0,
    0x0, 0x0, 0x0, 0x0, 0xa, 0xfd, 0xff, 0xc4,
    0x0, 0x0, 0x6e, 0x6b, 0x4c, 0x6, 0x0, 0x0,
    0x0, 0x0, 0x0, 0x0, 0x0, 0x0, 0xeb, 0xff,
    0xd9, 0x0, 0x0, 0xfc, 0xff, 0xff, 0xda, 0x14,
    0x0, 0x0, 0x0, 0x0, 0x0, 0x0, 0x0, 0xe0,
    0xff, 0xe7, 0x0, 0x0, 0xfc, 0xff, 0xff, 0xff,
    0x8d, 0x0, 0x0, 0x0, 0x0, 0x0, 0x0, 0x0,
    0xeb, 0xff, 0xda, 0x0, 0x0, 0x0, 0x18, 0xea,
    0xff, 0xdf, 0x0, 0x0, 0x0, 0x0, 0x0, 0x0,
    0x7, 0xfb, 0xff, 0xc7, 0x0, 0x0, 0x0, 0x0,
    0xa0, 0xff, 0xff, 0x1b, 0x0, 0x0, 0x0, 0x0,
    0x0, 0x34, 0xff, 0xff, 0x99, 0x0, 0x0, 0x0,
    0x0, 0x65, 0xff, 0xff, 0x55, 0x0, 0x0, 0x0,
    0x0, 0x0, 0x83, 0xff, 0xff, 0x5e, 0x0, 0x0,
    0x0, 0x0, 0x2a, 0xff, 0xff, 0x8f, 0x0, 0x0,
    0x0, 0x0, 0xd, 0xe6, 0xff, 0xf2, 0xd, 0x0,
    0x0, 0x0, 0x0, 0x1, 0xed, 0xff, 0xc8, 0x0,
    0x0, 0x0, 0x0, 0x9a, 0xff, 0xff, 0x8c, 0x0,
    0x0, 0x0, 0x0, 0x0, 0x0, 0xb3, 0xff, 0xf9,
    0x8, 0x0, 0x4, 0x8c, 0xff, 0xff, 0xde, 0xb,
    0x0, 0x0, 0x0, 0x0, 0x0, 0x0, 0x78, 0xff,
    0xff, 0x8c, 0x8b, 0xdd, 0xff, 0xff, 0xec, 0x2f,
    0x0, 0x0, 0x0, 0x0, 0x0, 0x0, 0x0, 0x3d,
    0xff, 0xff, 0xff, 0xff, 0xff, 0xff, 0xd2, 0x2d,
    0x0, 0x0, 0x0, 0x0, 0x0, 0x0, 0x0, 0x0,
    0x8, 0xf9, 0xff, 0xfc, 0xe5, 0xb8, 0x60, 0x5,
    0x0, 0x0, 0x0, 0x0,

    /* U+0E09 "ฉ" */
    0x0, 0x0, 0x0, 0x13, 0x66, 0xa4, 0xd6, 0xec,
    0xfb, 0xec, 0xd1, 0x95, 0x38, 0x0, 0x0, 0x0,
    0x0, 0x0, 0x1d, 0x9e, 0xf7, 0xff, 0xff, 0xff,
    0xff, 0xff, 0xff, 0xff, 0xff, 0xff, 0xad, 0xd,
    0x0, 0x0, 0x5e, 0xf3, 0xff, 0xff, 0xff, 0xe2,
    0xa8, 0x8d, 0x7d, 0x8c, 0xc1, 0xfe, 0xff, 0xff,
    0xcb, 0x8, 0x0, 0x63, 0xff, 0xf5, 0x95, 0x2c,
    0x0, 0x0, 0x0, 0x0, 0x0, 0x0, 0x2f, 0xda,
    0xff, 0xff, 0x8e, 0x0, 0x6, 0x98, 0x1e, 0x0,
    0x0, 0x0, 0x0, 0x0, 0x0, 0x0, 0x0, 0x0,
    0x21, 0xf3, 0xff, 0xf6, 0x15, 0x0, 0x0, 0x0,
    0x0, 0x0, 0x0, 0x0, 0x0, 0x0, 0x0, 0x0,
    0x0, 0x0, 0x91, 0xff, 0xff, 0x5e, 0x0, 0x0,
    0x0, 0x0, 0x0, 0x0, 0x0, 0x0, 0x0, 0x0,
    0x0, 0x0, 0x0, 0x4a, 0xff, 0xff, 0x96, 0x0,
    0x0, 0x0, 0x0, 0x0, 0x0, 0x0, 0x0, 0x0,
    0x0, 0x0, 0x0, 0x0, 0x2b, 0xff, 0xff, 0xad,
    0x3a, 0x68, 0x5f, 0x2d, 0x0, 0x0, 0x0, 0x0,
    0x0, 0x0, 0x0, 0x0, 0x0, 0x20, 0xff, 0xff,
    0xbb, 0x90, 0xff, 0xff, 0xfe, 0x64, 0x0, 0x0,
    0x0, 0x0, 0x0, 0x0, 0x0, 0x0, 0x20, 0xff,
    0xff, 0xbc, 0x90, 0xff, 0xff, 0xff, 0xd4, 0x0,
    0x0, 0x0, 0x0, 0x0, 0x0, 0x0, 0x0, 0x20,
    0xff, 0xff, 0xbc, 0x0, 0xb, 0xe3, 0xff, 0xf1,
    0x0, 0x0, 0x0, 0x0, 0x0, 0x0, 0x0, 0x0,
    0x20, 0xff, 0xff, 0xbc, 0x0, 0x0, 0xcc, 0xff,
    0xf4, 0x0, 0x0, 0x0, 0x0, 0x0, 0x0, 0x0,
    0x0, 0x20, 0xff, 0xff, 0xbc, 0x0, 0x0, 0xcc,
    0xff, 0xf4, 0x0, 0x0, 0x0, 0x0, 0x0, 0x0,
    0x0, 0x0, 0x30, 0xff, 0xff, 0xbc, 0x0, 0x0,
    0xc6, 0xff, 0xfb, 0x0, 0x0, 0x0, 0x0, 0x0,
    0x0, 0x0, 0x0, 0xb4, 0xff, 0xff, 0xbc, 0x0,
    0x0, 0xb1, 0xff, 0xff, 0x29, 0x0, 0x0, 0x0,
    0x0, 0x0, 0x0, 0x72, 0xff, 0xff, 0xff, 0xbc,
    0x0, 0x0, 0x7a, 0xff, 0xff, 0xab, 0x4, 0x0,
    0x0, 0x0, 0x4, 0x7f, 0xff, 0xf4, 0xff, 0xff,
    0xbc, 0x0, 0x0, 0x1c, 0xf7, 0xff, 0xff, 0xd8,
    0x8f, 0x7b, 0x95, 0xe2, 0xff, 0xfc, 0x53, 0xff,
    0xff, 0xbc, 0x0, 0x0, 0x0, 0x5c, 0xfb, 0xff,
    0xff, 0xff, 0xff, 0xff, 0xff, 0xf5, 0x52, 0x4,
    0xff, 0xff, 0xbc, 0x0, 0x0, 0x0, 0x0, 0x32,
    0xa3, 0xe0, 0xf9, 0xf0, 0xd4, 0x8e, 0x22, 0x0,
    0x0, 0xf4, 0xff, 0xbc,

    /* U+0E0A "ช" */
    0x80, 0xff, 0xff, 0xf4, 0xc8, 0x41, 0x0, 0x0,
    0x0, 0x0, 0x0, 0x3f, 0xfd, 0xff, 0xc2, 0x4,
    0x80, 0xff, 0xff, 0xff, 0xff, 0xf2, 0x18, 0x0,
    0x0, 0x0, 0xe, 0xe0, 0xff, 0xea, 0x1b, 0x0,
    0x3c, 0x78, 0x79, 0xc5, 0xff, 0xff, 0x54, 0x0,
    0x0, 0x0, 0xa2, 0xff, 0xfd, 0x46, 0x0, 0x0,
    0x0, 0x0, 0x0, 0x40, 0xff, 0xff, 0x6b, 0x0,
    0x0, 0x54, 0xff, 0xff, 0x82, 0x0, 0x0, 0x0,
    0x0, 0x0, 0x0, 0x4f, 0xff, 0xff, 0x5a, 0x0,
    0x19, 0xec, 0xff, 0xbe, 0x3, 0x0, 0x0, 0x0,
    0x0, 0x0, 0x2, 0xc0, 0xff, 0xf7, 0x1a, 0x0,
    0x82, 0xff, 0xff, 0xc7, 0x53, 0x0, 0x0, 0x0,
    0x0, 0x0, 0x8a, 0xff, 0xff, 0x7e, 0x0, 0x0,
    0x2d, 0x97, 0xd3, 0xff, 0xff, 0x7b, 0x0, 0x0,
    0x0, 0x5b, 0xff, 0xff, 0xbf, 0x3, 0x0, 0x0,
    0x0, 0x0, 0x4, 0xbf, 0xff, 0xfb, 0x25, 0x0,
    0x1a, 0xf2, 0xff, 0xea, 0x18, 0x0, 0x0, 0x0,
    0x0, 0x0, 0x0, 0x60, 0xff, 0xff, 0x6b, 0x0,
    0x83, 0xff, 0xff, 0x5f, 0x0, 0x0, 0x0, 0x0,
    0x0, 0x0, 0x0, 0x46, 0xff, 0xff, 0x89, 0x0,
    0xb5, 0xff, 0xff, 0x11, 0x0, 0x0, 0x0, 0x0,
    0x0, 0x0, 0x0, 0x44, 0xff, 0xff, 0x8c, 0x0,
    0xbc, 0xff, 0xff, 0x8, 0x0, 0x0, 0x0, 0x0,
    0x0, 0x0, 0x0, 0x44, 0xff, 0xff, 0x8c, 0x0,
    0xbc, 0xff, 0xff, 0x8, 0x0, 0x0, 0x0, 0x0,
    0x0, 0x0, 0x0, 0x44, 0xff, 0xff, 0x8b, 0x0,
    0xb7, 0xff, 0xff, 0xb, 0x0, 0x0, 0x0, 0x0,
    0x0, 0x0, 0x0, 0x4c, 0xff, 0xff, 0x82, 0x0,
    0xa3, 0xff, 0xff, 0x26, 0x0, 0x0, 0x0, 0x0,
    0x0, 0x0, 0x0, 0x65, 0xff, 0xff, 0x6d, 0x0,
    0x6e, 0xff, 0xff, 0x76, 0x0, 0x0, 0x0, 0x0,
    0x0, 0x0, 0x0, 0xa8, 0xff, 0xff, 0x39, 0x0,
    0x19, 0xf7, 0xff, 0xf4, 0x3e, 0x0, 0x0, 0x0,
    0x0, 0x0, 0x4d, 0xfd, 0xff, 0xdf, 0x3, 0x0,
    0x0, 0x7b, 0xff, 0xff, 0xfe, 0xbb, 0x82, 0x73,
    0x84, 0xbf, 0xff, 0xff, 0xff, 0x56, 0x0, 0x0,
    0x0, 0x1, 0x87, 0xff, 0xff, 0xff, 0xff, 0xff,
    0xff, 0xff, 0xff, 0xfb, 0x6f, 0x0, 0x0, 0x0,
    0x0, 0x0, 0x0, 0x2e, 0x95, 0xd2, 0xf0, 0xfb,
    0xee, 0xcc, 0x8c, 0x24, 0x0, 0x0, 0x0, 0x0,

    /* U+0E0B "ซ" */
    0x6, 0x0, 0x0, 0x0, 0x0, 0x0, 0x0, 0x0,
    0x0, 0x0, 0x0, 0x0, 0x0, 0x0, 0x0, 0x0,
    0x0, 0xb7, 0x75, 0x16, 0xa8, 0xf3, 0xe6, 0x87,
    0x3, 0x0, 0x0, 0x0, 0x0, 0x2a, 0xf8, 0xff,
    0xdc, 0xd, 0xc8, 0xff, 0xf9, 0xff, 0xff, 0xff,
    0xff, 0x64, 0x0, 0x0, 0x0, 0x4, 0xcb, 0xff,
    0xfa, 0x34, 0x0, 0x6f, 0xed, 0xff, 0xbb, 0x8f,
    0xff, 0xff, 0xb0, 0x0, 0x0, 0x0, 0x7e, 0xff,
    0xff, 0x72, 0x0, 0x0, 0x0, 0xb, 0x6c, 0x9,
    0x0, 0xe9, 0xff, 0xca, 0x0, 0x0, 0x30, 0xfa,
    0xff, 0xb5, 0x1, 0x0, 0x0, 0x0, 0x0, 0x0,
    0x0, 0x4, 0xf6, 0xff, 0xb9, 0x0, 0x6, 0xd1,
    0xff, 0xe6, 0x15, 0x0, 0x0, 0x0, 0x0, 0x0,
    0x0, 0x0, 0x66, 0xff, 0xff, 0x73, 0x0, 0x61,
    0xff, 0xff, 0xc3, 0x3f, 0x0, 0x0, 0x0, 0x0,
    0x0, 0x0, 0x30, 0xf5, 0xff, 0xdf, 0xc, 0x0,
    0x25, 0xb8, 0xe6, 0xff, 0xff, 0x7c, 0x0, 0x0,
    0x0, 0x0, 0x1a, 0xe1, 0xff, 0xf3, 0x31, 0x0,
    0x0, 0x0, 0x0, 0x8, 0xbc, 0xff, 0xfe, 0x36,
    0x0, 0x0, 0x1, 0xc1, 0xff, 0xfd, 0x4e, 0x0,
    0x0, 0x0, 0x0, 0x0, 0x0, 0x48, 0xff, 0xff,
    0x8d, 0x0, 0x0, 0x4a, 0xff, 0xff, 0x8d, 0x0,
    0x0, 0x0, 0x0, 0x0, 0x0, 0x0, 0x28, 0xff,
    0xff, 0xb0, 0x0, 0x0, 0x87, 0xff, 0xff, 0x32,
    0x0, 0x0, 0x0, 0x0, 0x0, 0x0, 0x0, 0x24,
    0xff, 0xff, 0xb4, 0x0, 0x0, 0x90, 0xff, 0xff,
    0x28, 0x0, 0x0, 0x0, 0x0, 0x0, 0x0, 0x0,
    0x24, 0xff, 0xff, 0xb4, 0x0, 0x0, 0x90, 0xff,
    0xff, 0x28, 0x0, 0x0, 0x0, 0x0, 0x0, 0x0,
    0x0, 0x24, 0xff, 0xff, 0xb4, 0x0, 0x0, 0x8c,
    0xff, 0xff, 0x2b, 0x0, 0x0, 0x0, 0x0, 0x0,
    0x0, 0x0, 0x2a, 0xff, 0xff, 0xab, 0x0, 0x0,
    0x79, 0xff, 0xff, 0x45, 0x0, 0x0, 0x0, 0x0,
    0x0, 0x0, 0x0, 0x43, 0xff, 0xff, 0x97, 0x0,
    0x0, 0x47, 0xff, 0xff, 0x94, 0x0, 0x0, 0x0,
    0x0, 0x0, 0x0, 0x0, 0x85, 0xff, 0xff, 0x63,
    0x0, 0x0, 0x7, 0xe5, 0xff, 0xfb, 0x53, 0x0,
    0x0, 0x0, 0x0, 0x0, 0x33, 0xf3, 0xff, 0xf7,
    0x17, 0x0, 0x0, 0x0, 0x58, 0xff, 0xff, 0xff,
    0xc5, 0x86, 0x73, 0x7f, 0xb3, 0xfb, 0xff, 0xff,
    0x81, 0x0, 0x0, 0x0, 0x0, 0x0, 0x6d, 0xfb,
    0xff, 0xff, 0xff, 0xff, 0xff, 0xff, 0xff, 0xff,
    0x93, 0x2, 0x0, 0x0, 0x0, 0x0, 0x0, 0x0,
    0x23, 0x8c, 0xcd, 0xee, 0xfb, 0xf1, 0xd4, 0x99,
    0x34, 0x0, 0x0, 0x0, 0x0,

    /* U+0E0C "ฌ" */
    0x0, 0x0, 0x0, 0x0, 0x2, 0x4d, 0xa7, 0xdf,
    0xf7, 0xf4, 0xdd, 0xa5, 0x4d, 0x0, 0x0, 0x0,
    0x0, 0x0, 0x0, 0x0, 0x0, 0x0, 0x0, 0x0,
    0x0, 0xa0, 0xff, 0xff, 0x38, 0x0, 0x0, 0x0,
    0x2a, 0xca, 0xff, 0xff, 0xff, 0xff, 0xff, 0xff,
    0xff, 0xff, 0xbe, 0x13, 0x0, 0x0, 0x0, 0x0,
    0x0, 0x0, 0x0, 0x0, 0x0, 0x0, 0xa0, 0xff,
    0xff, 0x38, 0x0, 0x0, 0x40, 0xf1, 0xff, 0xff,
    0xf4, 0xab, 0x86, 0x84, 0xaf, 0xf8, 0xff, 0xff,
    0xcc, 0x6, 0x0, 0x0, 0x0, 0x0, 0x0, 0x0,
    0x0, 0x0, 0x0, 0xa0, 0xff, 0xff, 0x38, 0x0,
    0x26, 0xf0, 0xff, 0xff, 0x8f, 0x11, 0x0, 0x0,
    0x0, 0x0, 0x20, 0xd2, 0xff, 0xff, 0x7b, 0x0,
    0x0, 0x0, 0x0, 0x0, 0x0, 0x0, 0x0, 0x0,
    0xa0, 0xff, 0xff, 0x38, 0x0, 0xbb, 0xff, 0xff,
    0x73, 0x0, 0x0, 0x0, 0x0, 0x0, 0x0, 0x0,
    0x22, 0xf9, 0xff, 0xe9, 0x2, 0x0, 0x0, 0x0,
    0x0, 0x0, 0x0, 0x0, 0x0, 0xa0, 0xff, 0xff,
    0x38, 0x25, 0xff, 0xff, 0xdc, 0x1, 0x0, 0x0,
    0x0, 0x0, 0x0, 0x0, 0x0, 0x0, 0xad, 0xff,
    0xff, 0x32, 0x0, 0x0, 0x0, 0x0, 0x0, 0x0,
    0x0, 0x0, 0xa0, 0xff, 0xff, 0x38, 0x2, 0x91,
    0xff, 0xff, 0x89, 0x0, 0x0, 0x0, 0x0, 0x0,
    0x0, 0x0, 0x0, 0x77, 0xff, 0xff, 0x5a, 0x0,
    0x0, 0x0, 0x0, 0x0, 0x0, 0x0, 0x0, 0xa0,
    0xff, 0xff, 0x38, 0x0, 0x0, 0x70, 0xfd, 0xff,
    0x9b, 0x2, 0x0, 0x0, 0x0, 0x0, 0x0, 0x0,
    0x63, 0xff, 0xff, 0x6b, 0x0, 0x0, 0x0, 0x0,
    0x0, 0x0, 0x0, 0x0, 0xa0, 0xff, 0xff, 0x38,
    0x0, 0x0, 0xa, 0xc4, 0xff, 0xc4, 0x17, 0x0,
    0x0, 0x0, 0x0, 0x0, 0x0, 0x60, 0xff, 0xff,
    0x70, 0x0, 0x0, 0x0, 0x0, 0x0, 0x0, 0x0,
    0x0, 0xa0, 0xff, 0xff, 0x38, 0x0, 0x0, 0xa5,
    0xff, 0xe4, 0xd, 0x0, 0x0, 0x0, 0x0, 0x0,
    0x0, 0x0, 0x60, 0xff, 0xff, 0x70, 0x0, 0x0,
    0x0, 0x0, 0x0, 0x0, 0x0, 0x0, 0xa0, 0xff,
    0xff, 0x38, 0x0, 0x21, 0xfe, 0xff, 0x92, 0x0,
    0x0, 0x0, 0x0, 0x0, 0x0, 0x0, 0x0, 0x60,
    0xff, 0xff, 0x70, 0x0, 0x0, 0x0, 0x0, 0x0,
    0x0, 0x0, 0x0, 0xa0, 0xff, 0xff, 0x38, 0x0,
    0x4f, 0xff, 0xff, 0x79, 0x0, 0x0, 0x0, 0x0,
    0x0, 0x0, 0x0, 0x0, 0x60, 0xff, 0xff, 0x70,
    0x0, 0x0, 0x0, 0x0, 0x0, 0x0, 0x0, 0x0,
    0xa0, 0xff, 0xff, 0x38, 0x0, 0x58, 0xff, 0xff,
    0x78, 0x0, 0x0, 0x0, 0x0, 0x0, 0x0, 0x0,
    0x0, 0x60, 0xff, 0xff, 0x70, 0x0, 0x0, 0x0,
    0x0, 0x0, 0x0, 0x0, 0x0, 0xa2, 0xff, 0xff,
    0x33, 0x0, 0x58, 0xff, 0xff, 0x78, 0x0, 0x0,
    0x0, 0x0, 0x0, 0x0, 0x0, 0x0, 0x60, 0xff,
    0xff, 0x73, 0x0, 0x0, 0x0, 0x0, 0x0, 0x0,
    0x0, 0x0, 0xb0, 0xff, 0xff, 0x26, 0x0, 0x58,
    0xff, 0xff, 0x78, 0x0, 0x0, 0x0, 0x0, 0x0,
    0x0, 0x0, 0x0, 0x60, 0xff, 0xff, 0xdb, 0x9,
    0x0, 0x0, 0x0, 0x0, 0x0, 0x0, 0x0, 0xd6,
    0xff, 0xfc, 0x9, 0x0, 0x58, 0xff, 0xff, 0x78,
    0x0, 0x0, 0x0, 0x0, 0x0, 0x0, 0x0, 0x0,
    0x60, 0xff, 0xff, 0xff, 0xa8, 0x5, 0x0, 0x0,
    0x0, 0x0, 0x0, 0x27, 0xff, 0xff, 0xd0, 0x0,
    0x0, 0x57, 0xff, 0xff, 0x7b, 0x0, 0x0, 0x0,
    0x0, 0x0, 0x0, 0x0, 0x0, 0x60, 0xff, 0xff,
    0xff, 0xff, 0xb9, 0x1b, 0x0, 0x0, 0x0, 0x9,
    0xbe, 0xff, 0xff, 0x78, 0x0, 0x0, 0x41, 0xff,
    0xff, 0xd8, 0x6d, 0x68, 0x13, 0x0, 0x0, 0x0,
    0x0, 0x0, 0x60, 0xff, 0xff, 0x98, 0xf1, 0xff,
    0xf8, 0xab, 0x7e, 0x8e, 0xe0, 0xff, 0xff, 0xe6,
    0xe, 0x0, 0x0, 0xc, 0xe6, 0xff, 0xff, 0xff,
    0xff, 0x30, 0x0, 0x0, 0x0, 0x0, 0x0, 0x60,
    0xff, 0xff, 0x5b, 0x39, 0xe1, 0xff, 0xff, 0xff,
    0xff, 0xff, 0xff, 0xf0, 0x36, 0x0, 0x0, 0x0,
    0x0, 0x34, 0xc7, 0xf8, 0xff, 0xff, 0x30, 0x0,
    0x0, 0x0, 0x0, 0x0, 0x60, 0xff, 0xff, 0x4e,
    0x0, 0xf, 0x76, 0xcc, 0xf0, 0xf6, 0xd9, 0x90,
    0x19, 0x0, 0x0, 0x0,

    /* U+0E0D "ญ" */
    0x0, 0x0, 0x0, 0x0, 0x2, 0x4d, 0xa7, 0xdf,
    0xf7, 0xf4, 0xdd, 0xa5, 0x4b, 0x0, 0x0, 0x0,
    0x0, 0x0, 0x0, 0x0, 0x0, 0x0, 0x0, 0x0,
    0x0, 0xa0, 0xff, 0xff, 0x30, 0x0, 0x0, 0x0,
    0x2a, 0xca, 0xff, 0xff, 0xff, 0xff, 0xff, 0xff,
    0xff, 0xff, 0xba, 0x10, 0x0, 0x0, 0x0, 0x0,
    0x0, 0x0, 0x0, 0x0, 0x0, 0x0, 0xa0, 0xff,
    0xff, 0x30, 0x0, 0x0, 0x40, 0xf1, 0xff, 0xff,
    0xf4, 0xab, 0x86, 0x84, 0xaf, 0xf8, 0xff, 0xff,
    0xc7, 0x4, 0x0, 0x0, 0x0, 0x0, 0x0, 0x0,
    0x0, 0x0, 0x0, 0xa0, 0xff, 0xff, 0x30, 0x0,
    0x26, 0xf0, 0xff, 0xff, 0x8f, 0x11, 0x0, 0x0,
    0x0, 0x0, 0x20, 0xd2, 0xff, 0xff, 0x73, 0x0,
    0x0, 0x0, 0x0, 0x0, 0x0, 0x0, 0x0, 0x0,
    0xa0, 0xff, 0xff, 0x30, 0x0, 0xbb, 0xff, 0xff,
    0x73, 0x0, 0x0, 0x0, 0x0, 0x0, 0x0, 0x0,
    0x22, 0xf9, 0xff, 0xe3, 0x0, 0x0, 0x0, 0x0,
    0x0, 0x0, 0x0, 0x0, 0x0, 0xa0, 0xff, 0xff,
    0x30, 0x25, 0xff, 0xff, 0xdc, 0x1, 0x0, 0x0,
    0x0, 0x0, 0x0, 0x0, 0x0, 0x0, 0xad, 0xff,
    0xff, 0x29, 0x0, 0x0, 0x0, 0x0, 0x0, 0x0,
    0x0, 0x0, 0xa0, 0xff, 0xff, 0x30, 0x2, 0x91,
    0xff, 0xff, 0x89, 0x0, 0x0, 0x0, 0x0, 0x0,
    0x0, 0x0, 0x0, 0x77, 0xff, 0xff, 0x51, 0x0,
    0x0, 0x0, 0x0, 0x0, 0x0, 0x0, 0x0, 0xa0,
    0xff, 0xff, 0x30, 0x0, 0x0, 0x70, 0xfd, 0xff,
    0x9b, 0x2, 0x0, 0x0, 0x0, 0x0, 0x0, 0x0,
    0x63, 0xff, 0xff, 0x63, 0x0, 0x0, 0x0, 0x0,
    0x0, 0x0, 0x0, 0x0, 0xa0, 0xff, 0xff, 0x30,
    0x0, 0x0, 0x9, 0xc4, 0xff, 0xc4, 0x17, 0x0,
    0x0, 0x0, 0x0, 0x0, 0x0, 0x60, 0xff, 0xff,
    0x68, 0x0, 0x0, 0x0, 0x0, 0x0, 0x0, 0x0,
    0x0, 0xa0, 0xff, 0xff, 0x30, 0x0, 0x0, 0xa3,
    0xff, 0xe4, 0xd, 0x0, 0x0, 0x0, 0x0, 0x0,
    0x0, 0x0, 0x60, 0xff, 0xff, 0x68, 0x0, 0x0,
    0x0, 0x0, 0x0, 0x0, 0x0, 0x0, 0xa0, 0xff,
    0xff, 0x30, 0x0, 0x1f, 0xfe, 0xff, 0x92, 0x0,
    0x0, 0x0, 0x0, 0x0, 0x0, 0x0, 0x0, 0x60,
    0xff, 0xff, 0x68, 0x0, 0x0, 0x0, 0x0, 0x0,
    0x0, 0x0, 0x0, 0xa0, 0xff, 0xff, 0x30, 0x0,
    0x4f, 0xff, 0xff, 0x79, 0x0, 0x0, 0x0, 0x0,
    0x0, 0x0, 0x0, 0x0, 0x60, 0xff, 0xff, 0x68,
    0x0, 0x0, 0x0, 0x0, 0x0, 0x0, 0x0, 0x0,
    0xa0, 0xff, 0xff, 0x30, 0x0, 0x58, 0xff, 0xff,
    0x78, 0x0, 0x0, 0x0, 0x0, 0x0, 0x0, 0x0,
    0x0, 0x60, 0xff, 0xff, 0x68, 0x0, 0x0, 0x0,
    0x0, 0x0, 0x0, 0x0, 0x0, 0xa0, 0xff, 0xff,
    0x30, 0x0, 0x58, 0xff, 0xff, 0x78, 0x0, 0x0,
    0x0, 0x0, 0x0, 0x0, 0x0, 0x0, 0x5c, 0xff,
    0xff, 0x6e, 0x0, 0x0, 0x0, 0x0, 0x0, 0x0,
    0x0, 0x0, 0xa0, 0xff, 0xff, 0x30, 0x0, 0x58,
    0xff, 0xff, 0x78, 0x0, 0x0, 0x0, 0x0, 0x0,
    0x0, 0x0, 0x0, 0x4d, 0xff, 0xff, 0x8d, 0x0,
    0x0, 0x0, 0x0, 0x0, 0x0, 0x0, 0xa, 0xdc,
    0xff, 0xff, 0x30, 0x0, 0x58, 0xff, 0xff, 0x78,
    0x0, 0x0, 0x0, 0x0, 0x0, 0x0, 0x0, 0x0,
    0x23, 0xff, 0xff, 0xd1, 0x1, 0x0, 0x0, 0x0,
    0x0, 0x0, 0x0, 0x9b, 0xff, 0xff, 0xff, 0x30,
    0x0, 0x57, 0xff, 0xff, 0x7b, 0x0, 0x0, 0x0,
    0x0, 0x0, 0x0, 0x0, 0x0, 0x0, 0xd7, 0xff,
    0xff, 0x6d, 0x0, 0x0, 0x0, 0x0, 0xd, 0x9f,
    0xff, 0xf8, 0xff, 0xff, 0x30, 0x0, 0x41, 0xff,
    0xff, 0xd8, 0x6d, 0x68, 0x13, 0x0, 0x0, 0x0,
    0x0, 0x0, 0x0, 0x57, 0xff, 0xff, 0xff, 0xb8,
    0x76, 0x75, 0x9b, 0xf0, 0xff, 0xcb, 0xa5, 0xff,
    0xff, 0x2f, 0x0, 0xc, 0xe6, 0xff, 0xff, 0xff,
    0xff, 0x30, 0x0, 0x0, 0x0, 0x0, 0x0, 0x0,
    0x0, 0x7c, 0xfe, 0xff, 0xff, 0xff, 0xff, 0xff,
    0xff, 0xc4, 0x15, 0xa9, 0xff, 0xff, 0x26, 0x0,
    0x0, 0x34, 0xc7, 0xf8, 0xff, 0xff, 0x30, 0x0,
    0x0, 0x0, 0x0, 0x0, 0x0, 0x0, 0x0, 0x38,
    0xa6, 0xe4, 0xf9, 0xe6, 0xbf, 0x5c, 0x5, 0x0,
    0xbd, 0xff, 0xff, 0x15, 0x0, 0x0, 0x0, 0x0,
    0x0, 0x0, 0x0, 0x0, 0x0, 0x0, 0x0, 0x0,
    0x0, 0x0, 0x0, 0x0, 0x0, 0x0, 0x0, 0x0,
    0x0, 0x0, 0x0, 0x0, 0x3, 0xed, 0xff, 0xe8,
    0x0, 0x0, 0x0, 0x0, 0x0, 0x0, 0x0, 0x0,
    0x0, 0x0, 0x0, 0x0, 0x0, 0x0, 0x0, 0x0,
    0x0, 0x0, 0x0, 0x0, 0x0, 0x0, 0x0, 0x0,
    0x0, 0x54, 0xff, 0xff, 0xa6, 0x0, 0x0, 0x0,
    0x0, 0x0, 0x0, 0x0, 0x0, 0x0, 0x0, 0x0,
    0x0, 0x0, 0x0, 0x0, 0x18, 0xa5, 0x2b, 0x0,
    0x0, 0x0, 0x0, 0x0, 0x0, 0x46, 0xec, 0xff,
    0xff, 0x37, 0x0, 0x0, 0x0, 0x0, 0x0, 0x0,
    0x0, 0x0, 0x0, 0x0, 0x0, 0x0, 0x0, 0x0,
    0x0, 0x64, 0xff, 0xff, 0xd6, 0xa1, 0x89, 0x85,
    0x9b, 0xd5, 0xff, 0xff, 0xff, 0x8d, 0x0, 0x0,
    0x0, 0x0, 0x0, 0x0, 0x0, 0x0, 0x0, 0x0,
    0x0, 0x0, 0x0, 0x0, 0x0, 0x0, 0x63, 0xf6,
    0xff, 0xff, 0xff, 0xff, 0xff, 0xff, 0xff, 0xff,
    0xfd, 0x83, 0x2, 0x0, 0x0, 0x0, 0x0, 0x0,
    0x0, 0x0, 0x0, 0x0, 0x0, 0x0, 0x0, 0x0,
    0x0, 0x0, 0x0, 0x0, 0x16, 0x6c, 0xaf, 0xdc,
    0xf2, 0xfc, 0xee, 0xcd, 0x8c, 0x24, 0x0, 0x0,
    0x0, 0x0,

    /* U+0E0E "ฎ" */
    0x0, 0x0, 0x0, 0x0, 0x0, 0x18, 0x79, 0xbe,
    0xe9, 0xfa, 0xef, 0xd5, 0x99, 0x3b, 0x0, 0x0,
    0x0, 0x0, 0x0, 0x0, 0x0, 0x4, 0x7f, 0xf8,
    0xff, 0xff, 0xff, 0xff, 0xff, 0xff, 0xff, 0xff,
    0xac, 0xc, 0x0, 0x0, 0x0, 0x0, 0xe, 0xbd,
    0xff, 0xff, 0xff, 0xd0, 0x9c, 0x80, 0x89, 0xba,
    0xfc, 0xff, 0xff, 0xc3, 0x5, 0x0, 0x0, 0x2,
    0xba, 0xff, 0xff, 0xc5, 0x36, 0x0, 0x0, 0x0,
    0x0, 0x0, 0x29, 0xd6, 0xff, 0xff, 0x7a, 0x0,
    0x0, 0x66, 0xff, 0xff, 0xb8, 0x6, 0x0, 0x0,
    0x0, 0x0, 0x0, 0x0, 0x0, 0x1f, 0xf5, 0xff,
    0xed, 0x6, 0x0, 0xd4, 0xff, 0xff, 0x28, 0x0,
    0x0, 0x0, 0x0, 0x0, 0x0, 0x0, 0x0, 0x0,
    0x9b, 0xff, 0xff, 0x3e, 0x0, 0x4f, 0xf3, 0xff,
    0xcb, 0x16, 0x0, 0x0, 0x0, 0x0, 0x0, 0x0,
    0x0, 0x0, 0x60, 0xff, 0xff, 0x68, 0x0, 0x0,
    0x2d, 0xde, 0xff, 0xdd, 0x26, 0x0, 0x0, 0x0,
    0x0, 0x0, 0x0, 0x0, 0x4b, 0xff, 0xff, 0x7b,
    0x0, 0x0, 0x0, 0x20, 0xf3, 0xff, 0xb3, 0x0,
    0x0, 0x0, 0x0, 0x0, 0x0, 0x0, 0x48, 0xff,
    0xff, 0x80, 0x0, 0x0, 0x5, 0xc8, 0xff, 0xc4,
    0x5, 0x0, 0x0, 0x0, 0x0, 0x0, 0x0, 0x0,
    0x48, 0xff, 0xff, 0x80, 0x0, 0x0, 0x5b, 0xff,
    0xff, 0x4d, 0x0, 0x0, 0x0, 0x0, 0x0, 0x0,
    0x0, 0x0, 0x48, 0xff, 0xff, 0x80, 0x0, 0x0,
    0x96, 0xff, 0xff, 0x27, 0x0, 0x0, 0x0, 0x0,
    0x0, 0x0, 0x0, 0x0, 0x48, 0xff, 0xff, 0x80,
    0x0, 0x0, 0xa4, 0xff, 0xff, 0x24, 0x0, 0x0,
    0x0, 0x0, 0x0, 0x0, 0x0, 0x0, 0x48, 0xff,
    0xff, 0x80, 0x0, 0x0, 0xa4, 0xff, 0xff, 0x24,
    0x0, 0x0, 0x0, 0x0, 0x0, 0x0, 0x0, 0x0,
    0x48, 0xff, 0xff, 0x80, 0x0, 0x0, 0xa4, 0xff,
    0xff, 0x24, 0x0, 0x0, 0x0, 0x0, 0x0, 0x0,
    0x0, 0x0, 0x48, 0xff, 0xff, 0x80, 0x0, 0x0,
    0xa4, 0xff, 0xff, 0x24, 0x0, 0x0, 0x0, 0x0,
    0x0, 0x0, 0x0, 0x0, 0x48, 0xff, 0xff, 0x80,
    0x0, 0x0, 0xa8, 0xff, 0xff, 0x23, 0x0, 0x0,
    0x0, 0x0, 0x0, 0x0, 0x0, 0x0, 0x48, 0xff,
    0xff, 0x80, 0x69, 0x7a, 0xed, 0xff, 0xff, 0xc,
    0x0, 0x0, 0x0, 0x0, 0x0, 0x0, 0x0, 0x0,
    0x48, 0xff, 0xff, 0x80, 0xf0, 0xff, 0xff, 0xff,
    0xbb, 0x0, 0x0, 0x0, 0x0, 0x0, 0x0, 0x0,
    0x0, 0x0, 0x48, 0xff, 0xff, 0x80, 0xf0, 0xff,
    0xf3, 0xb1, 0x1a, 0x0, 0x0, 0x0, 0x0, 0x0,
    0x0, 0x0, 0x0, 0x0, 0x48, 0xff, 0xff, 0x80,
    0x0, 0x0, 0x0, 0x0, 0x0, 0x0, 0x0, 0x0,
    0x0, 0x0, 0x0, 0x0, 0x0, 0x0, 0x48, 0xff,
    0xff, 0x80, 0x0, 0x0, 0x0, 0x0, 0x0, 0x0,
    0x0, 0x0, 0x0, 0x0, 0x0, 0x0, 0x0, 0x0,
    0x48, 0xff, 0xff, 0x80, 0x0, 0x0, 0x0, 0x0,
    0x0, 0x0, 0xb, 0x46, 0x63, 0x62, 0x42, 0x7,
    0x0, 0x0, 0x48, 0xff, 0xff, 0x80, 0x0, 0x0,
    0x0, 0x0, 0x1c, 0x9c, 0xf9, 0xff, 0xff, 0xff,
    0xff, 0xf0, 0x91, 0x14, 0x48, 0xff, 0xff, 0x80,
    0x0, 0x0, 0x0, 0x3a, 0xed, 0xff, 0xff, 0xff,
    0xff, 0xff, 0xff, 0xff, 0xff, 0xeb, 0x85, 0xff,
    0xff, 0x80, 0x0, 0x0, 0x0, 0x42, 0xff, 0xfa,
    0x9e, 0x47, 0x15, 0x6, 0x21, 0x69, 0xdc, 0xff,
    0xff, 0xff, 0xff, 0x80, 0x0, 0x0, 0x0, 0x3,
    0xb4, 0x26, 0x0, 0x0, 0x0, 0x0, 0x0, 0x0,
    0x5, 0x8d, 0xff, 0xff, 0xff, 0x80,

    /* U+0E0F "ฏ" */
    0x0, 0x0, 0x0, 0x0, 0x0, 0x19, 0x7b, 0xbf,
    0xe9, 0xfa, 0xef, 0xd5, 0x99, 0x3b, 0x0, 0x0,
    0x0, 0x0, 0x0, 0x0, 0x0, 0x5, 0x82, 0xf9,
    0xff, 0xff, 0xff, 0xff, 0xff, 0xff, 0xff, 0xff,
    0xac, 0xc, 0x0, 0x0, 0x0, 0x0, 0xf, 0xbf,
    0xff, 0xff, 0xff, 0xd0, 0x9c, 0x80, 0x88, 0xb9,
    0xfc, 0xff, 0xff, 0xc3, 0x5, 0x0, 0x0, 0x2,
    0xbc, 0xff, 0xff, 0xc5, 0x36, 0x0, 0x0, 0x0,
    0x0, 0x0, 0x27, 0xd3, 0xff, 0xff, 0x7a, 0x0,
    0x0, 0x67, 0xff, 0xff, 0xb8, 0x6, 0x0, 0x0,
    0x0, 0x0, 0x0, 0x0, 0x0, 0x1d, 0xf4, 0xff,
    0xed, 0x6, 0x0, 0xd4, 0xff, 0xff, 0x28, 0x0,
    0x0, 0x0, 0x0, 0x0, 0x0, 0x0, 0x0, 0x0,
    0x99, 0xff, 0xff, 0x3e, 0x0, 0x4f, 0xf3, 0xff,
    0xcf, 0x1b, 0x0, 0x0, 0x0, 0x0, 0x0, 0x0,
    0x0, 0x0, 0x5f, 0xff, 0xff, 0x68, 0x0, 0x0,
    0x2d, 0xde, 0xff, 0xe5, 0x31, 0x0, 0x0, 0x0,
    0x0, 0x0, 0x0, 0x0, 0x4b, 0xff, 0xff, 0x7b,
    0x0, 0x0, 0x0, 0x20, 0xf3, 0xff, 0xb7, 0x0,
    0x0, 0x0, 0x0, 0x0, 0x0, 0x0, 0x48, 0xff,
    0xff, 0x80, 0x0, 0x0, 0x5, 0xc8, 0xff, 0xc4,
    0x5, 0x0, 0x0, 0x0, 0x0, 0x0, 0x0, 0x0,
    0x48, 0xff, 0xff, 0x80, 0x0, 0x0, 0x5b, 0xff,
    0xff, 0x4d, 0x0, 0x0, 0x0, 0x0, 0x0, 0x0,
    0x0, 0x0, 0x48, 0xff, 0xff, 0x80, 0x0, 0x0,
    0x96, 0xff, 0xff, 0x27, 0x0, 0x0, 0x0, 0x0,
    0x0, 0x0, 0x0, 0x0, 0x48, 0xff, 0xff, 0x80,
    0x0, 0x0, 0xa4, 0xff, 0xff, 0x24, 0x0, 0x0,
    0x0, 0x0, 0x0, 0x0, 0x0, 0x0, 0x48, 0xff,
    0xff, 0x80, 0x0, 0x0, 0xa4, 0xff, 0xff, 0x24,
    0x0, 0x0, 0x0, 0x0, 0x0, 0x0, 0x0, 0x0,
    0x48, 0xff, 0xff, 0x80, 0x0, 0x0, 0xa4, 0xff,
    0xff, 0x24, 0x0, 0x0, 0x0, 0x0, 0x0, 0x0,
    0x0, 0x0, 0x48, 0xff, 0xff, 0x80, 0x0, 0x0,
    0xa4, 0xff, 0xff, 0x24, 0x0, 0x0, 0x0, 0x0,
    0x0, 0x0, 0x0, 0x0, 0x48, 0xff, 0xff, 0x80,
    0x0, 0x0, 0xa8, 0xff, 0xff, 0x23, 0x0, 0x0,
    0x0, 0x0, 0x0, 0x0, 0x0, 0x0, 0x48, 0xff,
    0xff, 0x80, 0x69, 0x7a, 0xed, 0xff, 0xff, 0xc,
    0x0, 0x0, 0x0, 0x0, 0x0, 0x0, 0x0, 0x0,
    0x48, 0xff, 0xff, 0x80, 0xf0, 0xff, 0xff, 0xff,
    0xbb, 0x0, 0x0, 0x0, 0x0, 0x0, 0x0, 0x0,
    0x0, 0x0, 0x48, 0xff, 0xff, 0x80, 0xf0, 0xff,
    0xf3, 0xb1, 0x1a, 0x0, 0x0, 0x0, 0x0, 0x0,
    0x0, 0x0, 0x0, 0x0, 0x48, 0xff, 0xff, 0x80,
    0x0, 0x0, 0x0, 0x0, 0x0, 0x0, 0x0, 0x0,
    0x0, 0x0, 0x0, 0x0, 0x0, 0x0, 0x48, 0xff,
    0xff, 0x80, 0x0, 0x0, 0x0, 0x0, 0x0, 0x0,
    0x0, 0x0, 0x0, 0x8, 0x5d, 0x1, 0x0, 0x0,
    0x48, 0xff, 0xff, 0x80, 0x0, 0x0, 0x0, 0x0,
    0x0, 0x0, 0x0, 0x0, 0x0, 0x5e, 0xff, 0xc7,
    0x34, 0x0, 0x48, 0xff, 0xff, 0x80, 0x0, 0x0,
    0x18, 0x1a, 0x0, 0x0, 0x0, 0x0, 0x27, 0xee,
    0xff, 0xff, 0xfd, 0x9b, 0x5d, 0xff, 0xff, 0x80,
    0x0, 0x0, 0x77, 0xf4, 0x96, 0x50, 0x4a, 0x84,
    0xf4, 0xff, 0xa1, 0xc9, 0xff, 0xff, 0xfd, 0xff,
    0xff, 0x80, 0x0, 0x0, 0xc7, 0xff, 0xff, 0xff,
    0xff, 0xff, 0xff, 0xc1, 0x9, 0x3, 0x76, 0xf7,
    0xff, 0xff, 0xff, 0x80, 0x0, 0x0, 0x2c, 0x96,
    0xd5, 0xf4, 0xf7, 0xd3, 0x72, 0x5, 0x0, 0x0,
    0x0, 0x26, 0xc4, 0xff, 0xff, 0x80,

    /* U+0E10 "ฐ" */
    0x0, 0x0, 0x0, 0x0, 0x0, 0x0, 0x0, 0x0,
    0x0, 0x0, 0x0, 0x0, 0x0, 0x2b, 0xf2, 0xff,
    0xef, 0x26, 0x0, 0x0, 0x0, 0x15, 0x6d, 0xb2,
    0xde, 0xf3, 0xf9, 0xe4, 0xb3, 0x61, 0x1a, 0xde,
    0xff, 0xfc, 0x46, 0x0, 0x0, 0xe, 0x91, 0xf6,
    0xff, 0xff, 0xff, 0xff, 0xff, 0xff, 0xff, 0xff,
    0xfb, 0xff, 0xff, 0x6f, 0x0, 0x0, 0x2c, 0xdf,
    0xff, 0xff, 0xfe, 0xd2, 0x9b, 0x85, 0x80, 0x9a,
    0xda, 0xff, 0xff, 0xff, 0xc3, 0x0, 0x0, 0x0,
    0x27, 0xff, 0xf6, 0x8f, 0x1d, 0x0, 0x0, 0x0,
    0x0, 0x0, 0x0, 0x52, 0xf0, 0xff, 0xfd, 0x41,
    0x0, 0x0, 0x0, 0x90, 0x28, 0x0, 0x0, 0x0,
    0x0, 0x0, 0x0, 0x0, 0x0, 0x0, 0x38, 0xfc,
    0xff, 0xd4, 0x0, 0x0, 0x0, 0x0, 0x0, 0x0,
    0x0, 0x0, 0x0, 0x0, 0x0, 0x0, 0x0, 0x0,
    0x0, 0x9c, 0xff, 0xff, 0x44, 0x0, 0x0, 0x0,
    0x0, 0x0, 0x0, 0x0, 0x0, 0x0, 0x0, 0x0,
    0x0, 0x0, 0x0, 0x3e, 0xff, 0xff, 0x8b, 0x0,
    0x0, 0x0, 0x0, 0x0, 0x0, 0x0, 0x0, 0x0,
    0x0, 0x0, 0x0, 0x0, 0x0, 0xa, 0xfd, 0xff,
    0xc2, 0x0, 0x0, 0x0, 0x6e, 0x6b, 0x4c, 0x6,
    0x0, 0x0, 0x0, 0x0, 0x0, 0x0, 0x0, 0x0,
    0xeb, 0xff, 0xd8, 0x0, 0x0, 0x0, 0xfc, 0xff,
    0xff, 0xda, 0x14, 0x0, 0x0, 0x0, 0x0, 0x0,
    0x0, 0x0, 0xe0, 0xff, 0xe7, 0x0, 0x0, 0x0,
    0xfc, 0xff, 0xff, 0xff, 0x8d, 0x0, 0x0, 0x0,
    0x0, 0x0, 0x0, 0x0, 0xeb, 0xff, 0xda, 0x0,
    0x0, 0x0, 0x0, 0x18, 0xea, 0xff, 0xdf, 0x0,
    0x0, 0x0, 0x0, 0x0, 0x0, 0x7, 0xfb, 0xff,
    0xc7, 0x0, 0x0, 0x0, 0x0, 0x0, 0xa0, 0xff,
    0xff, 0x1b, 0x0, 0x0, 0x0, 0x0, 0x0, 0x34,
    0xff, 0xff, 0x99, 0x0, 0x0, 0x0, 0x0, 0x0,
    0x65, 0xff, 0xff, 0x55, 0x0, 0x0, 0x0, 0x0,
    0x0, 0x83, 0xff, 0xff, 0x5d, 0x0, 0x0, 0x0,
    0x0, 0x0, 0x2a, 0xff, 0xff, 0x8f, 0x0, 0x0,
    0x0, 0x0, 0xd, 0xe6, 0xff, 0xf2, 0xd, 0x0,
    0x0, 0x0, 0x0, 0x0, 0x1, 0xed, 0xff, 0xc8,
    0x0, 0x0, 0x0, 0x0, 0x9a, 0xff, 0xff, 0x8c,
    0x0, 0x0, 0x0, 0x0, 0x0, 0x0, 0x0, 0xb3,
    0xff, 0xf9, 0x8, 0x0, 0x4, 0x8c, 0xff, 0xff,
    0xde, 0xb, 0x0, 0x0, 0x0, 0x0, 0x0, 0x0,
    0x0, 0x78, 0xff, 0xff, 0x8c, 0x8b, 0xdd, 0xff,
    0xff, 0xec, 0x2f, 0x0, 0x0, 0x0, 0x0, 0x0,
    0x0, 0x0, 0x0, 0x3d, 0xff, 0xff, 0xff, 0xff,
    0xff, 0xff, 0xd2, 0x2d, 0x0, 0x0, 0x0, 0x0,
    0x0, 0x0, 0x0, 0x0, 0x0, 0x8, 0xf9, 0xff,
    0xfc, 0xe5, 0xb8, 0x60, 0x5, 0x0, 0x0, 0x0,
    0x0, 0x0, 0x0, 0x0, 0x0, 0x0, 0x0, 0x0,
    0x0, 0x0, 0x0, 0x0, 0x0, 0x0, 0x0, 0x0,
    0x0, 0x0, 0x0, 0x0, 0x0, 0x0, 0x0, 0x0,
    0x0, 0x0, 0x0, 0x0, 0x0, 0x0, 0x0, 0x0,
    0x0, 0x0, 0x0, 0x0, 0x0, 0x0, 0x0, 0x0,
    0x0, 0x0, 0x0, 0x0, 0x0, 0x2, 0x10, 0x0,
    0x0, 0x0, 0x0, 0x71, 0x8c, 0x7a, 0x0, 0x0,
    0x0, 0x0, 0x0, 0x0, 0x0, 0x0, 0xc, 0xa7,
    0xd0, 0x1b, 0x0, 0x0, 0x0, 0xd0, 0xff, 0xe0,
    0x0, 0x0, 0x0, 0x0, 0x62, 0x80, 0x81, 0x9b,
    0xea, 0xff, 0xff, 0xf0, 0x9e, 0x81, 0x80, 0xe8,
    0xff, 0xe0, 0x0, 0x0, 0x0, 0x0, 0xc4, 0xff,
    0xff, 0xff, 0xff, 0xdb, 0xb3, 0xff, 0xff, 0xff,
    0xff, 0xff, 0xff, 0xe0, 0x0, 0x0, 0x0, 0x0,
    0xc4, 0xff, 0xfd, 0xe2, 0x91, 0x12, 0x5, 0x7b,
    0xdc, 0xfc, 0xff, 0xff, 0xff, 0xe0, 0x0, 0x0,

    /* U+0E11 "ฑ" */
    0x5, 0x0, 0x0, 0x0, 0x0, 0x0, 0x0, 0x0,
    0x0, 0x0, 0x0, 0x0, 0x0, 0x0, 0x0, 0x0,
    0x0, 0x0, 0x89, 0x80, 0x1b, 0xb0, 0xf5, 0xe1,
    0x56, 0x0, 0x0, 0x54, 0xb8, 0xe9, 0xf8, 0xd7,
    0x7b, 0x7, 0x0, 0x0, 0x90, 0xff, 0xf9, 0xff,
    0xff, 0xff, 0xf7, 0x1e, 0xae, 0xff, 0xff, 0xff,
    0xff, 0xff, 0xff, 0xc1, 0x7, 0x0, 0x4b, 0xe6,
    0xff, 0xb5, 0x98, 0xff, 0xff, 0xdc, 0xff, 0xff,
    0xbd, 0x7c, 0x8f, 0xeb, 0xff, 0xff, 0x81, 0x0,
    0x0, 0xa, 0x70, 0x5, 0x2, 0xf7, 0xff, 0xff,
    0xe7, 0x42, 0x0, 0x0, 0x0, 0x24, 0xf6, 0xff,
    0xec, 0x4, 0x0, 0x0, 0x0, 0x0, 0xf, 0xf9,
    0xff, 0xe9, 0x23, 0x0, 0x0, 0x0, 0x0, 0x0,
    0xaf, 0xff, 0xff, 0x30, 0x0, 0x0, 0x0, 0x0,
    0xa9, 0xff, 0xf4, 0x33, 0x0, 0x0, 0x0, 0x0,
    0x0, 0x0, 0x88, 0xff, 0xff, 0x51, 0x0, 0x0,
    0x0, 0x60, 0xff, 0xff, 0x76, 0x0, 0x0, 0x0,
    0x0, 0x0, 0x0, 0x0, 0x7d, 0xff, 0xff, 0x5e,
    0x0, 0x0, 0xa, 0xe6, 0xff, 0xd8, 0x5, 0x0,
    0x0, 0x0, 0x0, 0x0, 0x0, 0x0, 0x7c, 0xff,
    0xff, 0x60, 0x0, 0x0, 0x73, 0xff, 0xff, 0x5e,
    0x0, 0x0, 0x0, 0x0, 0x0, 0x0, 0x0, 0x0,
    0x7c, 0xff, 0xff, 0x60, 0x0, 0x0, 0xce, 0xff,
    0xf4, 0x8, 0x0, 0x0, 0x0, 0x0, 0x0, 0x0,
    0x0, 0x0, 0x7c, 0xff, 0xff, 0x60, 0x0, 0x19,
    0xff, 0xff, 0xb6, 0x0, 0x0, 0x0, 0x0, 0x0,
    0x0, 0x0, 0x0, 0x0, 0x7c, 0xff, 0xff, 0x60,
    0x0, 0x3a, 0xff, 0xff, 0x8d, 0x0, 0x0, 0x0,
    0x0, 0x0, 0x0, 0x0, 0x0, 0x0, 0x7c, 0xff,
    0xff, 0x60, 0x0, 0x4f, 0xff, 0xff, 0x80, 0x0,
    0x0, 0x0, 0x0, 0x0, 0x0, 0x0, 0x0, 0x0,
    0x7c, 0xff, 0xff, 0x60, 0x0, 0x50, 0xff, 0xff,
    0x80, 0x0, 0x0, 0x0, 0x0, 0x0, 0x0, 0x0,
    0x0, 0x0, 0x7c, 0xff, 0xff, 0x60, 0x0, 0x50,
    0xff, 0xff, 0x80, 0x0, 0x0, 0x0, 0x0, 0x0,
    0x0, 0x0, 0x0, 0x0, 0x7c, 0xff, 0xff, 0x60,
    0x0, 0x50, 0xff, 0xff, 0x80, 0x0, 0x0, 0x0,
    0x0, 0x0, 0x0, 0x0, 0x0, 0x0, 0x7c, 0xff,
    0xff, 0x60, 0x0, 0x50, 0xff, 0xff, 0x80, 0x0,
    0x0, 0x0, 0x0, 0x0, 0x0, 0x0, 0x0, 0x0,
    0x7c, 0xff, 0xff, 0x60, 0x0, 0x50, 0xff, 0xff,
    0x80, 0x0, 0x0, 0x0, 0x0, 0x0, 0x0, 0x0,
    0x0, 0x0, 0x7c, 0xff, 0xff, 0x60, 0x0, 0x50,
    0xff, 0xff, 0x80, 0x0, 0x0, 0x0, 0x0, 0x0,
    0x0, 0x0, 0x0, 0x0, 0x7c, 0xff, 0xff, 0x60,
    0x0, 0x50, 0xff, 0xff, 0x80, 0x0, 0x0, 0x0,
    0x0, 0x0, 0x0, 0x0, 0x0, 0x0, 0x7c, 0xff,
    0xff, 0x60,

    /* U+0E12 "ฒ" */
    0x0, 0x0, 0x0, 0x0, 0x0, 0x0, 0x9, 0x3f,
    0x2, 0x0, 0x0, 0x0, 0x2, 0x3f, 0x7, 0x0,
    0x0, 0x0, 0x0, 0x0, 0x0, 0x0, 0x0, 0x0,
    0x0, 0x0, 0x0, 0x0, 0x0, 0x0, 0x0, 0x0,
    0x0, 0x0, 0x0, 0xc, 0x86, 0xf4, 0xff, 0xb7,
    0x11, 0x0, 0x13, 0xb9, 0xff, 0xe9, 0x64, 0x0,
    0x0, 0x0, 0x0, 0x0, 0x0, 0x0, 0x0, 0x0,
    0x0, 0x0, 0x64, 0xff, 0xff, 0x6c, 0x0, 0x0,
    0x0, 0x1f, 0xd3, 0xff, 0xff, 0xff, 0xff, 0xdd,
    0x5a, 0xe0, 0xff, 0xff, 0xff, 0xff, 0x7e, 0x0,
    0x0, 0x0, 0x0, 0x0, 0x0, 0x0, 0x0, 0x0,
    0x0, 0x64, 0xff, 0xff, 0x6c, 0x0, 0x0, 0xf,
    0xd7, 0xff, 0xff, 0xe2, 0x80, 0xcb, 0xff, 0xff,
    0xff, 0xc5, 0x90, 0xfc, 0xff, 0xfd, 0x30, 0x0,
    0x0, 0x0, 0x0, 0x0, 0x0, 0x0, 0x0, 0x0,
    0x64, 0xff, 0xff, 0x6c, 0x0, 0x0, 0x9d, 0xff,
    0xff, 0xb6, 0xb, 0x0, 0x4, 0x7d, 0xf3, 0x77,
    0x2, 0x0, 0x78, 0xff, 0xff, 0x99, 0x0, 0x0,
    0x0, 0x0, 0x0, 0x0, 0x0, 0x0, 0x0, 0x64,
    0xff, 0xff, 0x6c, 0x0, 0x2c, 0xfd, 0xff, 0xdb,
    0xb, 0x0, 0x0, 0x0, 0x0, 0x9, 0x0, 0x0,
    0x0, 0xd, 0xfa, 0xff, 0xd5, 0x0, 0x0, 0x0,
    0x0, 0x0, 0x0, 0x0, 0x0, 0x0, 0x64, 0xff,
    0xff, 0x6c, 0x0, 0x8f, 0xff, 0xff, 0x59, 0x0,
    0x0, 0x0, 0x0, 0x0, 0x0, 0x0, 0x0, 0x0,
    0x0, 0xe1, 0xff, 0xf0, 0x0, 0x0, 0x0, 0x0,
    0x0, 0x0, 0x0, 0x0, 0x0, 0x64, 0xff, 0xff,
    0x6c, 0x0, 0xdc, 0xff, 0xf4, 0x7, 0x0, 0x0,
    0x0, 0x0, 0x0, 0x0, 0x0, 0x0, 0x0, 0x0,
    0xd8, 0xff, 0xf8, 0x0, 0x0, 0x0, 0x0, 0x0,
    0x0, 0x0, 0x0, 0x0, 0x64, 0xff, 0xff, 0x6c,
    0x11, 0xff, 0xff, 0xc0, 0x0, 0x0, 0x0, 0x0,
    0x0, 0x0, 0x0, 0x0, 0x0, 0x0, 0x0, 0xd8,
    0xff, 0xf8, 0x0, 0x0, 0x0, 0x0, 0x0, 0x0,
    0x0, 0x0, 0x0, 0x64, 0xff, 0xff, 0x6c, 0x2f,
    0xff, 0xff, 0x9d, 0x0, 0x0, 0x0, 0x0, 0x0,
    0x0, 0x0, 0x0, 0x0, 0x0, 0x0, 0xd8, 0xff,
    0xf8, 0x0, 0x0, 0x0, 0x0, 0x0, 0x0, 0x0,
    0x0, 0x0, 0x64, 0xff, 0xff, 0x6c, 0x3e, 0xff,
    0xff, 0x8f, 0x0, 0x0, 0x0, 0x0, 0x0, 0x0,
    0x0, 0x0, 0x0, 0x0, 0x0, 0xd8, 0xff, 0xf8,
    0x0, 0x0, 0x0, 0x0, 0x0, 0x0, 0x0, 0x0,
    0x0, 0x64, 0xff, 0xff, 0x6c, 0x3c, 0xff, 0xff,
    0x94, 0x0, 0x0, 0x0, 0x0, 0x0, 0x0, 0x0,
    0x0, 0x0, 0x0, 0x0, 0xd8, 0xff, 0xf8, 0x0,
    0x0, 0x0, 0x0, 0x0, 0x0, 0x0, 0x0, 0x0,
    0x64, 0xff, 0xff, 0x6c, 0x2d, 0xff, 0xff, 0xa4,
    0x0, 0x0, 0x0, 0x0, 0x0, 0x0, 0x0, 0x0,
    0x0, 0x0, 0x0, 0xd8, 0xff, 0xf8, 0x0, 0x0,
    0x0, 0x0, 0x0, 0x0, 0x0, 0x0, 0x0, 0x64,
    0xff, 0xff, 0x6c, 0x15, 0xff, 0xff, 0xcc, 0x0,
    0x0, 0x0, 0x0, 0x0, 0x0, 0x0, 0x0, 0x0,
    0x0, 0x0, 0xd8, 0xff, 0xf8, 0x0, 0x0, 0x0,
    0x0, 0x0, 0x0, 0x0, 0x0, 0x0, 0x68, 0xff,
    0xff, 0x68, 0x0, 0xe5, 0xff, 0xf9, 0xf, 0x0,
    0x0, 0x0, 0x0, 0x0, 0x0, 0x0, 0x0, 0x0,
    0x0, 0xd8, 0xff, 0xfc, 0x15, 0x0, 0x0, 0x0,
    0x0, 0x0, 0x0, 0x0, 0x0, 0x7b, 0xff, 0xff,
    0x59, 0x0, 0xa9, 0xff, 0xff, 0x6b, 0x0, 0x0,
    0x0, 0x0, 0x0, 0x0, 0x0, 0x0, 0x0, 0x0,
    0xd8, 0xff, 0xff, 0xa4, 0x0, 0x0, 0x0, 0x0,
    0x0, 0x0, 0x0, 0x0, 0xab, 0xff, 0xff, 0x39,
    0x0, 0x4a, 0xff, 0xff, 0xec, 0x1c, 0x0, 0x0,
    0x0, 0x0, 0x0, 0x0, 0x0, 0x0, 0x0, 0xd8,
    0xff, 0xff, 0xff, 0x7f, 0x0, 0x0, 0x0, 0x0,
    0x0, 0x0, 0x17, 0xf5, 0xff, 0xf7, 0x9, 0x0,
    0x2, 0xc7, 0xff, 0xff, 0xda, 0x30, 0x0, 0x0,
    0x0, 0x0, 0x0, 0x0, 0x0, 0x0, 0xd8, 0xff,
    0xfc, 0xf6, 0xff, 0xa1, 0x16, 0x0, 0x0, 0x0,
    0x14, 0xc0, 0xff, 0xff, 0xa4, 0x0, 0x0, 0x0,
    0x27, 0xec, 0xff, 0xff, 0xfe, 0xc3, 0x9e, 0xad,
    0xe2, 0x1a, 0x0, 0x0, 0x0, 0xd8, 0xff, 0xed,
    0x57, 0xff, 0xff, 0xf8, 0xbb, 0x9d, 0xb1, 0xf2,
    0xff, 0xff, 0xf5, 0x22, 0x0, 0x0, 0x0, 0x0,
    0x2b, 0xd9, 0xff, 0xff, 0xff, 0xff, 0xff, 0xff,
    0x4e, 0x0, 0x0, 0x0, 0xd8, 0xff, 0xe1, 0x0,
    0x5d, 0xf4, 0xff, 0xff, 0xff, 0xff, 0xff, 0xff,
    0xf5, 0x48, 0x0, 0x0, 0x0, 0x0, 0x0, 0x0,
    0x6, 0x68, 0xbd, 0xe9, 0xfa, 0xec, 0xc6, 0x45,
    0x0, 0x0, 0x0, 0xd8, 0xff, 0xd5, 0x0, 0x0,
    0x20, 0x89, 0xd4, 0xf3, 0xf4, 0xd6, 0x8f, 0x1c,
    0x0, 0x0, 0x0,

    /* U+0E13 "ณ" */
    0x0, 0x0, 0x0, 0x0, 0x2, 0x4d, 0xa7, 0xdf,
    0xf7, 0xf4, 0xde, 0xa6, 0x4f, 0x1, 0x0, 0x0,
    0x0, 0x0, 0x0, 0x0, 0x0, 0x0, 0x0, 0x0,
    0x0, 0xb4, 0xff, 0xff, 0x28, 0x0, 0x0, 0x0,
    0x2a, 0xca, 0xff, 0xff, 0xff, 0xff, 0xff, 0xff,
    0xff, 0xff, 0xc1, 0x14, 0x0, 0x0, 0x0, 0x0,
    0x0, 0x0, 0x0, 0x0, 0x0, 0x0, 0xb4, 0xff,
    0xff, 0x28, 0x0, 0x0, 0x40, 0xf1, 0xff, 0xff,
    0xf4, 0xab, 0x86, 0x84, 0xad, 0xf8, 0xff, 0xff,
    0xcf, 0x8, 0x0, 0x0, 0x0, 0x0, 0x0, 0x0,
    0x0, 0x0, 0x0, 0xb4, 0xff, 0xff, 0x28, 0x0,
    0x26, 0xf0, 0xff, 0xff, 0x8f, 0x11, 0x0, 0x0,
    0x0, 0x0, 0x1d, 0xce, 0xff, 0xff, 0x7e, 0x0,
    0x0, 0x0, 0x0, 0x0, 0x0, 0x0, 0x0, 0x0,
    0xb4, 0xff, 0xff, 0x28, 0x0, 0xbb, 0xff, 0xff,
    0x73, 0x0, 0x0, 0x0, 0x0, 0x0, 0x0, 0x0,
    0x1d, 0xf7, 0xff, 0xeb, 0x2, 0x0, 0x0, 0x0,
    0x0, 0x0, 0x0, 0x0, 0x0, 0xb4, 0xff, 0xff,
    0x28, 0x25, 0xff, 0xff, 0xdc, 0x1, 0x0, 0x0,
    0x0, 0x0, 0x0, 0x0, 0x0, 0x0, 0xa8, 0xff,
    0xff, 0x31, 0x0, 0x0, 0x0, 0x0, 0x0, 0x0,
    0x0, 0x0, 0xb4, 0xff, 0xff, 0x28, 0x2, 0x90,
    0xff, 0xff, 0x89, 0x0, 0x0, 0x0, 0x0, 0x0,
    0x0, 0x0, 0x0, 0x74, 0xff, 0xff, 0x54, 0x0,
    0x0, 0x0, 0x0, 0x0, 0x0, 0x0, 0x0, 0xb4,
    0xff, 0xff, 0x28, 0x0, 0x0, 0x6f, 0xfd, 0xff,
    0x9a, 0x2, 0x0, 0x0, 0x0, 0x0, 0x0, 0x0,
    0x62, 0xff, 0xff, 0x65, 0x0, 0x0, 0x0, 0x0,
    0x0, 0x0, 0x0, 0x0, 0xb4, 0xff, 0xff, 0x28,
    0x0, 0x0, 0xa, 0xc4, 0xff, 0xc4, 0x17, 0x0,
    0x0, 0x0, 0x0, 0x0, 0x0, 0x60, 0xff, 0xff,
    0x68, 0x0, 0x0, 0x0, 0x0, 0x0, 0x0, 0x0,
    0x0, 0xb4, 0xff, 0xff, 0x28, 0x0, 0x0, 0xa5,
    0xff, 0xe4, 0xd, 0x0, 0x0, 0x0, 0x0, 0x0,
    0x0, 0x0, 0x60, 0xff, 0xff, 0x68, 0x0, 0x0,
    0x0, 0x0, 0x0, 0x0, 0x0, 0x0, 0xb4, 0xff,
    0xff, 0x28, 0x0, 0x21, 0xfe, 0xff, 0x92, 0x0,
    0x0, 0x0, 0x0, 0x0, 0x0, 0x0, 0x0, 0x60,
    0xff, 0xff, 0x68, 0x0, 0x0, 0x0, 0x0, 0x0,
    0x0, 0x0, 0x0, 0xb4, 0xff, 0xff, 0x28, 0x0,
    0x4f, 0xff, 0xff, 0x79, 0x0, 0x0, 0x0, 0x0,
    0x0, 0x0, 0x0, 0x0, 0x60, 0xff, 0xff, 0x68,
    0x0, 0x0, 0x0, 0x0, 0x0, 0x0, 0x0, 0x0,
    0xb4, 0xff, 0xff, 0x28, 0x0, 0x58, 0xff, 0xff,
    0x78, 0x0, 0x0, 0x0, 0x0, 0x0, 0x0, 0x0,
    0x0, 0x60, 0xff, 0xff, 0x68, 0x0, 0x0, 0x0,
    0x0, 0x0, 0x0, 0x0, 0x0, 0xb4, 0xff, 0xff,
    0x28, 0x0, 0x58, 0xff, 0xff, 0x78, 0x0, 0x0,
    0x0, 0x0, 0x0, 0x0, 0x0, 0x0, 0x5e, 0xff,
    0xff, 0x6c, 0x0, 0x0, 0x0, 0x0, 0x0, 0x0,
    0x0, 0x0, 0xb7, 0xff, 0xff, 0x28, 0x0, 0x58,
    0xff, 0xff, 0x78, 0x0, 0x0, 0x0, 0x0, 0x0,
    0x0, 0x0, 0x0, 0x50, 0xff, 0xff, 0x87, 0x0,
    0x0, 0x0, 0x0, 0x0, 0x0, 0x0, 0x2d, 0xfa,
    0xff, 0xff, 0x28, 0x0, 0x58, 0xff, 0xff, 0x78,
    0x0, 0x0, 0x0, 0x0, 0x0, 0x0, 0x0, 0x0,
    0x2b, 0xff, 0xff, 0xc6, 0x0, 0x0, 0x0, 0x0,
    0x0, 0x0, 0x18, 0xd3, 0xff, 0xff, 0xff, 0x28,
    0x0, 0x57, 0xff, 0xff, 0x7b, 0x0, 0x0, 0x0,
    0x0, 0x0, 0x0, 0x0, 0x0, 0x1, 0xe0, 0xff,
    0xff, 0x55, 0x0, 0x0, 0x0, 0x0, 0x3b, 0xde,
    0xff, 0xff, 0xff, 0xff, 0x28, 0x0, 0x41, 0xff,
    0xff, 0xd8, 0x6d, 0x68, 0x13, 0x0, 0x0, 0x0,
    0x0, 0x0, 0x0, 0x68, 0xff, 0xff, 0xfd, 0xac,
    0x7d, 0x8c, 0xc9, 0xff, 0xff, 0xcf, 0xbb, 0xff,
    0xff, 0x28, 0x0, 0xc, 0xe6, 0xff, 0xff, 0xff,
    0xff, 0x30, 0x0, 0x0, 0x0, 0x0, 0x0, 0x0,
    0x1, 0x9d, 0xff, 0xff, 0xff, 0xff, 0xff, 0xff,
    0xff, 0xbf, 0x18, 0x9e, 0xff, 0xff, 0x28, 0x0,
    0x0, 0x34, 0xc7, 0xf8, 0xff, 0xff, 0x30, 0x0,
    0x0, 0x0, 0x0, 0x0, 0x0, 0x0, 0x0, 0x52,
    0xb8, 0xec, 0xfa, 0xe5, 0xb5, 0x58, 0x1, 0x0,
    0x8f, 0xff, 0xff, 0x28,

    /* U+0E14 "ด" */
    0x0, 0x0, 0x0, 0x0, 0x0, 0xf, 0x6b, 0xb8,
    0xe0, 0xf7, 0xf2, 0xdb, 0xa1, 0x4b, 0x0, 0x0,
    0x0, 0x0, 0x0, 0x0, 0x0, 0x0, 0x5a, 0xe9,
    0xff, 0xff, 0xff, 0xff, 0xff, 0xff, 0xff, 0xff,
    0xc0, 0x15, 0x0, 0x0, 0x0, 0x0, 0x0, 0x70,
    0xff, 0xff, 0xff, 0xe5, 0x9f, 0x82, 0x85, 0xad,
    0xf4, 0xff, 0xff, 0xd8, 0xe, 0x0, 0x0, 0x0,
    0x45, 0xff, 0xff, 0xf8, 0x69, 0x2, 0x0, 0x0,
    0x0, 0x0, 0x18, 0xbd, 0xff, 0xff, 0x9e, 0x0,
    0x0, 0x6, 0xe1, 0xff, 0xfe, 0x4a, 0x0, 0x0,
    0x0, 0x0, 0x0, 0x0, 0x0, 0xa, 0xdd, 0xff,
    0xfc, 0x22, 0x0, 0x5d, 0xff, 0xff, 0x9b, 0x0,
    0x0, 0x0, 0x0, 0x0, 0x0, 0x0, 0x0, 0x0,
    0x64, 0xff, 0xff, 0x7a, 0x0, 0xba, 0xff, 0xff,
    0x29, 0x0, 0x0, 0x0, 0x0, 0x0, 0x0, 0x0,
    0x0, 0x0, 0x19, 0xff, 0xff, 0xb5, 0x3, 0xf3,
    0xff, 0xdc, 0x0, 0x0, 0x0, 0x0, 0x0, 0x0,
    0x0, 0x0, 0x0, 0x0, 0x0, 0xf5, 0xff, 0xd0,
    0x23, 0xff, 0xff, 0xac, 0x0, 0x0, 0x0, 0x0,
    0x0, 0x0, 0x0, 0x0, 0x0, 0x0, 0x0, 0xe8,
    0xff, 0xdf, 0x36, 0xff, 0xff, 0x97, 0x0, 0x0,
    0x0, 0x0, 0x0, 0x0, 0x0, 0x0, 0x0, 0x0,
    0x0, 0xe8, 0xff, 0xe0, 0x3f, 0xff, 0xff, 0x8f,
    0x0, 0x0, 0x0, 0x0, 0x0, 0x0, 0x0, 0x0,
    0x0, 0x0, 0x0, 0xe8, 0xff, 0xe0, 0x31, 0xff,
    0xff, 0x9c, 0x0, 0x0, 0x0, 0x0, 0x0, 0x0,
    0x0, 0x0, 0x0, 0x0, 0x0, 0xe8, 0xff, 0xe0,
    0x1c, 0xff, 0xff, 0xbb, 0x0, 0x0, 0x0, 0x0,
    0x0, 0x0, 0x0, 0x0, 0x0, 0x0, 0x0, 0xe8,
    0xff, 0xe0, 0x0, 0xe8, 0xff, 0xee, 0x4, 0x0,
    0x0, 0x0, 0x0, 0x0, 0x0, 0x0, 0x0, 0x0,
    0x0, 0xe8, 0xff, 0xe0, 0x0, 0xa9, 0xff, 0xff,
    0x4f, 0x0, 0x0, 0x0, 0x0, 0x0, 0x0, 0x0,
    0x0, 0x0, 0x0, 0xe8, 0xff, 0xe0, 0x0, 0x42,
    0xff, 0xff, 0xda, 0xb, 0x0, 0x0, 0x0, 0x0,
    0x0, 0x0, 0x0, 0x0, 0x0, 0xe8, 0xff, 0xe0,
    0x0, 0x0, 0xb8, 0xff, 0xff, 0xc4, 0x1a, 0x0,
    0x0, 0x0, 0x0, 0x0, 0x0, 0x0, 0x0, 0xe8,
    0xff, 0xe0, 0x0, 0x0, 0x18, 0xdf, 0xff, 0xff,
    0xf2, 0x9f, 0x74, 0x7c, 0xac, 0x27, 0x0, 0x0,
    0x0, 0xe8, 0xff, 0xe0, 0x0, 0x0, 0x0, 0x19,
    0xc5, 0xff, 0xff, 0xff, 0xff, 0xff, 0xff, 0x62,
    0x0, 0x0, 0x0, 0xe8, 0xff, 0xe0, 0x0, 0x0,
    0x0, 0x0, 0x1, 0x55, 0xb0, 0xe6, 0xfa, 0xeb,
    0xbf, 0x43, 0x0, 0x0, 0x0, 0xe8, 0xff, 0xe0,

    /* U+0E15 "ต" */
    0x0, 0x0, 0x0, 0x0, 0x0, 0x0, 0x0, 0x14,
    0x0, 0x0, 0x0, 0x0, 0x0, 0x11, 0x2, 0x0,
    0x0, 0x0, 0x0, 0x0, 0x0, 0x0, 0x0, 0x0,
    0x52, 0xcb, 0xff, 0xa1, 0xa, 0x0, 0x0, 0x53,
    0xf0, 0xe7, 0x71, 0x2, 0x0, 0x0, 0x0, 0x0,
    0x0, 0x9, 0xa8, 0xff, 0xff, 0xff, 0xff, 0xd3,
    0x2f, 0x93, 0xff, 0xff, 0xff, 0xff, 0xad, 0x3,
    0x0, 0x0, 0x0, 0x2, 0xb2, 0xff, 0xff, 0xfc,
    0xb2, 0xdc, 0xff, 0xff, 0xff, 0xfc, 0xac, 0xf5,
    0xff, 0xff, 0x73, 0x0, 0x0, 0x0, 0x78, 0xff,
    0xff, 0xe2, 0x30, 0x0, 0xa, 0x8e, 0xfd, 0xcd,
    0x33, 0x0, 0x36, 0xfa, 0xff, 0xe6, 0x3, 0x0,
    0x18, 0xf4, 0xff, 0xf4, 0x27, 0x0, 0x0, 0x0,
    0x0, 0x27, 0x3, 0x0, 0x0, 0x0, 0xae, 0xff,
    0xff, 0x2f, 0x0, 0x79, 0xff, 0xff, 0x7d, 0x0,
    0x0, 0x0, 0x0, 0x0, 0x0, 0x0, 0x0, 0x0,
    0x0, 0x80, 0xff, 0xff, 0x50, 0x0, 0xce, 0xff,
    0xfd, 0x16, 0x0, 0x0, 0x0, 0x0, 0x0, 0x0,
    0x0, 0x0, 0x0, 0x0, 0x74, 0xff, 0xff, 0x5b,
    0x8, 0xfb, 0xff, 0xce, 0x0, 0x0, 0x0, 0x0,
    0x0, 0x0, 0x0, 0x0, 0x0, 0x0, 0x0, 0x74,
    0xff, 0xff, 0x5c, 0x2a, 0xff, 0xff, 0xa5, 0x0,
    0x0, 0x0, 0x0, 0x0, 0x0, 0x0, 0x0, 0x0,
    0x0, 0x0, 0x74, 0xff, 0xff, 0x5c, 0x3b, 0xff,
    0xff, 0x93, 0x0, 0x0, 0x0, 0x0, 0x0, 0x0,
    0x0, 0x0, 0x0, 0x0, 0x0, 0x74, 0xff, 0xff,
    0x5c, 0x3e, 0xff, 0xff, 0x91, 0x0, 0x0, 0x0,
    0x0, 0x0, 0x0, 0x0, 0x0, 0x0, 0x0, 0x0,
    0x74, 0xff, 0xff, 0x5c, 0x2f, 0xff, 0xff, 0x9e,
    0x0, 0x0, 0x0, 0x0, 0x0, 0x0, 0x0, 0x0,
    0x0, 0x0, 0x0, 0x74, 0xff, 0xff, 0x5c, 0x1a,
    0xff, 0xff, 0xc1, 0x0, 0x0, 0x0, 0x0, 0x0,
    0x0, 0x0, 0x0, 0x0, 0x0, 0x0, 0x74, 0xff,
    0xff, 0x5c, 0x0, 0xe9, 0xff, 0xf2, 0x7, 0x0,
    0x0, 0x0, 0x0, 0x0, 0x0, 0x0, 0x0, 0x0,
    0x0, 0x74, 0xff, 0xff, 0x5c, 0x0, 0xae, 0xff,
    0xff, 0x57, 0x0, 0x0, 0x0, 0x0, 0x0, 0x0,
    0x0, 0x0, 0x0, 0x0, 0x74, 0xff, 0xff, 0x5c,
    0x0, 0x4d, 0xff, 0xff, 0xdf, 0xe, 0x0, 0x0,
    0x0, 0x0, 0x0, 0x0, 0x0, 0x0, 0x0, 0x74,
    0xff, 0xff, 0x5c, 0x0, 0x2, 0xc9, 0xff, 0xff,
    0xc7, 0x1b, 0x0, 0x0, 0x0, 0x0, 0x0, 0x0,
    0x0, 0x0, 0x74, 0xff, 0xff, 0x5c, 0x0, 0x0,
    0x26, 0xeb, 0xff, 0xff, 0xf3, 0x9f, 0x74, 0x7d,
    0xae, 0x28, 0x0, 0x0, 0x0, 0x74, 0xff, 0xff,
    0x5c, 0x0, 0x0, 0x0, 0x28, 0xd5, 0xff, 0xff,
    0xff, 0xff, 0xff, 0xff, 0x66, 0x0, 0x0, 0x0,
    0x74, 0xff, 0xff, 0x5c, 0x0, 0x0, 0x0, 0x0,
    0x4, 0x62, 0xb7, 0xe7, 0xfa, 0xeb, 0xc0, 0x48,
    0x0, 0x0, 0x0, 0x74, 0xff, 0xff, 0x5c,

    /* U+0E16 "ถ" */
    0x0, 0x0, 0x0, 0x0, 0x0, 0x34, 0x94, 0xd0,
    0xef, 0xfa, 0xe9, 0xc5, 0x82, 0x1b, 0x0, 0x0,
    0x0, 0x0, 0x0, 0x0, 0x0, 0x1c, 0xb1, 0xff,
    0xff, 0xff, 0xff, 0xff, 0xff, 0xff, 0xff, 0xf9,
    0x74, 0x0, 0x0, 0x0, 0x0, 0x0, 0x34, 0xe8,
    0xff, 0xff, 0xfb, 0xb9, 0x92, 0x7e, 0x93, 0xd3,
    0xff, 0xff, 0xff, 0x82, 0x0, 0x0, 0x0, 0x21,
    0xeb, 0xff, 0xff, 0x9d, 0x1a, 0x0, 0x0, 0x0,
    0x0, 0x0, 0x54, 0xf3, 0xff, 0xfe, 0x3a, 0x0,
    0x0, 0xb7, 0xff, 0xff, 0x7a, 0x0, 0x0, 0x0,
    0x0, 0x0, 0x0, 0x0, 0x0, 0x5b, 0xff, 0xff,
    0xb4, 0x0, 0x25, 0xff, 0xff, 0xdd, 0x2, 0x0,
    0x0, 0x0, 0x0, 0x0, 0x0, 0x0, 0x0, 0x1,
    0xdf, 0xff, 0xf7, 0x8, 0x2, 0x91, 0xff, 0xff,
    0x89, 0x0, 0x0, 0x0, 0x0, 0x0, 0x0, 0x0,
    0x0, 0x0, 0xa5, 0xff, 0xff, 0x2b, 0x0, 0x0,
    0x70, 0xfd, 0xff, 0x9a, 0x2, 0x0, 0x0, 0x0,
    0x0, 0x0, 0x0, 0x0, 0x8f, 0xff, 0xff, 0x3f,
    0x0, 0x0, 0xa, 0xc4, 0xff, 0xc4, 0x17, 0x0,
    0x0, 0x0, 0x0, 0x0, 0x0, 0x0, 0x8c, 0xff,
    0xff, 0x44, 0x0, 0x0, 0xa5, 0xff, 0xe4, 0xd,
    0x0, 0x0, 0x0, 0x0, 0x0, 0x0, 0x0, 0x0,
    0x8c, 0xff, 0xff, 0x44, 0x0, 0x21, 0xfe, 0xff,
    0x92, 0x0, 0x0, 0x0, 0x0, 0x0, 0x0, 0x0,
    0x0, 0x0, 0x8c, 0xff, 0xff, 0x44, 0x0, 0x4f,
    0xff, 0xff, 0x79, 0x0, 0x0, 0x0, 0x0, 0x0,
    0x0, 0x0, 0x0, 0x0, 0x8c, 0xff, 0xff, 0x44,
    0x0, 0x58, 0xff, 0xff, 0x78, 0x0, 0x0, 0x0,
    0x0, 0x0, 0x0, 0x0, 0x0, 0x0, 0x8c, 0xff,
    0xff, 0x44, 0x0, 0x58, 0xff, 0xff, 0x78, 0x0,
    0x0, 0x0, 0x0, 0x0, 0x0, 0x0, 0x0, 0x0,
    0x8c, 0xff, 0xff, 0x44, 0x0, 0x58, 0xff, 0xff,
    0x78, 0x0, 0x0, 0x0, 0x0, 0x0, 0x0, 0x0,
    0x0, 0x0, 0x8c, 0xff, 0xff, 0x44, 0x0, 0x58,
    0xff, 0xff, 0x78, 0x0, 0x0, 0x0, 0x0, 0x0,
    0x0, 0x0, 0x0, 0x0, 0x8c, 0xff, 0xff, 0x44,
    0x0, 0x57, 0xff, 0xff, 0x7b, 0x0, 0x0, 0x0,
    0x0, 0x0, 0x0, 0x0, 0x0, 0x0, 0x8c, 0xff,
    0xff, 0x44, 0x0, 0x41, 0xff, 0xff, 0xd8, 0x6d,
    0x68, 0x13, 0x0, 0x0, 0x0, 0x0, 0x0, 0x0,
    0x8c, 0xff, 0xff, 0x44, 0x0, 0xc, 0xe6, 0xff,
    0xff, 0xff, 0xff, 0x30, 0x0, 0x0, 0x0, 0x0,
    0x0, 0x0, 0x8c, 0xff, 0xff, 0x44, 0x0, 0x0,
    0x34, 0xc7, 0xf8, 0xff, 0xff, 0x30, 0x0, 0x0,
    0x0, 0x0, 0x0, 0x0, 0x8c, 0xff, 0xff, 0x44,

    /* U+0E17 "ท" */
    0x50, 0xff, 0xff, 0x56, 0x0, 0x0, 0x17, 0x72,
    0xc3, 0xe6, 0xf9, 0xe4, 0xa7, 0x36, 0x0, 0x0,
    0x0, 0x50, 0xff, 0xff, 0x65, 0x1, 0x6a, 0xf1,
    0xff, 0xff, 0xff, 0xff, 0xff, 0xff, 0xfe, 0x71,
    0x0, 0x0, 0x50, 0xff, 0xff, 0x75, 0x9c, 0xff,
    0xff, 0xf7, 0xb3, 0x86, 0x7f, 0xb3, 0xfe, 0xff,
    0xff, 0x46, 0x0, 0x50, 0xff, 0xff, 0xef, 0xff,
    0xfe, 0x8f, 0x12, 0x0, 0x0, 0x0, 0x0, 0x56,
    0xff, 0xff, 0xd2, 0x0, 0x50, 0xff, 0xff, 0xff,
    0xf4, 0x52, 0x0, 0x0, 0x0, 0x0, 0x0, 0x0,
    0x0, 0xb9, 0xff, 0xff, 0x2f, 0x50, 0xff, 0xff,
    0xfe, 0x4d, 0x0, 0x0, 0x0, 0x0, 0x0, 0x0,
    0x0, 0x0, 0x6d, 0xff, 0xff, 0x67, 0x50, 0xff,
    0xff, 0x9b, 0x0, 0x0, 0x0, 0x0, 0x0, 0x0,
    0x0, 0x0, 0x0, 0x4b, 0xff, 0xff, 0x82, 0x50,
    0xff, 0xff, 0x80, 0x0, 0x0, 0x0, 0x0, 0x0,
    0x0, 0x0, 0x0, 0x0, 0x40, 0xff, 0xff, 0x8e,
    0x50, 0xff, 0xff, 0x80, 0x0, 0x0, 0x0, 0x0,
    0x0, 0x0, 0x0, 0x0, 0x0, 0x40, 0xff, 0xff,
    0x90, 0x50, 0xff, 0xff, 0x80, 0x0, 0x0, 0x0,
    0x0, 0x0, 0x0, 0x0, 0x0, 0x0, 0x40, 0xff,
    0xff, 0x90, 0x50, 0xff, 0xff, 0x80, 0x0, 0x0,
    0x0, 0x0, 0x0, 0x0, 0x0, 0x0, 0x0, 0x40,
    0xff, 0xff, 0x90, 0x50, 0xff, 0xff, 0x80, 0x0,
    0x0, 0x0, 0x0, 0x0, 0x0, 0x0, 0x0, 0x0,
    0x40, 0xff, 0xff, 0x90, 0x50, 0xff, 0xff, 0x80,
    0x0, 0x0, 0x0, 0x0, 0x0, 0x0, 0x0, 0x0,
    0x0, 0x40, 0xff, 0xff, 0x90, 0x50, 0xff, 0xff,
    0x80, 0x0, 0x0, 0x0, 0x0, 0x0, 0x0, 0x0,
    0x0, 0x0, 0x40, 0xff, 0xff, 0x90, 0x50, 0xff,
    0xff, 0x80, 0x0, 0x0, 0x0, 0x0, 0x0, 0x0,
    0x0, 0x0, 0x0, 0x40, 0xff, 0xff, 0x90, 0x50,
    0xff, 0xff, 0x80, 0x0, 0x0, 0x0, 0x0, 0x0,
    0x0, 0x0, 0x0, 0x0, 0x40, 0xff, 0xff, 0x90,
    0x50, 0xff, 0xff, 0x80, 0x0, 0x0, 0x0, 0x0,
    0x0, 0x0, 0x0, 0x0, 0x0, 0x40, 0xff, 0xff,
    0x90, 0x50, 0xff, 0xff, 0x80, 0x0, 0x0, 0x0,
    0x0, 0x0, 0x0, 0x0, 0x0, 0x0, 0x40, 0xff,
    0xff, 0x90, 0x50, 0xff, 0xff, 0x80, 0x0, 0x0,
    0x0, 0x0, 0x0, 0x0, 0x0, 0x0, 0x0, 0x40,
    0xff, 0xff, 0x90, 0x50, 0xff, 0xff, 0x80, 0x0,
    0x0, 0x0, 0x0, 0x0, 0x0, 0x0, 0x0, 0x0,
    0x40, 0xff, 0xff, 0x90,

    /* U+0E18 "ธ" */
    0x0, 0x0, 0x0, 0x17, 0x71, 0xb6, 0xe0, 0xf3,
    0xfc, 0xf1, 0xe0, 0xb9, 0x87, 0x3e, 0x2, 0x0,
    0x0, 0x0, 0x0, 0x73, 0xf5, 0xff, 0xff, 0xff,
    0xff, 0xff, 0xff, 0xff, 0xff, 0xff, 0xff, 0xda,
    0x38, 0x0, 0x0, 0x7d, 0xff, 0xff, 0xff, 0xc3,
    0x87, 0x6a, 0x63, 0x6e, 0x81, 0xa8, 0xe2, 0xff,
    0xff, 0x3c, 0x0, 0x16, 0xfa, 0xff, 0xec, 0x39,
    0x0, 0x0, 0x0, 0x0, 0x0, 0x0, 0x0, 0x0,
    0x30, 0x99, 0x8, 0x0, 0x50, 0xff, 0xff, 0x6f,
    0x0, 0x0, 0x0, 0x0, 0x0, 0x0, 0x0, 0x0,
    0x0, 0x0, 0x0, 0x0, 0x0, 0x57, 0xff, 0xff,
    0x61, 0x0, 0x0, 0x0, 0x0, 0x0, 0x0, 0x0,
    0x0, 0x0, 0x0, 0x0, 0x0, 0x0, 0x2e, 0xff,
    0xff, 0xd2, 0x1b, 0x0, 0x0, 0x0, 0x0, 0x0,
    0x0, 0x0, 0x0, 0x0, 0x0, 0x0, 0x0, 0x0,
    0xc1, 0xff, 0xff, 0xfc, 0xcd, 0xa6, 0x81, 0x5c,
    0x37, 0x12, 0x0, 0x0, 0x0, 0x0, 0x0, 0x0,
    0x0, 0x18, 0xc5, 0xff, 0xff, 0xff, 0xff, 0xff,
    0xff, 0xff, 0xff, 0xed, 0xc0, 0x78, 0x11, 0x0,
    0x0, 0x0, 0x0, 0x0, 0x42, 0x88, 0xb3, 0xd6,
    0xf7, 0xff, 0xff, 0xff, 0xff, 0xff, 0xff, 0xea,
    0x33, 0x0, 0x0, 0x0, 0x0, 0x0, 0x0, 0x0,
    0x0, 0x1, 0x1b, 0x3e, 0x61, 0x85, 0xc9, 0xff,
    0xff, 0xdc, 0x3, 0x3, 0x10, 0x10, 0x7, 0x0,
    0x0, 0x0, 0x0, 0x0, 0x0, 0x0, 0x0, 0x0,
    0xa5, 0xff, 0xff, 0x3b, 0x3c, 0xff, 0xff, 0x74,
    0x0, 0x0, 0x0, 0x0, 0x0, 0x0, 0x0, 0x0,
    0x0, 0x57, 0xff, 0xff, 0x5b, 0x3c, 0xff, 0xff,
    0x74, 0x0, 0x0, 0x0, 0x0, 0x0, 0x0, 0x0,
    0x0, 0x0, 0x50, 0xff, 0xff, 0x60, 0x33, 0xff,
    0xff, 0x7b, 0x0, 0x0, 0x0, 0x0, 0x0, 0x0,
    0x0, 0x0, 0x0, 0x54, 0xff, 0xff, 0x5c, 0x1d,
    0xff, 0xff, 0xa7, 0x0, 0x0, 0x0, 0x0, 0x0,
    0x0, 0x0, 0x0, 0x0, 0x73, 0xff, 0xff, 0x49,
    0x0, 0xe0, 0xff, 0xf9, 0x39, 0x0, 0x0, 0x0,
    0x0, 0x0, 0x0, 0x0, 0x10, 0xd8, 0xff, 0xff,
    0x18, 0x0, 0x70, 0xff, 0xff, 0xfd, 0xb9, 0x82,
    0x69, 0x61, 0x66, 0x78, 0xa0, 0xec, 0xff, 0xff,
    0xb5, 0x0, 0x0, 0x2, 0x94, 0xfe, 0xff, 0xff,
    0xff, 0xff, 0xff, 0xff, 0xff, 0xff, 0xff, 0xff,
    0xd1, 0x1a, 0x0, 0x0, 0x0, 0x0, 0x2f, 0x87,
    0xc0, 0xe5, 0xf5, 0xfd, 0xf7, 0xeb, 0xcd, 0x9f,
    0x55, 0x3, 0x0, 0x0,

    /* U+0E19 "น" */
    0x60, 0xff, 0xff, 0x70, 0x0, 0x0, 0x0, 0x0,
    0x0, 0x0, 0x0, 0x0, 0x0, 0x9c, 0xff, 0xff,
    0x2c, 0x60, 0xff, 0xff, 0x70, 0x0, 0x0, 0x0,
    0x0, 0x0, 0x0, 0x0, 0x0, 0x0, 0x9c, 0xff,
    0xff, 0x2c, 0x60, 0xff, 0xff, 0x70, 0x0, 0x0,
    0x0, 0x0, 0x0, 0x0, 0x0, 0x0, 0x0, 0x9c,
    0xff, 0xff, 0x2c, 0x60, 0xff, 0xff, 0x70, 0x0,
    0x0, 0x0, 0x0, 0x0, 0x0, 0x0, 0x0, 0x0,
    0x9c, 0xff, 0xff, 0x2c, 0x60, 0xff, 0xff, 0x70,
    0x0, 0x0, 0x0, 0x0, 0x0, 0x0, 0x0, 0x0,
    0x0, 0x9c, 0xff, 0xff, 0x2c, 0x60, 0xff, 0xff,
    0x70, 0x0, 0x0, 0x0, 0x0, 0x0, 0x0, 0x0,
    0x0, 0x0, 0x9c, 0xff, 0xff, 0x2c, 0x60, 0xff,
    0xff, 0x70, 0x0, 0x0, 0x0, 0x0, 0x0, 0x0,
    0x0, 0x0, 0x0, 0x9c, 0xff, 0xff, 0x2c, 0x60,
    0xff, 0xff, 0x70, 0x0, 0x0, 0x0, 0x0, 0x0,
    0x0, 0x0, 0x0, 0x0, 0x9c, 0xff, 0xff, 0x2c,
    0x60, 0xff, 0xff, 0x70, 0x0, 0x0, 0x0, 0x0,
    0x0, 0x0, 0x0, 0x0, 0x0, 0x9c, 0xff, 0xff,
    0x2c, 0x60, 0xff, 0xff, 0x70, 0x0, 0x0, 0x0,
    0x0, 0x0, 0x0, 0x0, 0x0, 0x0, 0x9c, 0xff,
    0xff, 0x2c, 0x60, 0xff, 0xff, 0x70, 0x0, 0x0,
    0x0, 0x0, 0x0, 0x0, 0x0, 0x0, 0x0, 0x9c,
    0xff, 0xff, 0x2c, 0x60, 0xff, 0xff, 0x70, 0x0,
    0x0, 0x0, 0x0, 0x0, 0x0, 0x0, 0x0, 0x0,
    0x9c, 0xff, 0xff, 0x2c, 0x5f, 0xff, 0xff, 0x70,
    0x0, 0x0, 0x0, 0x0, 0x0, 0x0, 0x0, 0x0,
    0x0, 0x9c, 0xff, 0xff, 0x2c, 0x54, 0xff, 0xff,
    0x7a, 0x0, 0x0, 0x0, 0x0, 0x0, 0x0, 0x0,
    0x0, 0x0, 0xb5, 0xff, 0xff, 0x2c, 0x3e, 0xff,
    0xff, 0x9e, 0x0, 0x0, 0x0, 0x0, 0x0, 0x0,
    0x0, 0x0, 0x45, 0xff, 0xff, 0xff, 0x2c, 0xe,
    0xfd, 0xff, 0xe7, 0x6, 0x0, 0x0, 0x0, 0x0,
    0x0, 0x0, 0x31, 0xe9, 0xff, 0xff, 0xff, 0x2c,
    0x0, 0xb7, 0xff, 0xff, 0x99, 0x3, 0x0, 0x0,
    0x0, 0x1, 0x5a, 0xf1, 0xff, 0xf2, 0xff, 0xff,
    0x2c, 0x0, 0x38, 0xfd, 0xff, 0xff, 0xdd, 0x93,
    0x7c, 0x91, 0xd9, 0xff, 0xff, 0xab, 0x93, 0xff,
    0xff, 0x2c, 0x0, 0x0, 0x64, 0xfc, 0xff, 0xff,
    0xff, 0xff, 0xff, 0xff, 0xff, 0x94, 0x8, 0x86,
    0xff, 0xff, 0x2c, 0x0, 0x0, 0x0, 0x2b, 0x9c,
    0xdd, 0xf7, 0xf1, 0xd6, 0x96, 0x35, 0x0, 0x0,
    0x7a, 0xff, 0xff, 0x2c,

    /* U+0E1A "บ" */
    0x60, 0xff, 0xff, 0x70, 0x0, 0x0, 0x0, 0x0,
    0x0, 0x0, 0x0, 0x0, 0x0, 0x9c, 0xff, 0xff,
    0x2c, 0x60, 0xff, 0xff, 0x70, 0x0, 0x0, 0x0,
    0x0, 0x0, 0x0, 0x0, 0x0, 0x0, 0x9c, 0xff,
    0xff, 0x2c, 0x60, 0xff, 0xff, 0x70, 0x0, 0x0,
    0x0, 0x0, 0x0, 0x0, 0x0, 0x0, 0x0, 0x9c,
    0xff, 0xff, 0x2c, 0x60, 0xff, 0xff, 0x70, 0x0,
    0x0, 0x0, 0x0, 0x0, 0x0, 0x0, 0x0, 0x0,
    0x9c, 0xff, 0xff, 0x2c, 0x60, 0xff, 0xff, 0x70,
    0x0, 0x0, 0x0, 0x0, 0x0, 0x0, 0x0, 0x0,
    0x0, 0x9c, 0xff, 0xff, 0x2c, 0x60, 0xff, 0xff,
    0x70, 0x0, 0x0, 0x0, 0x0, 0x0, 0x0, 0x0,
    0x0, 0x0, 0x9c, 0xff, 0xff, 0x2c, 0x60, 0xff,
    0xff, 0x70, 0x0, 0x0, 0x0, 0x0, 0x0, 0x0,
    0x0, 0x0, 0x0, 0x9c, 0xff, 0xff, 0x2c, 0x60,
    0xff, 0xff, 0x70, 0x0, 0x0, 0x0, 0x0, 0x0,
    0x0, 0x0, 0x0, 0x0, 0x9c, 0xff, 0xff, 0x2c,
    0x60, 0xff, 0xff, 0x70, 0x0, 0x0, 0x0, 0x0,
    0x0, 0x0, 0x0, 0x0, 0x0, 0x9c, 0xff, 0xff,
    0x2c, 0x60, 0xff, 0xff, 0x70, 0x0, 0x0, 0x0,
    0x0, 0x0, 0x0, 0x0, 0x0, 0x0, 0x9c, 0xff,
    0xff, 0x2c, 0x60, 0xff, 0xff, 0x70, 0x0, 0x0,
    0x0, 0x0, 0x0, 0x0, 0x0, 0x0, 0x0, 0x9c,
    0xff, 0xff, 0x2c, 0x60, 0xff, 0xff, 0x70, 0x0,
    0x0, 0x0, 0x0, 0x0, 0x0, 0x0, 0x0, 0x0,
    0x9c, 0xff, 0xff, 0x2c, 0x5d, 0xff, 0xff, 0x72,
    0x0, 0x0, 0x0, 0x0, 0x0, 0x0, 0x0, 0x0,
    0x0, 0x9e, 0xff, 0xff, 0x29, 0x4d, 0xff, 0xff,
    0x85, 0x0, 0x0, 0x0, 0x0, 0x0, 0x0, 0x0,
    0x0, 0x0, 0xb1, 0xff, 0xff, 0x18, 0x2b, 0xff,
    0xff, 0xbd, 0x0, 0x0, 0x0, 0x0, 0x0, 0x0,
    0x0, 0x0, 0x2, 0xe7, 0xff, 0xf3, 0x3, 0x1,
    0xe8, 0xff, 0xfe, 0x33, 0x0, 0x0, 0x0, 0x0,
    0x0, 0x0, 0x0, 0x5e, 0xff, 0xff, 0xb4, 0x0,
    0x0, 0x7b, 0xff, 0xff, 0xe1, 0x31, 0x0, 0x0,
    0x0, 0x0, 0x0, 0x4c, 0xf2, 0xff, 0xff, 0x47,
    0x0, 0x0, 0x8, 0xcc, 0xff, 0xff, 0xfe, 0xbe,
    0x89, 0x7c, 0x8f, 0xcd, 0xff, 0xff, 0xff, 0x9f,
    0x0, 0x0, 0x0, 0x0, 0x14, 0xb8, 0xff, 0xff,
    0xff, 0xff, 0xff, 0xff, 0xff, 0xff, 0xfe, 0x93,
    0x6, 0x0, 0x0, 0x0, 0x0, 0x0, 0x0, 0x42,
    0x9d, 0xd6, 0xf1, 0xfb, 0xed, 0xcc, 0x8f, 0x2b,
    0x0, 0x0, 0x0, 0x0,

    /* U+0E1B "ป" */
    0x0, 0x0, 0x0, 0x0, 0x0, 0x0, 0x0, 0x0,
    0x0, 0x0, 0x0, 0x0, 0x0, 0x9c, 0xff, 0xff,
    0x2c, 0x0, 0x0, 0x0, 0x0, 0x0, 0x0, 0x0,
    0x0, 0x0, 0x0, 0x0, 0x0, 0x0, 0x9c, 0xff,
    0xff, 0x2c, 0x0, 0x0, 0x0, 0x0, 0x0, 0x0,
    0x0, 0x0, 0x0, 0x0, 0x0, 0x0, 0x0, 0x9c,
    0xff, 0xff, 0x2c, 0x0, 0x0, 0x0, 0x0, 0x0,
    0x0, 0x0, 0x0, 0x0, 0x0, 0x0, 0x0, 0x0,
    0x9c, 0xff, 0xff, 0x2c, 0x0, 0x0, 0x0, 0x0,
    0x0, 0x0, 0x0, 0x0, 0x0, 0x0, 0x0, 0x0,
    0x0, 0x9c, 0xff, 0xff, 0x2c, 0x0, 0x0, 0x0,
    0x0, 0x0, 0x0, 0x0, 0x0, 0x0, 0x0, 0x0,
    0x0, 0x0, 0x9c, 0xff, 0xff, 0x2c, 0x60, 0xff,
    0xff, 0x70, 0x0, 0x0, 0x0, 0x0, 0x0, 0x0,
    0x0, 0x0, 0x0, 0x9c, 0xff, 0xff, 0x2c, 0x60,
    0xff, 0xff, 0x70, 0x0, 0x0, 0x0, 0x0, 0x0,
    0x0, 0x0, 0x0, 0x0, 0x9c, 0xff, 0xff, 0x2c,
    0x60, 0xff, 0xff, 0x70, 0x0, 0x0, 0x0, 0x0,
    0x0, 0x0, 0x0, 0x0, 0x0, 0x9c, 0xff, 0xff,
    0x2c, 0x60, 0xff, 0xff, 0x70, 0x0, 0x0, 0x0,
    0x0, 0x0, 0x0, 0x0, 0x0, 0x0, 0x9c, 0xff,
    0xff, 0x2c, 0x60, 0xff, 0xff, 0x70, 0x0, 0x0,
    0x0, 0x0, 0x0, 0x0, 0x0, 0x0, 0x0, 0x9c,
    0xff, 0xff, 0x2c, 0x60, 0xff, 0xff, 0x70, 0x0,
    0x0, 0x0, 0x0, 0x0, 0x0, 0x0, 0x0, 0x0,
    0x9c, 0xff, 0xff, 0x2c, 0x60, 0xff, 0xff, 0x70,
    0x0, 0x0, 0x0, 0x0, 0x0, 0x0, 0x0, 0x0,
    0x0, 0x9c, 0xff, 0xff, 0x2c, 0x60, 0xff, 0xff,
    0x70, 0x0, 0x0, 0x0, 0x0, 0x0, 0x0, 0x0,
    0x0, 0x0, 0x9c, 0xff, 0xff, 0x2c, 0x60, 0xff,
    0xff, 0x70, 0x0, 0x0, 0x0, 0x0, 0x0, 0x0,
    0x0, 0x0, 0x0, 0x9c, 0xff, 0xff, 0x2c, 0x60,
    0xff, 0xff, 0x70, 0x0, 0x0, 0x0, 0x0, 0x0,
    0x0, 0x0, 0x0, 0x0, 0x9c, 0xff, 0xff, 0x2c,
    0x60, 0xff, 0xff, 0x70, 0x0, 0x0, 0x0, 0x0,
    0x0, 0x0, 0x0, 0x0, 0x0, 0x9c, 0xff, 0xff,
    0x2c, 0x60, 0xff, 0xff, 0x70, 0x0, 0x0, 0x0,
    0x0, 0x0, 0x0, 0x0, 0x0, 0x0, 0x9c, 0xff,
    0xff, 0x2c, 0x5d, 0xff, 0xff, 0x72, 0x0, 0x0,
    0x0, 0x0, 0x0, 0x0, 0x0, 0x0, 0x0, 0x9d,
    0xff, 0xff, 0x2a, 0x4d, 0xff, 0xff, 0x85, 0x0,
    0x0, 0x0, 0x0, 0x0, 0x0, 0x0, 0x0, 0x0,
    0xae, 0xff, 0xff, 0x1b, 0x2b, 0xff, 0xff, 0xbd,
    0x0, 0x0, 0x0, 0x0, 0x0, 0x0, 0x0, 0x0,
    0x1, 0xe1, 0xff, 0xf7, 0x6, 0x1, 0xe8, 0xff,
    0xfe, 0x33, 0x0, 0x0, 0x0, 0x0, 0x0, 0x0,
    0x0, 0x53, 0xff, 0xff, 0xbd, 0x0, 0x0, 0x7b,
    0xff, 0xff, 0xe1, 0x31, 0x0, 0x0, 0x0, 0x0,
    0x0, 0x45, 0xee, 0xff, 0xff, 0x51, 0x0, 0x0,
    0x8, 0xcc, 0xff, 0xff, 0xfe, 0xbe, 0x89, 0x7c,
    0x8e, 0xc9, 0xff, 0xff, 0xff, 0xac, 0x1, 0x0,
    0x0, 0x0, 0x14, 0xb8, 0xff, 0xff, 0xff, 0xff,
    0xff, 0xff, 0xff, 0xff, 0xff, 0x9b, 0x8, 0x0,
    0x0, 0x0, 0x0, 0x0, 0x0, 0x42, 0x9d, 0xd6,
    0xf1, 0xfb, 0xed, 0xce, 0x92, 0x2f, 0x0, 0x0,
    0x0, 0x0,

    /* U+0E1C "ผ" */
    0x0, 0x2b, 0xc1, 0xf6, 0xff, 0xd8, 0x0, 0x0,
    0x0, 0x0, 0x0, 0x0, 0x0, 0x0, 0x0, 0xb0,
    0xff, 0xff, 0x6, 0xdd, 0xff, 0xff, 0xff, 0xd8,
    0x0, 0x0, 0x0, 0x0, 0x0, 0x0, 0x0, 0x0,
    0x0, 0xb0, 0xff, 0xff, 0x36, 0xff, 0xff, 0xde,
    0x7e, 0x65, 0x0, 0x0, 0x0, 0x0, 0x0, 0x0,
    0x0, 0x0, 0x0, 0xb0, 0xff, 0xff, 0x4f, 0xff,
    0xff, 0x76, 0x0, 0x0, 0x0, 0x0, 0x0, 0x0,
    0x0, 0x0, 0x0, 0x0, 0x0, 0xb0, 0xff, 0xff,
    0x50, 0xff, 0xff, 0x70, 0x0, 0x0, 0x0, 0x0,
    0x0, 0x0, 0x0, 0x0, 0x0, 0x0, 0x0, 0xb0,
    0xff, 0xff, 0x50, 0xff, 0xff, 0x70, 0x0, 0x0,
    0x0, 0x0, 0x57, 0x6c, 0x46, 0x0, 0x0, 0x0,
    0x0, 0xb0, 0xff, 0xff, 0x50, 0xff, 0xff, 0x70,
    0x0, 0x0, 0x0, 0x2e, 0xfe, 0xff, 0xf0, 0x10,
    0x0, 0x0, 0x0, 0xb0, 0xff, 0xff, 0x50, 0xff,
    0xff, 0x70, 0x0, 0x0, 0x0, 0xb1, 0xff, 0xfb,
    0xff, 0x7f, 0x0, 0x0, 0x0, 0xb0, 0xff, 0xff,
    0x50, 0xff, 0xff, 0x70, 0x0, 0x0, 0x34, 0xff,
    0xff, 0x87, 0xff, 0xef, 0xf, 0x0, 0x0, 0xb0,
    0xff, 0xff, 0x50, 0xff, 0xff, 0x70, 0x0, 0x0,
    0xb8, 0xff, 0xde, 0xe, 0xf4, 0xff, 0x7e, 0x0,
    0x0, 0xb0, 0xff, 0xff, 0x50, 0xff, 0xff, 0x70,
    0x0, 0x3b, 0xff, 0xff, 0x77, 0x0, 0x95, 0xff,
    0xee, 0xe, 0x0, 0xb0, 0xff, 0xff, 0x50, 0xff,
    0xff, 0x6e, 0x0, 0xbe, 0xff, 0xee, 0xe, 0x0,
    0x21, 0xfb, 0xff, 0x7c, 0x0, 0xaf, 0xff, 0xff,
    0x50, 0xff, 0xff, 0x6b, 0x41, 0xff, 0xff, 0x7b,
    0x0, 0x0, 0x0, 0xa0, 0xff, 0xed, 0xd, 0xac,
    0xff, 0xff, 0x50, 0xff, 0xff, 0x62, 0xb8, 0xff,
    0xed, 0xd, 0x0, 0x0, 0x0, 0x26, 0xfd, 0xff,
    0x75, 0xa6, 0xff, 0xff, 0x50, 0xff, 0xff, 0x70,
    0xfd, 0xff, 0x79, 0x0, 0x0, 0x0, 0x0, 0x0,
    0xa6, 0xff, 0xda, 0x9a, 0xff, 0xff, 0x50, 0xff,
    0xff, 0xb0, 0xff, 0xec, 0xc, 0x0, 0x0, 0x0,
    0x0, 0x0, 0x2b, 0xfe, 0xff, 0xba, 0xff, 0xff,
    0x50, 0xff, 0xff, 0xe7, 0xff, 0x77, 0x0, 0x0,
    0x0, 0x0, 0x0, 0x0, 0x0, 0xad, 0xff, 0xed,
    0xff, 0xff, 0x50, 0xff, 0xff, 0xff, 0xea, 0xb,
    0x0, 0x0, 0x0, 0x0, 0x0, 0x0, 0x0, 0x31,
    0xff, 0xff, 0xff, 0xff, 0x50, 0xff, 0xff, 0xff,
    0x75, 0x0, 0x0, 0x0, 0x0, 0x0, 0x0, 0x0,
    0x0, 0x0, 0xb3, 0xff, 0xff, 0xff, 0x50, 0xff,
    0xff, 0xe9, 0xa, 0x0, 0x0, 0x0, 0x0, 0x0,
    0x0, 0x0, 0x0, 0x0, 0x36, 0xff, 0xff, 0xff,

    /* U+0E1D "ฝ" */
    0x0, 0x0, 0x0, 0x0, 0x0, 0x0, 0x0, 0x0,
    0x0, 0x0, 0x0, 0x0, 0x0, 0x0, 0x0, 0xb0,
    0xff, 0xff, 0x0, 0x0, 0x0, 0x0, 0x0, 0x0,
    0x0, 0x0, 0x0, 0x0, 0x0, 0x0, 0x0, 0x0,
    0x0, 0xb0, 0xff, 0xff, 0x0, 0x0, 0x0, 0x0,
    0x0, 0x0, 0x0, 0x0, 0x0, 0x0, 0x0, 0x0,
    0x0, 0x0, 0x0, 0xb0, 0xff, 0xff, 0x0, 0x0,
    0x0, 0x0, 0x0, 0x0, 0x0, 0x0, 0x0, 0x0,
    0x0, 0x0, 0x0, 0x0, 0x0, 0xb0, 0xff, 0xff,
    0x0, 0x0, 0x0, 0x0, 0x0, 0x0, 0x0, 0x0,
    0x0, 0x0, 0x0, 0x0, 0x0, 0x0, 0x0, 0xb0,
    0xff, 0xff, 0x0, 0x0, 0x0, 0x0, 0x0, 0x0,
    0x0, 0x0, 0x0, 0x0, 0x0, 0x0, 0x0, 0x0,
    0x0, 0xb0, 0xff, 0xff, 0x0, 0x2b, 0xc1, 0xf6,
    0xff, 0xd8, 0x0, 0x0, 0x0, 0x0, 0x0, 0x0,
    0x0, 0x0, 0x0, 0xb0, 0xff, 0xff, 0x6, 0xdd,
    0xff, 0xff, 0xff, 0xd8, 0x0, 0x0, 0x0, 0x0,
    0x0, 0x0, 0x0, 0x0, 0x0, 0xb0, 0xff, 0xff,
    0x36, 0xff, 0xff, 0xde, 0x7e, 0x65, 0x0, 0x0,
    0x0, 0x0, 0x0, 0x0, 0x0, 0x0, 0x0, 0xb0,
    0xff, 0xff, 0x4f, 0xff, 0xff, 0x76, 0x0, 0x0,
    0x0, 0x0, 0x0, 0x0, 0x0, 0x0, 0x0, 0x0,
    0x0, 0xb0, 0xff, 0xff, 0x50, 0xff, 0xff, 0x70,
    0x0, 0x0, 0x0, 0x0, 0x0, 0x0, 0x0, 0x0,
    0x0, 0x0, 0x0, 0xb0, 0xff, 0xff, 0x50, 0xff,
    0xff, 0x70, 0x0, 0x0, 0x0, 0x0, 0x57, 0x6c,
    0x46, 0x0, 0x0, 0x0, 0x0, 0xb0, 0xff, 0xff,
    0x50, 0xff, 0xff, 0x70, 0x0, 0x0, 0x0, 0x2e,
    0xfe, 0xff, 0xf0, 0x10, 0x0, 0x0, 0x0, 0xb0,
    0xff, 0xff, 0x50, 0xff, 0xff, 0x70, 0x0, 0x0,
    0x0, 0xb1, 0xff, 0xfb, 0xff, 0x7f, 0x0, 0x0,
    0x0, 0xb0, 0xff, 0xff, 0x50, 0xff, 0xff, 0x70,
    0x0, 0x0, 0x34, 0xff, 0xff, 0x87, 0xff, 0xef,
    0xf, 0x0, 0x0, 0xb0, 0xff, 0xff, 0x50, 0xff,
    0xff, 0x70, 0x0, 0x0, 0xb8, 0xff, 0xde, 0xe,
    0xf4, 0xff, 0x7e, 0x0, 0x0, 0xb0, 0xff, 0xff,
    0x50, 0xff, 0xff, 0x70, 0x0, 0x3b, 0xff, 0xff,
    0x77, 0x0, 0x95, 0xff, 0xee, 0xe, 0x0, 0xb0,
    0xff, 0xff, 0x50, 0xff, 0xff, 0x6e, 0x0, 0xbe,
    0xff, 0xee, 0xe, 0x0, 0x21, 0xfb, 0xff, 0x7c,
    0x0, 0xaf, 0xff, 0xff, 0x50, 0xff, 0xff, 0x6b,
    0x41, 0xff, 0xff, 0x7b, 0x0, 0x0, 0x0, 0xa0,
    0xff, 0xed, 0xd, 0xad, 0xff, 0xff, 0x50, 0xff,
    0xff, 0x62, 0xb8, 0xff, 0xed, 0xd, 0x0, 0x0,
    0x0, 0x26, 0xfd, 0xff, 0x75, 0xa7, 0xff, 0xff,
    0x50, 0xff, 0xff, 0x70, 0xfd, 0xff, 0x79, 0x0,
    0x0, 0x0, 0x0, 0x0, 0xa6, 0xff, 0xda, 0x9b,
    0xff, 0xff, 0x50, 0xff, 0xff, 0xb0, 0xff, 0xec,
    0xc, 0x0, 0x0, 0x0, 0x0, 0x0, 0x2b, 0xfe,
    0xff, 0xba, 0xff, 0xff, 0x50, 0xff, 0xff, 0xe7,
    0xff, 0x77, 0x0, 0x0, 0x0, 0x0, 0x0, 0x0,
    0x0, 0xad, 0xff, 0xee, 0xff, 0xff, 0x50, 0xff,
    0xff, 0xff, 0xea, 0xb, 0x0, 0x0, 0x0, 0x0,
    0x0, 0x0, 0x0, 0x31, 0xff, 0xff, 0xff, 0xff,
    0x50, 0xff, 0xff, 0xff, 0x75, 0x0, 0x0, 0x0,
    0x0, 0x0, 0x0, 0x0, 0x0, 0x0, 0xb3, 0xff,
    0xff, 0xff, 0x50, 0xff, 0xff, 0xe9, 0xa, 0x0,
    0x0, 0x0, 0x0, 0x0, 0x0, 0x0, 0x0, 0x0,
    0x36, 0xff, 0xff, 0xff,

    /* U+0E1E "พ" */
    0xac, 0xff, 0xff, 0x33, 0x0, 0x0, 0x0, 0x0,
    0x0, 0x0, 0x0, 0x0, 0x0, 0x0, 0x0, 0x0,
    0x0, 0x0, 0x0, 0xcc, 0xff, 0xfd, 0x9, 0x83,
    0xff, 0xff, 0x5b, 0x0, 0x0, 0x0, 0x0, 0x0,
    0x31, 0xff, 0xff, 0x8f, 0x0, 0x0, 0x0, 0x0,
    0x0, 0x0, 0xf2, 0xff, 0xdd, 0x0, 0x5a, 0xff,
    0xff, 0x83, 0x0, 0x0, 0x0, 0x0, 0x0, 0x81,
    0xff, 0xff, 0xe0, 0x0, 0x0, 0x0, 0x0, 0x0,
    0x1b, 0xff, 0xff, 0xb4, 0x0, 0x31, 0xff, 0xff,
    0xab, 0x0, 0x0, 0x0, 0x0, 0x0, 0xd1, 0xff,
    0xfe, 0xff, 0x31, 0x0, 0x0, 0x0, 0x0, 0x43,
    0xff, 0xff, 0x8b, 0x0, 0x9, 0xfe, 0xff, 0xd3,
    0x0, 0x0, 0x0, 0x0, 0x21, 0xff, 0xff, 0xc4,
    0xff, 0x82, 0x0, 0x0, 0x0, 0x0, 0x6b, 0xff,
    0xff, 0x62, 0x0, 0x0, 0xdf, 0xff, 0xf8, 0x2,
    0x0, 0x0, 0x0, 0x72, 0xff, 0xeb, 0x8a, 0xff,
    0xd3, 0x0, 0x0, 0x0, 0x0, 0x92, 0xff, 0xff,
    0x39, 0x0, 0x0, 0xb6, 0xff, 0xff, 0x23, 0x0,
    0x0, 0x0, 0xc3, 0xff, 0xc4, 0x60, 0xff, 0xff,
    0x24, 0x0, 0x0, 0x0, 0xba, 0xff, 0xff, 0x11,
    0x0, 0x0, 0x8d, 0xff, 0xff, 0x4b, 0x0, 0x0,
    0x16, 0xfd, 0xff, 0x8a, 0x24, 0xff, 0xff, 0x75,
    0x0, 0x0, 0x0, 0xe2, 0xff, 0xe7, 0x0, 0x0,
    0x0, 0x64, 0xff, 0xff, 0x73, 0x0, 0x0, 0x64,
    0xff, 0xff, 0x48, 0x0, 0xe3, 0xff, 0xc6, 0x0,
    0x0, 0xa, 0xfe, 0xff, 0xbe, 0x0, 0x0, 0x0,
    0x3b, 0xff, 0xff, 0x9b, 0x0, 0x0, 0xb4, 0xff,
    0xf5, 0xa, 0x0, 0x9c, 0xff, 0xfe, 0x18, 0x0,
    0x31, 0xff, 0xff, 0x95, 0x0, 0x0, 0x0, 0x12,
    0xff, 0xff, 0xc3, 0x0, 0xc, 0xf8, 0xff, 0xac,
    0x0, 0x0, 0x4a, 0xff, 0xff, 0x67, 0x0, 0x59,
    0xff, 0xff, 0x6c, 0x0, 0x0, 0x0, 0x0, 0xe9,
    0xff, 0xeb, 0x0, 0x53, 0xff, 0xff, 0x59, 0x0,
    0x0, 0x6, 0xf0, 0xff, 0xb5, 0x0, 0x7f, 0xff,
    0xff, 0x43, 0x0, 0x0, 0x0, 0x0, 0xc0, 0xff,
    0xff, 0xc, 0x99, 0xff, 0xf8, 0xd, 0x0, 0x0,
    0x0, 0xa3, 0xff, 0xf2, 0x3, 0xa3, 0xff, 0xff,
    0x1a, 0x0, 0x0, 0x0, 0x0, 0x97, 0xff, 0xff,
    0x2a, 0xd5, 0xff, 0xb2, 0x0, 0x0, 0x0, 0x0,
    0x50, 0xff, 0xff, 0x34, 0xc5, 0xff, 0xf1, 0x0,
    0x0, 0x0, 0x0, 0x0, 0x6e, 0xff, 0xff, 0x52,
    0xfe, 0xff, 0x5e, 0x0, 0x0, 0x0, 0x0, 0x9,
    0xf4, 0xff, 0x69, 0xe2, 0xff, 0xc8, 0x0, 0x0,
    0x0, 0x0, 0x0, 0x45, 0xff, 0xff, 0x98, 0xff,
    0xfa, 0x10, 0x0, 0x0, 0x0, 0x0, 0x0, 0xaa,
    0xff, 0x94, 0xf4, 0xff, 0x9f, 0x0, 0x0, 0x0,
    0x0, 0x0, 0x1c, 0xff, 0xff, 0xd6, 0xff, 0xb7,
    0x0, 0x0, 0x0, 0x0, 0x0, 0x0, 0x57, 0xff,
    0xc6, 0xff, 0xff, 0x76, 0x0, 0x0, 0x0, 0x0,
    0x0, 0x0, 0xf2, 0xff, 0xff, 0xff, 0x64, 0x0,
    0x0, 0x0, 0x0, 0x0, 0x0, 0xc, 0xf7, 0xff,
    0xff, 0xff, 0x4d, 0x0, 0x0, 0x0, 0x0, 0x0,
    0x0, 0xca, 0xff, 0xff, 0xfc, 0x14, 0x0, 0x0,
    0x0, 0x0, 0x0, 0x0, 0x0, 0xb1, 0xff, 0xff,
    0xff, 0x24, 0x0, 0x0, 0x0, 0x0, 0x0, 0x0,
    0xa1, 0xff, 0xff, 0xbd, 0x0, 0x0, 0x0, 0x0,
    0x0, 0x0, 0x0, 0x0, 0x5e, 0xff, 0xff, 0xf9,
    0x3, 0x0, 0x0, 0x0,

    /* U+0E1F "ฟ" */
    0x0, 0x0, 0x0, 0x0, 0x0, 0x0, 0x0, 0x0,
    0x0, 0x0, 0x0, 0x0, 0x0, 0x0, 0x0, 0x0,
    0x0, 0x0, 0x0, 0x9a, 0xff, 0xff, 0xd, 0x0,
    0x0, 0x0, 0x0, 0x0, 0x0, 0x0, 0x0, 0x0,
    0x0, 0x0, 0x0, 0x0, 0x0, 0x0, 0x0, 0x0,
    0x0, 0x0, 0xb5, 0xff, 0xf0, 0x0, 0x0, 0x0,
    0x0, 0x0, 0x0, 0x0, 0x0, 0x0, 0x0, 0x0,
    0x0, 0x0, 0x0, 0x0, 0x0, 0x0, 0x0, 0x0,
    0x0, 0xd0, 0xff, 0xd3, 0x0, 0x0, 0x0, 0x0,
    0x0, 0x0, 0x0, 0x0, 0x0, 0x0, 0x0, 0x0,
    0x0, 0x0, 0x0, 0x0, 0x0, 0x0, 0x0, 0x0,
    0xeb, 0xff, 0xb6, 0x0, 0x0, 0x0, 0x0, 0x0,
    0x0, 0x0, 0x0, 0x0, 0x0, 0x0, 0x0, 0x0,
    0x0, 0x0, 0x0, 0x0, 0x0, 0x0, 0x7, 0xff,
    0xff, 0x9a, 0x0, 0x0, 0x0, 0x0, 0x0, 0x0,
    0x0, 0x0, 0x0, 0x0, 0x0, 0x0, 0x0, 0x0,
    0x0, 0x0, 0x0, 0x0, 0x0, 0x21, 0xff, 0xff,
    0x7d, 0x0, 0xac, 0xff, 0xff, 0x33, 0x0, 0x0,
    0x0, 0x0, 0x0, 0x0, 0x0, 0x0, 0x0, 0x0,
    0x0, 0x0, 0x0, 0x0, 0x3c, 0xff, 0xff, 0x60,
    0x0, 0x83, 0xff, 0xff, 0x5b, 0x0, 0x0, 0x0,
    0x0, 0x0, 0x24, 0xff, 0xff, 0x91, 0x0, 0x0,
    0x0, 0x0, 0x0, 0x57, 0xff, 0xff, 0x43, 0x0,
    0x5a, 0xff, 0xff, 0x83, 0x0, 0x0, 0x0, 0x0,
    0x0, 0x75, 0xff, 0xff, 0xe3, 0x1, 0x0, 0x0,
    0x0, 0x0, 0x72, 0xff, 0xff, 0x27, 0x0, 0x31,
    0xff, 0xff, 0xab, 0x0, 0x0, 0x0, 0x0, 0x0,
    0xc6, 0xff, 0xfe, 0xff, 0x39, 0x0, 0x0, 0x0,
    0x0, 0x8d, 0xff, 0xff, 0xa, 0x0, 0x9, 0xfe,
    0xff, 0xd3, 0x0, 0x0, 0x0, 0x0, 0x19, 0xfe,
    0xff, 0xc1, 0xff, 0x8d, 0x0, 0x0, 0x0, 0x0,
    0xa8, 0xff, 0xed, 0x0, 0x0, 0x0, 0xdf, 0xff,
    0xf8, 0x2, 0x0, 0x0, 0x0, 0x68, 0xff, 0xee,
    0x7f, 0xff, 0xe0, 0x0, 0x0, 0x0, 0x0, 0xc3,
    0xff, 0xd0, 0x0, 0x0, 0x0, 0xb6, 0xff, 0xff,
    0x23, 0x0, 0x0, 0x0, 0xb9, 0xff, 0xc8, 0x4c,
    0xff, 0xff, 0x35, 0x0, 0x0, 0x0, 0xdf, 0xff,
    0xb3, 0x0, 0x0, 0x0, 0x8d, 0xff, 0xff, 0x4b,
    0x0, 0x0, 0xf, 0xfa, 0xff, 0x8f, 0xe, 0xfb,
    0xff, 0x89, 0x0, 0x0, 0x1, 0xf8, 0xff, 0x97,
    0x0, 0x0, 0x0, 0x64, 0xff, 0xff, 0x73, 0x0,
    0x0, 0x5b, 0xff, 0xff, 0x4f, 0x0, 0xc6, 0xff,
    0xdc, 0x0, 0x0, 0x15, 0xff, 0xff, 0x7a, 0x0,
    0x0, 0x0, 0x3b, 0xff, 0xff, 0x9b, 0x0, 0x0,
    0xab, 0xff, 0xf9, 0xe, 0x0, 0x7b, 0xff, 0xff,
    0x31, 0x0, 0x30, 0xff, 0xff, 0x5d, 0x0, 0x0,
    0x0, 0x12, 0xff, 0xff, 0xc3, 0x0, 0x8, 0xf3,
    0xff, 0xb4, 0x0, 0x0, 0x24, 0xff, 0xff, 0x85,
    0x0, 0x4b, 0xff, 0xff, 0x40, 0x0, 0x0, 0x0,
    0x0, 0xe9, 0xff, 0xeb, 0x0, 0x4a, 0xff, 0xff,
    0x5f, 0x0, 0x0, 0x0, 0xcc, 0xff, 0xd6, 0x0,
    0x66, 0xff, 0xff, 0x24, 0x0, 0x0, 0x0, 0x0,
    0xc0, 0xff, 0xff, 0xc, 0x8d, 0xff, 0xfa, 0x10,
    0x0, 0x0, 0x0, 0x74, 0xff, 0xff, 0x1e, 0x80,
    0xff, 0xff, 0x8, 0x0, 0x0, 0x0, 0x0, 0x97,
    0xff, 0xff, 0x2a, 0xcd, 0xff, 0xb7, 0x0, 0x0,
    0x0, 0x0, 0x1d, 0xfe, 0xff, 0x65, 0x98, 0xff,
    0xea, 0x0, 0x0, 0x0, 0x0, 0x0, 0x6e, 0xff,
    0xff, 0x4e, 0xfc, 0xff, 0x63, 0x0, 0x0, 0x0,
    0x0, 0x0, 0xc4, 0xff, 0xa1, 0xaf, 0xff, 0xcd,
    0x0, 0x0, 0x0, 0x0, 0x0, 0x45, 0xff, 0xff,
    0x92, 0xff, 0xfb, 0x13, 0x0, 0x0, 0x0, 0x0,
    0x0, 0x6c, 0xff, 0xd0, 0xc0, 0xff, 0xb1, 0x0,
    0x0, 0x0, 0x0, 0x0, 0x1c, 0xff, 0xff, 0xd4,
    0xff, 0xba, 0x0, 0x0, 0x0, 0x0, 0x0, 0x0,
    0x17, 0xfc, 0xf9, 0xd4, 0xff, 0x94, 0x0, 0x0,
    0x0, 0x0, 0x0, 0x0, 0xf2, 0xff, 0xff, 0xff,
    0x66, 0x0, 0x0, 0x0, 0x0, 0x0, 0x0, 0x0,
    0xbc, 0xff, 0xff, 0xff, 0x77, 0x0, 0x0, 0x0,
    0x0, 0x0, 0x0, 0xca, 0xff, 0xff, 0xfc, 0x15,
    0x0, 0x0, 0x0, 0x0, 0x0, 0x0, 0x0, 0x64,
    0xff, 0xff, 0xff, 0x5a, 0x0, 0x0, 0x0, 0x0,
    0x0, 0x0, 0xa1, 0xff, 0xff, 0xbe, 0x0, 0x0,
    0x0, 0x0, 0x0, 0x0, 0x0, 0x0, 0x11, 0xfa,
    0xff, 0xff, 0x3e, 0x0, 0x0, 0x0,

    /* U+0E20 "ภ" */
    0x0, 0x0, 0x0, 0x0, 0x0, 0x18, 0x79, 0xbe,
    0xe9, 0xfa, 0xef, 0xd5, 0x99, 0x3b, 0x0, 0x0,
    0x0, 0x0, 0x0, 0x0, 0x0, 0x4, 0x7f, 0xf8,
    0xff, 0xff, 0xff, 0xff, 0xff, 0xff, 0xff, 0xff,
    0xac, 0xc, 0x0, 0x0, 0x0, 0x0, 0xe, 0xbd,
    0xff, 0xff, 0xff, 0xd1, 0x9c, 0x80, 0x89, 0xba,
    0xfc, 0xff, 0xff, 0xc3, 0x5, 0x0, 0x0, 0x2,
    0xba, 0xff, 0xff, 0xc8, 0x39, 0x0, 0x0, 0x0,
    0x0, 0x0, 0x29, 0xd6, 0xff, 0xff, 0x7a, 0x0,
    0x0, 0x66, 0xff, 0xff, 0xbb, 0x7, 0x0, 0x0,
    0x0, 0x0, 0x0, 0x0, 0x0, 0x1f, 0xf5, 0xff,
    0xed, 0x6, 0x0, 0xd4, 0xff, 0xff, 0x28, 0x0,
    0x0, 0x0, 0x0, 0x0, 0x0, 0x0, 0x0, 0x0,
    0x9c, 0xff, 0xff, 0x3e, 0x0, 0x50, 0xf4, 0xff,
    0xc8, 0x15, 0x0, 0x0, 0x0, 0x0, 0x0, 0x0,
    0x0, 0x0, 0x60, 0xff, 0xff, 0x68, 0x0, 0x0,
    0x2e, 0xe0, 0xff, 0xdb, 0x24, 0x0, 0x0, 0x0,
    0x0, 0x0, 0x0, 0x0, 0x4b, 0xff, 0xff, 0x7b,
    0x0, 0x0, 0x0, 0x20, 0xf3, 0xff, 0xb5, 0x0,
    0x0, 0x0, 0x0, 0x0, 0x0, 0x0, 0x48, 0xff,
    0xff, 0x80, 0x0, 0x0, 0x4, 0xc6, 0xff, 0xc6,
    0x6, 0x0, 0x0, 0x0, 0x0, 0x0, 0x0, 0x0,
    0x48, 0xff, 0xff, 0x80, 0x0, 0x0, 0x59, 0xff,
    0xff, 0x4e, 0x0, 0x0, 0x0, 0x0, 0x0, 0x0,
    0x0, 0x0, 0x48, 0xff, 0xff, 0x80, 0x0, 0x0,
    0x96, 0xff, 0xff, 0x28, 0x0, 0x0, 0x0, 0x0,
    0x0, 0x0, 0x0, 0x0, 0x48, 0xff, 0xff, 0x80,
    0x0, 0x0, 0xa4, 0xff, 0xff, 0x24, 0x0, 0x0,
    0x0, 0x0, 0x0, 0x0, 0x0, 0x0, 0x48, 0xff,
    0xff, 0x80, 0x0, 0x0, 0xa4, 0xff, 0xff, 0x24,
    0x0, 0x0, 0x0, 0x0, 0x0, 0x0, 0x0, 0x0,
    0x48, 0xff, 0xff, 0x80, 0x0, 0x0, 0xa4, 0xff,
    0xff, 0x24, 0x0, 0x0, 0x0, 0x0, 0x0, 0x0,
    0x0, 0x0, 0x48, 0xff, 0xff, 0x80, 0x0, 0x0,
    0xa4, 0xff, 0xff, 0x24, 0x0, 0x0, 0x0, 0x0,
    0x0, 0x0, 0x0, 0x0, 0x48, 0xff, 0xff, 0x80,
    0x0, 0x0, 0xa7, 0xff, 0xff, 0x23, 0x0, 0x0,
    0x0, 0x0, 0x0, 0x0, 0x0, 0x0, 0x48, 0xff,
    0xff, 0x80, 0x61, 0x72, 0xeb, 0xff, 0xff, 0xc,
    0x0, 0x0, 0x0, 0x0, 0x0, 0x0, 0x0, 0x0,
    0x48, 0xff, 0xff, 0x80, 0xf0, 0xff, 0xff, 0xff,
    0xbb, 0x0, 0x0, 0x0, 0x0, 0x0, 0x0, 0x0,
    0x0, 0x0, 0x48, 0xff, 0xff, 0x80, 0xf0, 0xff,
    0xf3, 0xb1, 0x1a, 0x0, 0x0, 0x0, 0x0, 0x0,
    0x0, 0x0, 0x0, 0x0, 0x48, 0xff, 0xff, 0x80,

    /* U+0E21 "ม" */
    0x50, 0xff, 0xff, 0x80, 0x0, 0x0, 0x0, 0x0,
    0x0, 0x0, 0x0, 0x0, 0x0, 0x8c, 0xff, 0xff,
    0x44, 0x50, 0xff, 0xff, 0x80, 0x0, 0x0, 0x0,
    0x0, 0x0, 0x0, 0x0, 0x0, 0x0, 0x8c, 0xff,
    0xff, 0x44, 0x50, 0xff, 0xff, 0x80, 0x0, 0x0,
    0x0, 0x0, 0x0, 0x0, 0x0, 0x0, 0x0, 0x8c,
    0xff, 0xff, 0x44, 0x50, 0xff, 0xff, 0x80, 0x0,
    0x0, 0x0, 0x0, 0x0, 0x0, 0x0, 0x0, 0x0,
    0x8c, 0xff, 0xff, 0x44, 0x50, 0xff, 0xff, 0x80,
    0x0, 0x0, 0x0, 0x0, 0x0, 0x0, 0x0, 0x0,
    0x0, 0x8c, 0xff, 0xff, 0x44, 0x50, 0xff, 0xff,
    0x80, 0x0, 0x0, 0x0, 0x0, 0x0, 0x0, 0x0,
    0x0, 0x0, 0x8c, 0xff, 0xff, 0x44, 0x50, 0xff,
    0xff, 0x80, 0x0, 0x0, 0x0, 0x0, 0x0, 0x0,
    0x0, 0x0, 0x0, 0x8c, 0xff, 0xff, 0x44, 0x50,
    0xff, 0xff, 0x80, 0x0, 0x0, 0x0, 0x0, 0x0,
    0x0, 0x0, 0x0, 0x0, 0x8c, 0xff, 0xff, 0x44,
    0x50, 0xff, 0xff, 0x80, 0x0, 0x0, 0x0, 0x0,
    0x0, 0x0, 0x0, 0x0, 0x0, 0x8c, 0xff, 0xff,
    0x44, 0x50, 0xff, 0xff, 0x80, 0x0, 0x0, 0x0,
    0x0, 0x0, 0x0, 0x0, 0x0, 0x0, 0x8c, 0xff,
    0xff, 0x44, 0x50, 0xff, 0xff, 0x80, 0x0, 0x0,
    0x0, 0x0, 0x0, 0x0, 0x0, 0x0, 0x0, 0x8c,
    0xff, 0xff, 0x44, 0x50, 0xff, 0xff, 0x80, 0x0,
    0x0, 0x0, 0x0, 0x0, 0x0, 0x0, 0x0, 0x0,
    0x8c, 0xff, 0xff, 0x44, 0x50, 0xff, 0xff, 0x80,
    0x0, 0x0, 0x0, 0x0, 0x0, 0x0, 0x0, 0x0,
    0x0, 0x8f, 0xff, 0xff, 0x40, 0x50, 0xff, 0xff,
    0x98, 0x0, 0x0, 0x0, 0x0, 0x0, 0x0, 0x0,
    0x0, 0x0, 0xa0, 0xff, 0xff, 0x31, 0x50, 0xff,
    0xff, 0xfa, 0x2b, 0x0, 0x0, 0x0, 0x0, 0x0,
    0x0, 0x0, 0x0, 0xce, 0xff, 0xff, 0x12, 0x50,
    0xff, 0xff, 0xff, 0xdb, 0x1f, 0x0, 0x0, 0x0,
    0x0, 0x0, 0x0, 0x2c, 0xff, 0xff, 0xd6, 0x0,
    0x50, 0xff, 0xff, 0xf2, 0xff, 0xe3, 0x45, 0x0,
    0x0, 0x0, 0x0, 0x16, 0xcf, 0xff, 0xff, 0x77,
    0x0, 0x50, 0xff, 0xff, 0x7a, 0xc6, 0xff, 0xff,
    0xcd, 0x8b, 0x7d, 0x9f, 0xf0, 0xff, 0xff, 0xdc,
    0xa, 0x0, 0x50, 0xff, 0xff, 0x65, 0x12, 0xb2,
    0xff, 0xff, 0xff, 0xff, 0xff, 0xff, 0xff, 0xe0,
    0x25, 0x0, 0x0, 0x50, 0xff, 0xff, 0x57, 0x0,
    0x0, 0x4d, 0xaf, 0xe0, 0xf9, 0xee, 0xc7, 0x76,
    0xb, 0x0, 0x0, 0x0,

    /* U+0E22 "ย" */
    0x0, 0x0, 0x30, 0xa9, 0xe8, 0xfa, 0xe8, 0xba,
    0x3c, 0x0, 0x0, 0x0, 0x0, 0x70, 0xff, 0xff,
    0x60, 0x0, 0x4a, 0xf9, 0xff, 0xff, 0xff, 0xff,
    0xff, 0x5d, 0x0, 0x0, 0x0, 0x0, 0x70, 0xff,
    0xff, 0x60, 0x8, 0xe8, 0xff, 0xff, 0xc8, 0x80,
    0x80, 0xb5, 0x34, 0x0, 0x0, 0x0, 0x0, 0x70,
    0xff, 0xff, 0x60, 0x44, 0xff, 0xff, 0xb4, 0x1,
    0x0, 0x0, 0x0, 0x0, 0x0, 0x0, 0x0, 0x0,
    0x70, 0xff, 0xff, 0x60, 0x58, 0xff, 0xff, 0x5d,
    0x0, 0x0, 0x0, 0x0, 0x0, 0x0, 0x0, 0x0,
    0x0, 0x70, 0xff, 0xff, 0x60, 0x3a, 0xff, 0xff,
    0x71, 0x0, 0x0, 0x0, 0x0, 0x0, 0x0, 0x0,
    0x0, 0x0, 0x70, 0xff, 0xff, 0x60, 0x7, 0xe3,
    0xff, 0xe7, 0x2c, 0x0, 0x0, 0x0, 0x0, 0x0,
    0x0, 0x0, 0x0, 0x70, 0xff, 0xff, 0x60, 0x0,
    0x4e, 0xf9, 0xff, 0xfc, 0xad, 0x7f, 0x78, 0x78,
    0x3b, 0x0, 0x0, 0x0, 0x70, 0xff, 0xff, 0x60,
    0x0, 0x0, 0x3a, 0xc0, 0xff, 0xff, 0xff, 0xff,
    0xff, 0x91, 0x0, 0x0, 0x0, 0x70, 0xff, 0xff,
    0x60, 0x0, 0x0, 0x54, 0xe2, 0xff, 0xff, 0xff,
    0xff, 0xff, 0xab, 0x0, 0x0, 0x0, 0x70, 0xff,
    0xff, 0x60, 0x0, 0x54, 0xfd, 0xff, 0xe5, 0x5c,
    0x19, 0x0, 0x0, 0x0, 0x0, 0x0, 0x0, 0x70,
    0xff, 0xff, 0x60, 0x5, 0xe2, 0xff, 0xea, 0x19,
    0x0, 0x0, 0x0, 0x0, 0x0, 0x0, 0x0, 0x0,
    0x70, 0xff, 0xff, 0x60, 0x38, 0xff, 0xff, 0x84,
    0x0, 0x0, 0x0, 0x0, 0x0, 0x0, 0x0, 0x0,
    0x0, 0x73, 0xff, 0xff, 0x5c, 0x57, 0xff, 0xff,
    0x62, 0x0, 0x0, 0x0, 0x0, 0x0, 0x0, 0x0,
    0x0, 0x0, 0x88, 0xff, 0xff, 0x4b, 0x4e, 0xff,
    0xff, 0x7f, 0x0, 0x0, 0x0, 0x0, 0x0, 0x0,
    0x0, 0x0, 0x0, 0xc0, 0xff, 0xff, 0x29, 0x20,
    0xff, 0xff, 0xe0, 0xc, 0x0, 0x0, 0x0, 0x0,
    0x0, 0x0, 0x0, 0x35, 0xfe, 0xff, 0xe8, 0x0,
    0x0, 0xc3, 0xff, 0xff, 0xc6, 0x24, 0x0, 0x0,
    0x0, 0x0, 0x0, 0x37, 0xe3, 0xff, 0xff, 0x7d,
    0x0, 0x0, 0x2f, 0xf2, 0xff, 0xff, 0xfc, 0xbc,
    0x88, 0x7c, 0x8d, 0xc5, 0xff, 0xff, 0xff, 0xce,
    0xa, 0x0, 0x0, 0x0, 0x37, 0xdb, 0xff, 0xff,
    0xff, 0xff, 0xff, 0xff, 0xff, 0xff, 0xff, 0xb7,
    0x15, 0x0, 0x0, 0x0, 0x0, 0x0, 0x7, 0x5b,
    0xab, 0xdd, 0xf4, 0xfb, 0xee, 0xd0, 0x98, 0x3e,
    0x0, 0x0, 0x0, 0x0,

    /* U+0E23 "ร" */
    0x0, 0x0, 0x0, 0x2f, 0x8f, 0xca, 0xee, 0xfb,
    0xf5, 0xe2, 0xbc, 0x80, 0x2f, 0x0, 0x0, 0x0,
    0x5, 0x97, 0xfe, 0xff, 0xff, 0xff, 0xff, 0xff,
    0xff, 0xff, 0xff, 0xff, 0x78, 0x0, 0x0, 0x9a,
    0xff, 0xff, 0xff, 0xd5, 0x95, 0x7c, 0x77, 0x89,
    0xb3, 0xf1, 0xff, 0x43, 0x0, 0x1f, 0xfe, 0xff,
    0xee, 0x46, 0x0, 0x0, 0x0, 0x0, 0x0, 0x0,
    0x6, 0x59, 0x3, 0x0, 0x58, 0xff, 0xff, 0x6d,
    0x0, 0x0, 0x0, 0x0, 0x0, 0x0, 0x0, 0x0,
    0x0, 0x0, 0x0, 0x5f, 0xff, 0xff, 0x56, 0x0,
    0x0, 0x0, 0x0, 0x0, 0x0, 0x0, 0x0, 0x0,
    0x0, 0x0, 0x38, 0xff, 0xff, 0xc3, 0x9, 0x0,
    0x0, 0x0, 0x0, 0x0, 0x0, 0x0, 0x0, 0x0,
    0x0, 0x2, 0xd3, 0xff, 0xff, 0xdb, 0x60, 0x8,
    0x0, 0x0, 0x0, 0x0, 0x0, 0x0, 0x0, 0x0,
    0x0, 0x27, 0xe1, 0xff, 0xff, 0xff, 0xf0, 0xa1,
    0x49, 0x4, 0x0, 0x0, 0x0, 0x0, 0x0, 0x0,
    0x0, 0xf, 0x8e, 0xf6, 0xff, 0xff, 0xff, 0xff,
    0xe6, 0x7d, 0xd, 0x0, 0x0, 0x0, 0x0, 0x0,
    0x0, 0x0, 0x13, 0x71, 0xca, 0xff, 0xff, 0xff,
    0xff, 0xe9, 0x50, 0x0, 0x0, 0x0, 0x0, 0x0,
    0x0, 0x0, 0x0, 0x0, 0x22, 0x7a, 0xe4, 0xff,
    0xff, 0xfe, 0x59, 0x0, 0x0, 0x0, 0x0, 0x0,
    0x0, 0x0, 0x0, 0x0, 0x0, 0x6, 0x75, 0xfe,
    0xff, 0xed, 0x8, 0x0, 0x0, 0x0, 0x0, 0x0,
    0x0, 0x0, 0x0, 0x0, 0x0, 0x0, 0x97, 0xff,
    0xff, 0x44, 0x0, 0x0, 0x0, 0x0, 0x0, 0x0,
    0x0, 0x0, 0x0, 0x0, 0x0, 0x64, 0xff, 0xff,
    0x5d, 0x0, 0x0, 0x0, 0x0, 0x0, 0x0, 0x0,
    0x0, 0x0, 0x0, 0x0, 0xa1, 0xff, 0xff, 0x4a,
    0x0, 0x57, 0x23, 0x0, 0x0, 0x0, 0x0, 0x0,
    0x0, 0x8, 0x79, 0xff, 0xff, 0xf8, 0xe, 0x4,
    0xed, 0xff, 0xd4, 0xa1, 0x80, 0x74, 0x83, 0xa0,
    0xeb, 0xff, 0xff, 0xff, 0x7c, 0x0, 0x24, 0xef,
    0xff, 0xff, 0xff, 0xff, 0xff, 0xff, 0xff, 0xff,
    0xff, 0xfb, 0x84, 0x0, 0x0, 0x0, 0xe, 0x61,
    0xa7, 0xd3, 0xee, 0xfa, 0xf9, 0xe9, 0xc3, 0x85,
    0x26, 0x0, 0x0, 0x0,

    /* U+0E24 "ฤ" */
    0x0, 0x0, 0x0, 0x0, 0x0, 0x34, 0x94, 0xd0,
    0xef, 0xfa, 0xe9, 0xc5, 0x82, 0x1b, 0x0, 0x0,
    0x0, 0x0, 0x0, 0x0, 0x0, 0x1c, 0xb1, 0xff,
    0xff, 0xff, 0xff, 0xff, 0xff, 0xff, 0xff, 0xf9,
    0x74, 0x0, 0x0, 0x0, 0x0, 0x0, 0x34, 0xe8,
    0xff, 0xff, 0xfb, 0xb9, 0x92, 0x7e, 0x93, 0xd3,
    0xff, 0xff, 0xff, 0x82, 0x0, 0x0, 0x0, 0x21,
    0xeb, 0xff, 0xff, 0x9d, 0x1a, 0x0, 0x0, 0x0,
    0x0, 0x0, 0x54, 0xf3, 0xff, 0xfe, 0x3a, 0x0,
    0x0, 0xb7, 0xff, 0xff, 0x7a, 0x0, 0x0, 0x0,
    0x0, 0x0, 0x0, 0x0, 0x0, 0x5b, 0xff, 0xff,
    0xb4, 0x0, 0x25, 0xff, 0xff, 0xdd, 0x2, 0x0,
    0x0, 0x0, 0x0, 0x0, 0x0, 0x0, 0x0, 0x1,
    0xdf, 0xff, 0xf7, 0x8, 0x2, 0x91, 0xff, 0xff,
    0x89, 0x0, 0x0, 0x0, 0x0, 0x0, 0x0, 0x0,
    0x0, 0x0, 0xa5, 0xff, 0xff, 0x2b, 0x0, 0x0,
    0x70, 0xfd, 0xff, 0x9b, 0x2, 0x0, 0x0, 0x0,
    0x0, 0x0, 0x0, 0x0, 0x8f, 0xff, 0xff, 0x3f,
    0x0, 0x0, 0xa, 0xc4, 0xff, 0xc4, 0x17, 0x0,
    0x0, 0x0, 0x0, 0x0, 0x0, 0x0, 0x8c, 0xff,
    0xff, 0x44, 0x0, 0x0, 0xa5, 0xff, 0xe4, 0xd,
    0x0, 0x0, 0x0, 0x0, 0x0, 0x0, 0x0, 0x0,
    0x8c, 0xff, 0xff, 0x44, 0x0, 0x21, 0xfe, 0xff,
    0x92, 0x0, 0x0, 0x0, 0x0, 0x0, 0x0, 0x0,
    0x0, 0x0, 0x8c, 0xff, 0xff, 0x44, 0x0, 0x4f,
    0xff, 0xff, 0x79, 0x0, 0x0, 0x0, 0x0, 0x0,
    0x0, 0x0, 0x0, 0x0, 0x8c, 0xff, 0xff, 0x44,
    0x0, 0x58, 0xff, 0xff, 0x78, 0x0, 0x0, 0x0,
    0x0, 0x0, 0x0, 0x0, 0x0, 0x0, 0x8c, 0xff,
    0xff, 0x44, 0x0, 0x58, 0xff, 0xff, 0x78, 0x0,
    0x0, 0x0, 0x0, 0x0, 0x0, 0x0, 0x0, 0x0,
    0x8c, 0xff, 0xff, 0x44, 0x0, 0x58, 0xff, 0xff,
    0x78, 0x0, 0x0, 0x0, 0x0, 0x0, 0x0, 0x0,
    0x0, 0x0, 0x8c, 0xff, 0xff, 0x44, 0x0, 0x58,
    0xff, 0xff, 0x78, 0x0, 0x0, 0x0, 0x0, 0x0,
    0x0, 0x0, 0x0, 0x0, 0x8c, 0xff, 0xff, 0x44,
    0x0, 0x57, 0xff, 0xff, 0x7b, 0x0, 0x0, 0x0,
    0x0, 0x0, 0x0, 0x0, 0x0, 0x0, 0x8c, 0xff,
    0xff, 0x44, 0x0, 0x41, 0xff, 0xff, 0xd8, 0x6d,
    0x68, 0x13, 0x0, 0x0, 0x0, 0x0, 0x0, 0x0,
    0x8c, 0xff, 0xff, 0x44, 0x0, 0xc, 0xe6, 0xff,
    0xff, 0xff, 0xff, 0x30, 0x0, 0x0, 0x0, 0x0,
    0x0, 0x0, 0x8c, 0xff, 0xff, 0x44, 0x0, 0x0,
    0x34, 0xc7, 0xf8, 0xff, 0xff, 0x30, 0x0, 0x0,
    0x0, 0x0, 0x0, 0x0, 0x8c, 0xff, 0xff, 0x44,
    0x0, 0x0, 0x0, 0x0, 0x0, 0x0, 0x0, 0x0,
    0x0, 0x0, 0x0, 0x0, 0x0, 0x0, 0x8c, 0xff,
    0xff, 0x44, 0x0, 0x0, 0x0, 0x0, 0x0, 0x0,
    0x0, 0x0, 0x0, 0x0, 0x0, 0x0, 0x0, 0x0,
    0x8c, 0xff, 0xff, 0x44, 0x0, 0x0, 0x0, 0x0,
    0x0, 0x0, 0x0, 0x0, 0x0, 0x0, 0x0, 0x0,
    0x0, 0x0, 0x8c, 0xff, 0xff, 0x44, 0x0, 0x0,
    0x0, 0x0, 0x0, 0x0, 0x0, 0x0, 0x0, 0x0,
    0x0, 0x0, 0x0, 0x0, 0x8c, 0xff, 0xff, 0x44,
    0x0, 0x0, 0x0, 0x0, 0x0, 0x0, 0x0, 0x0,
    0x0, 0x0, 0x0, 0x0, 0x0, 0x0, 0x8c, 0xff,
    0xff, 0x44, 0x0, 0x0, 0x0, 0x0, 0x0, 0x0,
    0x0, 0x0, 0x0, 0x0, 0x0, 0x0, 0x0, 0x0,
    0x8c, 0xff, 0xff, 0x44, 0x0, 0x0, 0x0, 0x0,
    0x0, 0x0, 0x0, 0x0, 0x0, 0x0, 0x0, 0x0,
    0x0, 0x0, 0x8c, 0xff, 0xff, 0x44,

    /* U+0E25 "ล" */
    0x0, 0x0, 0x0, 0x6, 0x51, 0x94, 0xce, 0xe6,
    0xf9, 0xf0, 0xd5, 0x98, 0x35, 0x0, 0x0, 0x0,
    0x0, 0x0, 0x8, 0x7e, 0xe9, 0xff, 0xff, 0xff,
    0xff, 0xff, 0xff, 0xff, 0xff, 0xff, 0x9c, 0x7,
    0x0, 0x0, 0x0, 0xce, 0xff, 0xff, 0xfb, 0xc7,
    0x92, 0x79, 0x6c, 0x7a, 0xa9, 0xf6, 0xff, 0xff,
    0xa7, 0x0, 0x0, 0x0, 0x89, 0xeb, 0x75, 0x16,
    0x0, 0x0, 0x0, 0x0, 0x0, 0x0, 0x1a, 0xcd,
    0xff, 0xff, 0x50, 0x0, 0x0, 0x10, 0xf, 0x0,
    0x0, 0x0, 0x0, 0x0, 0x0, 0x0, 0x0, 0x0,
    0x25, 0xfd, 0xff, 0xc0, 0x0, 0x0, 0x0, 0x0,
    0x0, 0x0, 0x0, 0x0, 0x0, 0x0, 0x0, 0x0,
    0x0, 0x0, 0xc7, 0xff, 0xfa, 0x9, 0x0, 0x0,
    0x0, 0x0, 0x0, 0x0, 0x0, 0x0, 0x0, 0x0,
    0x0, 0x0, 0x0, 0xa2, 0xff, 0xff, 0x25, 0x0,
    0x0, 0x0, 0x0, 0x0, 0xc, 0x37, 0x51, 0x5e,
    0x64, 0x64, 0x64, 0x64, 0xc0, 0xff, 0xff, 0x36,
    0x0, 0x0, 0x0, 0x59, 0xc0, 0xfe, 0xff, 0xff,
    0xff, 0xff, 0xff, 0xff, 0xff, 0xff, 0xff, 0xff,
    0x38, 0x0, 0xc, 0xba, 0xff, 0xff, 0xff, 0xff,
    0xff, 0xff, 0xff, 0xff, 0xff, 0xff, 0xff, 0xff,
    0xff, 0x38, 0x0, 0xb2, 0xff, 0xff, 0xf0, 0x83,
    0x36, 0x10, 0x2, 0x0, 0x0, 0x0, 0x0, 0x98,
    0xff, 0xff, 0x38, 0x40, 0xff, 0xff, 0xe5, 0x21,
    0x0, 0x0, 0x0, 0x0, 0x0, 0x0, 0x0, 0x0,
    0x98, 0xff, 0xff, 0x38, 0x90, 0xff, 0xff, 0x64,
    0x0, 0x0, 0x0, 0x0, 0x0, 0x0, 0x0, 0x0,
    0x0, 0x98, 0xff, 0xff, 0x38, 0xb2, 0xff, 0xff,
    0x25, 0x0, 0x0, 0x0, 0x0, 0x0, 0x0, 0x0,
    0x0, 0x0, 0x98, 0xff, 0xff, 0x38, 0xb7, 0xff,
    0xff, 0x29, 0x0, 0x0, 0x0, 0x0, 0x0, 0x0,
    0x0, 0x0, 0x0, 0x98, 0xff, 0xff, 0x38, 0x9b,
    0xff, 0xff, 0x5d, 0x0, 0x0, 0x0, 0x0, 0x0,
    0x0, 0x0, 0x0, 0x0, 0x98, 0xff, 0xff, 0x38,
    0x55, 0xff, 0xff, 0xe2, 0x1a, 0x0, 0x0, 0x0,
    0x0, 0x0, 0x0, 0x0, 0x0, 0x98, 0xff, 0xff,
    0x38, 0x3, 0xcf, 0xff, 0xff, 0xf4, 0x9a, 0x73,
    0x7a, 0xa0, 0xb6, 0x0, 0x0, 0x0, 0x98, 0xff,
    0xff, 0x38, 0x0, 0x1c, 0xd2, 0xff, 0xff, 0xff,
    0xff, 0xff, 0xff, 0xf3, 0x1, 0x0, 0x0, 0x98,
    0xff, 0xff, 0x38, 0x0, 0x0, 0x7, 0x6a, 0xc1,
    0xef, 0xfc, 0xf4, 0xe3, 0xc0, 0xf, 0x0, 0x0,
    0x98, 0xff, 0xff, 0x38,

    /* U+0E26 "ฦ" */
    0x0, 0x0, 0x0, 0x0, 0x0, 0x18, 0x79, 0xbe,
    0xe9, 0xfa, 0xef, 0xd5, 0x99, 0x3b, 0x0, 0x0,
    0x0, 0x0, 0x0, 0x0, 0x0, 0x4, 0x7f, 0xf8,
    0xff, 0xff, 0xff, 0xff, 0xff, 0xff, 0xff, 0xff,
    0xac, 0xc, 0x0, 0x0, 0x0, 0x0, 0xe, 0xbd,
    0xff, 0xff, 0xff, 0xd0, 0x9c, 0x80, 0x89, 0xba,
    0xfc, 0xff, 0xff, 0xc3, 0x5, 0x0, 0x0, 0x2,
    0xba, 0xff, 0xff, 0xc5, 0x36, 0x0, 0x0, 0x0,
    0x0, 0x0, 0x29, 0xd6, 0xff, 0xff, 0x7a, 0x0,
    0x0, 0x66, 0xff, 0xff, 0xb8, 0x6, 0x0, 0x0,
    0x0, 0x0, 0x0, 0x0, 0x0, 0x1f, 0xf5, 0xff,
    0xed, 0x6, 0x0, 0xd4, 0xff, 0xff, 0x28, 0x0,
    0x0, 0x0, 0x0, 0x0, 0x0, 0x0, 0x0, 0x0,
    0x9c, 0xff, 0xff, 0x3e, 0x0, 0x4f, 0xf3, 0xff,
    0xcb, 0x16, 0x0, 0x0, 0x0, 0x0, 0x0, 0x0,
    0x0, 0x0, 0x60, 0xff, 0xff, 0x68, 0x0, 0x0,
    0x2d, 0xde, 0xff, 0xdd, 0x26, 0x0, 0x0, 0x0,
    0x0, 0x0, 0x0, 0x0, 0x4b, 0xff, 0xff, 0x7b,
    0x0, 0x0, 0x0, 0x20, 0xf3, 0xff, 0xb3, 0x0,
    0x0, 0x0, 0x0, 0x0, 0x0, 0x0, 0x48, 0xff,
    0xff, 0x80, 0x0, 0x0, 0x5, 0xc8, 0xff, 0xc4,
    0x5, 0x0, 0x0, 0x0, 0x0, 0x0, 0x0, 0x0,
    0x48, 0xff, 0xff, 0x80, 0x0, 0x0, 0x5b, 0xff,
    0xff, 0x4d, 0x0, 0x0, 0x0, 0x0, 0x0, 0x0,
    0x0, 0x0, 0x48, 0xff, 0xff, 0x80, 0x0, 0x0,
    0x96, 0xff, 0xff, 0x27, 0x0, 0x0, 0x0, 0x0,
    0x0, 0x0, 0x0, 0x0, 0x48, 0xff, 0xff, 0x80,
    0x0, 0x0, 0xa4, 0xff, 0xff, 0x24, 0x0, 0x0,
    0x0, 0x0, 0x0, 0x0, 0x0, 0x0, 0x48, 0xff,
    0xff, 0x80, 0x0, 0x0, 0xa4, 0xff, 0xff, 0x24,
    0x0, 0x0, 0x0, 0x0, 0x0, 0x0, 0x0, 0x0,
    0x48, 0xff, 0xff, 0x80, 0x0, 0x0, 0xa4, 0xff,
    0xff, 0x24, 0x0, 0x0, 0x0, 0x0, 0x0, 0x0,
    0x0, 0x0, 0x48, 0xff, 0xff, 0x80, 0x0, 0x0,
    0xa4, 0xff, 0xff, 0x24, 0x0, 0x0, 0x0, 0x0,
    0x0, 0x0, 0x0, 0x0, 0x48, 0xff, 0xff, 0x80,
    0x0, 0x0, 0xa8, 0xff, 0xff, 0x23, 0x0, 0x0,
    0x0, 0x0, 0x0, 0x0, 0x0, 0x0, 0x48, 0xff,
    0xff, 0x80, 0x69, 0x7a, 0xed, 0xff, 0xff, 0xc,
    0x0, 0x0, 0x0, 0x0, 0x0, 0x0, 0x0, 0x0,
    0x48, 0xff, 0xff, 0x80, 0xf0, 0xff, 0xff, 0xff,
    0xbb, 0x0, 0x0, 0x0, 0x0, 0x0, 0x0, 0x0,
    0x0, 0x0, 0x48, 0xff, 0xff, 0x80, 0xf0, 0xff,
    0xf3, 0xb1, 0x1a, 0x0, 0x0, 0x0, 0x0, 0x0,
    0x0, 0x0, 0x0, 0x0, 0x48, 0xff, 0xff, 0x80,
    0x0, 0x0, 0x0, 0x0, 0x0, 0x0, 0x0, 0x0,
    0x0, 0x0, 0x0, 0x0, 0x0, 0x0, 0x48, 0xff,
    0xff, 0x80, 0x0, 0x0, 0x0, 0x0, 0x0, 0x0,
    0x0, 0x0, 0x0, 0x0, 0x0, 0x0, 0x0, 0x0,
    0x48, 0xff, 0xff, 0x80, 0x0, 0x0, 0x0, 0x0,
    0x0, 0x0, 0x0, 0x0, 0x0, 0x0, 0x0, 0x0,
    0x0, 0x0, 0x48, 0xff, 0xff, 0x80, 0x0, 0x0,
    0x0, 0x0, 0x0, 0x0, 0x0, 0x0, 0x0, 0x0,
    0x0, 0x0, 0x0, 0x0, 0x48, 0xff, 0xff, 0x80,
    0x0, 0x0, 0x0, 0x0, 0x0, 0x0, 0x0, 0x0,
    0x0, 0x0, 0x0, 0x0, 0x0, 0x0, 0x48, 0xff,
    0xff, 0x80, 0x0, 0x0, 0x0, 0x0, 0x0, 0x0,
    0x0, 0x0, 0x0, 0x0, 0x0, 0x0, 0x0, 0x0,
    0x48, 0xff, 0xff, 0x80, 0x0, 0x0, 0x0, 0x0,
    0x0, 0x0, 0x0, 0x0, 0x0, 0x0, 0x0, 0x0,
    0x0, 0x0, 0x48, 0xff, 0xff, 0x80,

    /* U+0E27 "ว" */
    0x0, 0x0, 0x27, 0x82, 0xbe, 0xe6, 0xf8, 0xf2,
    0xdb, 0xa0, 0x4c, 0x0, 0x0, 0x0, 0x0, 0x0,
    0x26, 0xb4, 0xff, 0xff, 0xff, 0xff, 0xff, 0xff,
    0xff, 0xff, 0xff, 0xc2, 0x1b, 0x0, 0x0, 0x0,
    0x9c, 0xff, 0xff, 0xf3, 0xbb, 0x8e, 0x7d, 0x8c,
    0xbd, 0xfb, 0xff, 0xff, 0xdf, 0x1b, 0x0, 0x0,
    0x53, 0xdf, 0x63, 0xb, 0x0, 0x0, 0x0, 0x0,
    0x0, 0x27, 0xcb, 0xff, 0xff, 0xb8, 0x0, 0x0,
    0x8, 0x8, 0x0, 0x0, 0x0, 0x0, 0x0, 0x0,
    0x0, 0x0, 0xf, 0xde, 0xff, 0xff, 0x45, 0x0,
    0x0, 0x0, 0x0, 0x0, 0x0, 0x0, 0x0, 0x0,
    0x0, 0x0, 0x0, 0x58, 0xff, 0xff, 0xab, 0x0,
    0x0, 0x0, 0x0, 0x0, 0x0, 0x0, 0x0, 0x0,
    0x0, 0x0, 0x0, 0x7, 0xf1, 0xff, 0xed, 0x0,
    0x0, 0x0, 0x0, 0x0, 0x0, 0x0, 0x0, 0x0,
    0x0, 0x0, 0x0, 0x0, 0xbe, 0xff, 0xff, 0x21,
    0x0, 0x0, 0x0, 0x0, 0x0, 0x0, 0x0, 0x0,
    0x0, 0x0, 0x0, 0x0, 0x98, 0xff, 0xff, 0x3a,
    0x0, 0x0, 0x0, 0x0, 0x0, 0x0, 0x0, 0x0,
    0x0, 0x0, 0x0, 0x0, 0x89, 0xff, 0xff, 0x49,
    0x0, 0x0, 0x0, 0x0, 0x0, 0x0, 0x0, 0x0,
    0x0, 0x0, 0x0, 0x0, 0x85, 0xff, 0xff, 0x45,
    0x0, 0x0, 0x0, 0x0, 0x0, 0x0, 0x0, 0x0,
    0x0, 0x0, 0x0, 0x0, 0x94, 0xff, 0xff, 0x36,
    0x0, 0x0, 0x0, 0x0, 0x0, 0x0, 0x0, 0x0,
    0x0, 0x0, 0x0, 0x0, 0xb8, 0xff, 0xff, 0x1a,
    0x0, 0x0, 0x0, 0x0, 0x0, 0x0, 0x0, 0x0,
    0x0, 0x0, 0x0, 0x5, 0xed, 0xff, 0xe5, 0x0,
    0x0, 0x0, 0x0, 0x0, 0x0, 0x0, 0x0, 0x0,
    0x0, 0x0, 0x0, 0x55, 0xff, 0xff, 0xa0, 0x0,
    0x1, 0x5, 0x0, 0x0, 0x0, 0x0, 0x0, 0x0,
    0x0, 0x0, 0x11, 0xe0, 0xff, 0xff, 0x3a, 0x0,
    0x38, 0xdd, 0x63, 0xc, 0x0, 0x0, 0x0, 0x0,
    0x0, 0x2c, 0xd1, 0xff, 0xff, 0xad, 0x0, 0x0,
    0x88, 0xff, 0xff, 0xf5, 0xbb, 0x8e, 0x7d, 0x8a,
    0xbf, 0xfc, 0xff, 0xff, 0xd7, 0x15, 0x0, 0x0,
    0x3a, 0xcf, 0xff, 0xff, 0xff, 0xff, 0xff, 0xff,
    0xff, 0xff, 0xff, 0xb5, 0x13, 0x0, 0x0, 0x0,
    0x0, 0x1, 0x40, 0x95, 0xce, 0xed, 0xfb, 0xee,
    0xd4, 0x96, 0x3e, 0x0, 0x0, 0x0, 0x0, 0x0,

    /* U+0E28 "ศ" */
    0x0, 0x0, 0x0, 0x0, 0x0, 0x0, 0x0, 0x0,
    0x0, 0x0, 0x0, 0x0, 0x0, 0x16, 0xe0, 0xff,
    0xfb, 0x46, 0x0, 0x0, 0x0, 0x0, 0x17, 0x7d,
    0xc1, 0xe7, 0xf9, 0xf3, 0xd1, 0x8b, 0x24, 0xc4,
    0xff, 0xff, 0x69, 0x0, 0x0, 0x0, 0x0, 0x6d,
    0xf6, 0xff, 0xff, 0xff, 0xff, 0xff, 0xff, 0xff,
    0xff, 0xff, 0xff, 0x8f, 0x0, 0x0, 0x0, 0x0,
    0x83, 0xff, 0xff, 0xff, 0xd5, 0x95, 0x7d, 0x87,
    0xb5, 0xf9, 0xff, 0xff, 0xea, 0x7, 0x0, 0x0,
    0x0, 0x45, 0xff, 0xff, 0xf3, 0x56, 0x0, 0x0,
    0x0, 0x0, 0x0, 0x1e, 0xc6, 0xff, 0xff, 0x90,
    0x0, 0x0, 0x0, 0xc8, 0xff, 0xff, 0x52, 0x0,
    0x0, 0x0, 0x0, 0x0, 0x0, 0x0, 0xf, 0xe0,
    0xff, 0xfc, 0x24, 0x0, 0x1b, 0xff, 0xff, 0xcd,
    0x0, 0x0, 0x0, 0x0, 0x0, 0x0, 0x0, 0x0,
    0x0, 0x6b, 0xff, 0xff, 0x79, 0x0, 0x49, 0xff,
    0xff, 0x8a, 0x0, 0x0, 0x0, 0x0, 0x0, 0x0,
    0x0, 0x0, 0x0, 0x26, 0xff, 0xff, 0xad, 0x0,
    0x5c, 0xff, 0xff, 0x73, 0x0, 0x0, 0x0, 0x0,
    0x0, 0x0, 0x0, 0x0, 0x0, 0xc, 0xff, 0xff,
    0xc2, 0x0, 0x60, 0xff, 0xff, 0x70, 0x0, 0x0,
    0x0, 0x0, 0x0, 0x0, 0x0, 0x0, 0x0, 0x8,
    0xff, 0xff, 0xc8, 0x0, 0x60, 0xff, 0xff, 0x70,
    0x0, 0x18, 0x61, 0x7d, 0x80, 0x5c, 0x0, 0x0,
    0x0, 0x8, 0xff, 0xff, 0xc8, 0x0, 0x60, 0xff,
    0xff, 0x70, 0x6c, 0xf8, 0xff, 0xff, 0xff, 0xb8,
    0x0, 0x0, 0x0, 0x8, 0xff, 0xff, 0xc8, 0x0,
    0x60, 0xff, 0xff, 0xb6, 0xff, 0xff, 0xff, 0xff,
    0xff, 0xb8, 0x0, 0x0, 0x0, 0x8, 0xff, 0xff,
    0xc8, 0x0, 0x60, 0xff, 0xff, 0xff, 0xf7, 0x80,
    0x23, 0x3, 0x0, 0x0, 0x0, 0x0, 0x0, 0x8,
    0xff, 0xff, 0xc8, 0x0, 0x60, 0xff, 0xff, 0xfe,
    0x4f, 0x0, 0x0, 0x0, 0x0, 0x0, 0x0, 0x0,
    0x0, 0x8, 0xff, 0xff, 0xc8, 0x0, 0x60, 0xff,
    0xff, 0xba, 0x0, 0x0, 0x0, 0x0, 0x0, 0x0,
    0x0, 0x0, 0x0, 0x8, 0xff, 0xff, 0xc8, 0x0,
    0x60, 0xff, 0xff, 0x72, 0x0, 0x0, 0x0, 0x0,
    0x0, 0x0, 0x0, 0x0, 0x0, 0x8, 0xff, 0xff,
    0xc8, 0x0, 0x60, 0xff, 0xff, 0x70, 0x0, 0x0,
    0x0, 0x0, 0x0, 0x0, 0x0, 0x0, 0x0, 0x8,
    0xff, 0xff, 0xc8, 0x0, 0x60, 0xff, 0xff, 0x70,
    0x0, 0x0, 0x0, 0x0, 0x0, 0x0, 0x0, 0x0,
    0x0, 0x8, 0xff, 0xff, 0xc8, 0x0, 0x60, 0xff,
    0xff, 0x70, 0x0, 0x0, 0x0, 0x0, 0x0, 0x0,
    0x0, 0x0, 0x0, 0x8, 0xff, 0xff, 0xc8, 0x0,
    0x60, 0xff, 0xff, 0x70, 0x0, 0x0, 0x0, 0x0,
    0x0, 0x0, 0x0, 0x0, 0x0, 0x8, 0xff, 0xff,
    0xc8, 0x0,

    /* U+0E29 "ษ" */
    0x60, 0xff, 0xff, 0x70, 0x0, 0x0, 0x0, 0x0,
    0x0, 0x0, 0x0, 0x0, 0x0, 0x9c, 0xff, 0xff,
    0x2c, 0x0, 0x0, 0x0, 0x60, 0xff, 0xff, 0x70,
    0x0, 0x0, 0x0, 0x0, 0x0, 0x0, 0x0, 0x0,
    0x0, 0x9c, 0xff, 0xff, 0x2c, 0x0, 0x0, 0x0,
    0x60, 0xff, 0xff, 0x70, 0x0, 0x0, 0x0, 0x0,
    0x0, 0x0, 0x0, 0x0, 0x0, 0x9c, 0xff, 0xff,
    0x2c, 0x0, 0x0, 0x0, 0x60, 0xff, 0xff, 0x70,
    0x0, 0x0, 0x0, 0x0, 0x0, 0x0, 0x0, 0x0,
    0x0, 0x9c, 0xff, 0xff, 0x2c, 0x0, 0x0, 0x0,
    0x60, 0xff, 0xff, 0x70, 0x0, 0x0, 0x0, 0x0,
    0x0, 0x0, 0x0, 0x0, 0x0, 0x9c, 0xff, 0xff,
    0x2c, 0x0, 0x0, 0x0, 0x60, 0xff, 0xff, 0x70,
    0x0, 0x0, 0x0, 0x0, 0x0, 0x0, 0x0, 0x0,
    0x0, 0x9c, 0xff, 0xff, 0x2c, 0x0, 0x0, 0x0,
    0x60, 0xff, 0xff, 0x70, 0x0, 0x0, 0x0, 0x0,
    0x0, 0x0, 0x0, 0x0, 0x0, 0x9c, 0xff, 0xff,
    0x2c, 0x0, 0x0, 0x0, 0x60, 0xff, 0xff, 0x70,
    0x0, 0x0, 0x0, 0x0, 0x30, 0xff, 0xff, 0xff,
    0xff, 0xff, 0xff, 0xff, 0xff, 0xff, 0xf1, 0x4,
    0x60, 0xff, 0xff, 0x70, 0x0, 0x0, 0x0, 0x0,
    0x30, 0xff, 0xff, 0xff, 0xff, 0xff, 0xff, 0xff,
    0xff, 0xff, 0xb2, 0x0, 0x60, 0xff, 0xff, 0x70,
    0x0, 0x0, 0x0, 0x0, 0x14, 0x6c, 0x6c, 0x6c,
    0x6c, 0xc6, 0xff, 0xff, 0x85, 0x6c, 0x36, 0x0,
    0x60, 0xff, 0xff, 0x70, 0x0, 0x0, 0x0, 0x0,
    0x0, 0x0, 0x0, 0x0, 0x0, 0x9c, 0xff, 0xff,
    0x2c, 0x0, 0x0, 0x0, 0x60, 0xff, 0xff, 0x70,
    0x0, 0x0, 0x0, 0x0, 0x0, 0x0, 0x0, 0x0,
    0x0, 0x9c, 0xff, 0xff, 0x2c, 0x0, 0x0, 0x0,
    0x5d, 0xff, 0xff, 0x72, 0x0, 0x0, 0x0, 0x0,
    0x0, 0x0, 0x0, 0x0, 0x0, 0x9d, 0xff, 0xff,
    0x2a, 0x0, 0x0, 0x0, 0x4d, 0xff, 0xff, 0x85,
    0x0, 0x0, 0x0, 0x0, 0x0, 0x0, 0x0, 0x0,
    0x0, 0xae, 0xff, 0xff, 0x1a, 0x0, 0x0, 0x0,
    0x2b, 0xff, 0xff, 0xbd, 0x0, 0x0, 0x0, 0x0,
    0x0, 0x0, 0x0, 0x0, 0x1, 0xe3, 0xff, 0xf6,
    0x5, 0x0, 0x0, 0x0, 0x1, 0xe8, 0xff, 0xfe,
    0x33, 0x0, 0x0, 0x0, 0x0, 0x0, 0x0, 0x0,
    0x56, 0xff, 0xff, 0xba, 0x0, 0x0, 0x0, 0x0,
    0x0, 0x7b, 0xff, 0xff, 0xe1, 0x31, 0x0, 0x0,
    0x0, 0x0, 0x0, 0x47, 0xf0, 0xff, 0xff, 0x4e,
    0x0, 0x0, 0x0, 0x0, 0x0, 0x8, 0xcc, 0xff,
    0xff, 0xfe, 0xbe, 0x89, 0x7c, 0x8e, 0xca, 0xff,
    0xff, 0xff, 0xa8, 0x0, 0x0, 0x0, 0x0, 0x0,
    0x0, 0x0, 0x14, 0xb8, 0xff, 0xff, 0xff, 0xff,
    0xff, 0xff, 0xff, 0xff, 0xff, 0x99, 0x7, 0x0,
    0x0, 0x0, 0x0, 0x0, 0x0, 0x0, 0x0, 0x0,
    0x42, 0x9d, 0xd6, 0xf1, 0xfb, 0xed, 0xcd, 0x91,
    0x2e, 0x0, 0x0, 0x0, 0x0, 0x0, 0x0, 0x0,

    /* U+0E2A "ส" */
    0x0, 0x0, 0x0, 0x0, 0x0, 0x0, 0x0, 0x0,
    0x0, 0x0, 0x0, 0x0, 0x0, 0x61, 0xff, 0xff,
    0xca, 0x8, 0x0, 0x0, 0x0, 0x6, 0x50, 0x94,
    0xce, 0xe8, 0xf9, 0xe7, 0xcb, 0x80, 0x5b, 0xfa,
    0xff, 0xe5, 0x1a, 0x0, 0x0, 0x9, 0x7f, 0xe8,
    0xff, 0xff, 0xff, 0xff, 0xff, 0xff, 0xff, 0xff,
    0xff, 0xff, 0xf7, 0x35, 0x0, 0x0, 0x0, 0xce,
    0xff, 0xff, 0xfb, 0xc9, 0x95, 0x7a, 0x6c, 0x79,
    0xab, 0xf8, 0xff, 0xff, 0xb1, 0x0, 0x0, 0x0,
    0x0, 0x89, 0xeb, 0x76, 0x17, 0x0, 0x0, 0x0,
    0x0, 0x0, 0x0, 0x1f, 0xd3, 0xff, 0xff, 0x49,
    0x0, 0x0, 0x0, 0x10, 0xf, 0x0, 0x0, 0x0,
    0x0, 0x0, 0x0, 0x0, 0x0, 0x0, 0x2a, 0xfd,
    0xff, 0xbd, 0x0, 0x0, 0x0, 0x0, 0x0, 0x0,
    0x0, 0x0, 0x0, 0x0, 0x0, 0x0, 0x0, 0x0,
    0x0, 0xc9, 0xff, 0xf9, 0x9, 0x0, 0x0, 0x0,
    0x0, 0x0, 0x0, 0x0, 0x0, 0x0, 0x0, 0x0,
    0x0, 0x0, 0x0, 0xa3, 0xff, 0xff, 0x26, 0x0,
    0x0, 0x0, 0x0, 0x0, 0x0, 0xc, 0x37, 0x51,
    0x5e, 0x64, 0x64, 0x64, 0x64, 0xc0, 0xff, 0xff,
    0x36, 0x0, 0x0, 0x0, 0x0, 0x59, 0xc0, 0xfe,
    0xff, 0xff, 0xff, 0xff, 0xff, 0xff, 0xff, 0xff,
    0xff, 0xff, 0x38, 0x0, 0x0, 0xc, 0xba, 0xff,
    0xff, 0xff, 0xff, 0xff, 0xff, 0xff, 0xff, 0xff,
    0xff, 0xff, 0xff, 0xff, 0x38, 0x0, 0x0, 0xb2,
    0xff, 0xff, 0xf0, 0x83, 0x36, 0x10, 0x2, 0x0,
    0x0, 0x0, 0x0, 0x98, 0xff, 0xff, 0x38, 0x0,
    0x40, 0xff, 0xff, 0xe5, 0x21, 0x0, 0x0, 0x0,
    0x0, 0x0, 0x0, 0x0, 0x0, 0x98, 0xff, 0xff,
    0x38, 0x0, 0x90, 0xff, 0xff, 0x64, 0x0, 0x0,
    0x0, 0x0, 0x0, 0x0, 0x0, 0x0, 0x0, 0x98,
    0xff, 0xff, 0x38, 0x0, 0xb2, 0xff, 0xff, 0x25,
    0x0, 0x0, 0x0, 0x0, 0x0, 0x0, 0x0, 0x0,
    0x0, 0x98, 0xff, 0xff, 0x38, 0x0, 0xb7, 0xff,
    0xff, 0x29, 0x0, 0x0, 0x0, 0x0, 0x0, 0x0,
    0x0, 0x0, 0x0, 0x98, 0xff, 0xff, 0x38, 0x0,
    0x9b, 0xff, 0xff, 0x5d, 0x0, 0x0, 0x0, 0x0,
    0x0, 0x0, 0x0, 0x0, 0x0, 0x98, 0xff, 0xff,
    0x38, 0x0, 0x55, 0xff, 0xff, 0xe2, 0x1a, 0x0,
    0x0, 0x0, 0x0, 0x0, 0x0, 0x0, 0x0, 0x98,
    0xff, 0xff, 0x38, 0x0, 0x3, 0xcf, 0xff, 0xff,
    0xf4, 0x9a, 0x73, 0x7a, 0xa0, 0xb6, 0x0, 0x0,
    0x0, 0x98, 0xff, 0xff, 0x38, 0x0, 0x0, 0x1c,
    0xd2, 0xff, 0xff, 0xff, 0xff, 0xff, 0xff, 0xf3,
    0x1, 0x0, 0x0, 0x98, 0xff, 0xff, 0x38, 0x0,
    0x0, 0x0, 0x7, 0x6a, 0xc1, 0xef, 0xfc, 0xf4,
    0xe3, 0xc0, 0xf, 0x0, 0x0, 0x98, 0xff, 0xff,
    0x38, 0x0,

    /* U+0E2B "ห" */
    0x50, 0xff, 0xff, 0x80, 0x0, 0x0, 0x0, 0x0,
    0x0, 0x0, 0x0, 0x9, 0xab, 0xff, 0xff, 0xe3,
    0x2f, 0x0, 0x50, 0xff, 0xff, 0x80, 0x0, 0x0,
    0x0, 0x0, 0x0, 0x0, 0x16, 0xc8, 0xff, 0xff,
    0xce, 0x1a, 0x0, 0x0, 0x50, 0xff, 0xff, 0x80,
    0x0, 0x0, 0x0, 0x0, 0x0, 0x2a, 0xdf, 0xff,
    0xff, 0xb2, 0xb, 0x0, 0x0, 0x0, 0x50, 0xff,
    0xff, 0x80, 0x0, 0x0, 0x0, 0x0, 0x43, 0xf0,
    0xff, 0xff, 0x92, 0x2, 0x0, 0x0, 0x0, 0x0,
    0x50, 0xff, 0xff, 0x80, 0x0, 0x0, 0x0, 0x63,
    0xfa, 0xff, 0xfc, 0x6d, 0x0, 0x0, 0x0, 0x0,
    0x0, 0x0, 0x50, 0xff, 0xff, 0x80, 0x0, 0x1,
    0x87, 0xff, 0xff, 0xfe, 0x57, 0x0, 0x0, 0x0,
    0x0, 0x0, 0x0, 0x0, 0x50, 0xff, 0xff, 0x80,
    0x8, 0xa9, 0xff, 0xff, 0xff, 0xff, 0xf6, 0x9c,
    0xb, 0x0, 0x0, 0x0, 0x0, 0x0, 0x50, 0xff,
    0xff, 0x95, 0xc6, 0xff, 0xff, 0xd4, 0xa7, 0xeb,
    0xff, 0xff, 0xca, 0x5, 0x0, 0x0, 0x0, 0x0,
    0x50, 0xff, 0xff, 0xff, 0xff, 0xff, 0xb5, 0xd,
    0x0, 0x11, 0xc1, 0xff, 0xff, 0x80, 0x0, 0x0,
    0x0, 0x0, 0x50, 0xff, 0xff, 0xff, 0xff, 0x91,
    0x3, 0x0, 0x0, 0x0, 0x18, 0xf6, 0xff, 0xef,
    0x8, 0x0, 0x0, 0x0, 0x50, 0xff, 0xff, 0xfb,
    0x68, 0x0, 0x0, 0x0, 0x0, 0x0, 0x0, 0xa2,
    0xff, 0xff, 0x58, 0x0, 0x0, 0x0, 0x50, 0xff,
    0xff, 0x89, 0x0, 0x0, 0x0, 0x0, 0x0, 0x0,
    0x0, 0x4f, 0xff, 0xff, 0xa6, 0x0, 0x0, 0x0,
    0x50, 0xff, 0xff, 0x80, 0x0, 0x0, 0x0, 0x0,
    0x0, 0x0, 0x0, 0xc, 0xf9, 0xff, 0xed, 0x2,
    0x0, 0x0, 0x50, 0xff, 0xff, 0x80, 0x0, 0x0,
    0x0, 0x0, 0x0, 0x0, 0x0, 0x0, 0xbe, 0xff,
    0xff, 0x38, 0x0, 0x0, 0x50, 0xff, 0xff, 0x80,
    0x0, 0x0, 0x0, 0x0, 0x0, 0x0, 0x0, 0x0,
    0x76, 0xff, 0xff, 0x81, 0x0, 0x0, 0x50, 0xff,
    0xff, 0x80, 0x0, 0x0, 0x0, 0x0, 0x0, 0x0,
    0x0, 0x0, 0x2e, 0xff, 0xff, 0xca, 0x0, 0x0,
    0x50, 0xff, 0xff, 0x80, 0x0, 0x0, 0x0, 0x0,
    0x0, 0x0, 0x0, 0x0, 0x0, 0xe4, 0xff, 0xfe,
    0x15, 0x0, 0x50, 0xff, 0xff, 0x80, 0x0, 0x0,
    0x0, 0x0, 0x0, 0x0, 0x0, 0x0, 0x0, 0x9d,
    0xff, 0xff, 0x5c, 0x0, 0x50, 0xff, 0xff, 0x80,
    0x0, 0x0, 0x0, 0x0, 0x0, 0x0, 0x0, 0x0,
    0x0, 0x55, 0xff, 0xff, 0xa5, 0x0, 0x50, 0xff,
    0xff, 0x80, 0x0, 0x0, 0x0, 0x0, 0x0, 0x0,
    0x0, 0x0, 0x0, 0x10, 0xfc, 0xff, 0xec, 0x2,

    /* U+0E2C "ฬ" */
    0x0, 0x0, 0x0, 0x0, 0x0, 0x0, 0x0, 0x0,
    0x0, 0x0, 0x0, 0x0, 0x0, 0x0, 0x0, 0x52,
    0xff, 0xff, 0x8e, 0x0, 0x0, 0x0, 0x0, 0x0,
    0x0, 0x0, 0x0, 0x0, 0x0, 0x0, 0x0, 0x0,
    0x0, 0x1f, 0xef, 0xff, 0xbf, 0x4, 0x0, 0x0,
    0x0, 0x0, 0x0, 0x0, 0x0, 0x0, 0x0, 0x0,
    0x0, 0x0, 0x0, 0x4, 0xc7, 0xff, 0xe2, 0x15,
    0x0, 0x0, 0x0, 0x0, 0x0, 0x0, 0x0, 0x0,
    0x0, 0x0, 0x0, 0x0, 0x0, 0x0, 0x89, 0xff,
    0xf8, 0x35, 0x0, 0x0, 0x0, 0x0, 0x0, 0x0,
    0x0, 0x0, 0x0, 0x0, 0x0, 0x0, 0x0, 0x0,
    0x47, 0xfe, 0xff, 0x63, 0x0, 0x0, 0x0, 0x0,
    0x0, 0x0, 0x0, 0x0, 0x0, 0x0, 0x0, 0x0,
    0x0, 0x0, 0x19, 0xe9, 0xff, 0xb2, 0x2, 0x0,
    0x0, 0x0, 0x50, 0xff, 0xff, 0x70, 0x0, 0x0,
    0x0, 0x0, 0x0, 0x0, 0x0, 0x49, 0xff, 0xff,
    0xff, 0xe1, 0x43, 0x0, 0x0, 0x50, 0xff, 0xff,
    0x70, 0x0, 0x0, 0x0, 0x0, 0x0, 0x0, 0x0,
    0x3, 0x36, 0x5c, 0xd9, 0xff, 0xf5, 0x1f, 0x0,
    0x50, 0xff, 0xff, 0x70, 0x0, 0x0, 0x0, 0x0,
    0x0, 0x0, 0x0, 0x0, 0x0, 0x0, 0x19, 0xfb,
    0xff, 0x8e, 0x0, 0x50, 0xff, 0xff, 0x70, 0x0,
    0x0, 0x0, 0x0, 0x0, 0x0, 0x0, 0x0, 0x0,
    0x0, 0x0, 0xcb, 0xff, 0xd4, 0x0, 0x50, 0xff,
    0xff, 0x70, 0x0, 0x0, 0x0, 0x0, 0x0, 0x0,
    0x0, 0x0, 0x0, 0x0, 0x0, 0xb4, 0xff, 0xf3,
    0x0, 0x50, 0xff, 0xff, 0x70, 0x0, 0x0, 0x0,
    0x0, 0x5c, 0x64, 0x34, 0x0, 0x0, 0x0, 0x0,
    0xb0, 0xff, 0xff, 0x0, 0x50, 0xff, 0xff, 0x70,
    0x0, 0x0, 0x0, 0x46, 0xff, 0xff, 0xdc, 0x4,
    0x0, 0x0, 0x0, 0xb0, 0xff, 0xff, 0x0, 0x50,
    0xff, 0xff, 0x70, 0x0, 0x0, 0x0, 0xc5, 0xff,
    0xfd, 0xff, 0x64, 0x0, 0x0, 0x0, 0xb0, 0xff,
    0xff, 0x0, 0x50, 0xff, 0xff, 0x70, 0x0, 0x0,
    0x46, 0xff, 0xfd, 0x91, 0xff, 0xe1, 0x6, 0x0,
    0x0, 0xb0, 0xff, 0xff, 0x0, 0x50, 0xff, 0xff,
    0x70, 0x0, 0x0, 0xc5, 0xff, 0xbc, 0x27, 0xff,
    0xff, 0x6c, 0x0, 0x0, 0xb0, 0xff, 0xff, 0x0,
    0x50, 0xff, 0xff, 0x70, 0x0, 0x45, 0xff, 0xff,
    0x50, 0x0, 0xb9, 0xff, 0xe6, 0x9, 0x0, 0xb0,
    0xff, 0xff, 0x0, 0x50, 0xff, 0xff, 0x6e, 0x0,
    0xc4, 0xff, 0xd6, 0x2, 0x0, 0x3d, 0xff, 0xff,
    0x73, 0x0, 0xaf, 0xff, 0xff, 0x0, 0x50, 0xff,
    0xff, 0x6b, 0x43, 0xff, 0xff, 0x5b, 0x0, 0x0,
    0x0, 0xbd, 0xff, 0xea, 0xc, 0xab, 0xff, 0xff,
    0x0, 0x50, 0xff, 0xff, 0x64, 0xb8, 0xff, 0xdb,
    0x3, 0x0, 0x0, 0x0, 0x3c, 0xff, 0xff, 0x71,
    0xa3, 0xff, 0xff, 0x0, 0x50, 0xff, 0xff, 0x74,
    0xfe, 0xff, 0x61, 0x0, 0x0, 0x0, 0x0, 0x0,
    0xbc, 0xff, 0xd5, 0x96, 0xff, 0xff, 0x0, 0x50,
    0xff, 0xff, 0xb4, 0xff, 0xe0, 0x5, 0x0, 0x0,
    0x0, 0x0, 0x0, 0x3b, 0xff, 0xff, 0xae, 0xff,
    0xff, 0x0, 0x50, 0xff, 0xff, 0xe8, 0xff, 0x68,
    0x0, 0x0, 0x0, 0x0, 0x0, 0x0, 0x0, 0xba,
    0xff, 0xe6, 0xff, 0xff, 0x0, 0x50, 0xff, 0xff,
    0xff, 0xe4, 0x7, 0x0, 0x0, 0x0, 0x0, 0x0,
    0x0, 0x0, 0x39, 0xff, 0xff, 0xff, 0xff, 0x0,
    0x50, 0xff, 0xff, 0xff, 0x6e, 0x0, 0x0, 0x0,
    0x0, 0x0, 0x0, 0x0, 0x0, 0x0, 0xb9, 0xff,
    0xff, 0xff, 0x0, 0x50, 0xff, 0xff, 0xe8, 0x9,
    0x0, 0x0, 0x0, 0x0, 0x0, 0x0, 0x0, 0x0,
    0x0, 0x38, 0xff, 0xff, 0xff, 0x0,

    /* U+0E2D "อ" */
    0x0, 0x0, 0x0, 0x0, 0x3b, 0x84, 0xc5, 0xe2,
    0xf8, 0xf0, 0xda, 0xa1, 0x51, 0x1, 0x0, 0x0,
    0x0, 0x0, 0x0, 0x1, 0x5d, 0xd2, 0xff, 0xff,
    0xff, 0xff, 0xff, 0xff, 0xff, 0xff, 0xff, 0xcb,
    0x28, 0x0, 0x0, 0x0, 0x7, 0xc0, 0xff, 0xff,
    0xff, 0xea, 0xb0, 0x90, 0x7e, 0x89, 0xb5, 0xf7,
    0xff, 0xff, 0xeb, 0x2f, 0x0, 0x0, 0x0, 0xc6,
    0xfe, 0xaa, 0x3e, 0x0, 0x0, 0x0, 0x0, 0x0,
    0x0, 0x1b, 0xb6, 0xff, 0xff, 0xd7, 0x8, 0x0,
    0x0, 0x43, 0x3d, 0x0, 0x0, 0x0, 0x0, 0x0,
    0x0, 0x0, 0x0, 0x0, 0x4, 0xba, 0xff, 0xff,
    0x75, 0x0, 0x0, 0x0, 0x0, 0x0, 0x0, 0x0,
    0x0, 0x0, 0x0, 0x0, 0x0, 0x0, 0x0, 0x1e,
    0xfa, 0xff, 0xde, 0x1, 0x0, 0x0, 0x0, 0x0,
    0x0, 0x0, 0x0, 0x0, 0x0, 0x0, 0x0, 0x0,
    0x0, 0x0, 0xac, 0xff, 0xff, 0x29, 0x0, 0x0,
    0x0, 0x0, 0x0, 0x0, 0x0, 0x0, 0x0, 0x0,
    0x0, 0x0, 0x0, 0x0, 0x6a, 0xff, 0xff, 0x5f,
    0x0, 0x0, 0x19, 0x53, 0x6e, 0x70, 0x70, 0x28,
    0x0, 0x0, 0x0, 0x0, 0x0, 0x0, 0x3f, 0xff,
    0xff, 0x7d, 0x0, 0x57, 0xf5, 0xff, 0xff, 0xff,
    0xff, 0x5c, 0x0, 0x0, 0x0, 0x0, 0x0, 0x0,
    0x2e, 0xff, 0xff, 0x8e, 0x9, 0xef, 0xff, 0xff,
    0xff, 0xff, 0xff, 0x5c, 0x0, 0x0, 0x0, 0x0,
    0x0, 0x0, 0x31, 0xff, 0xff, 0x91, 0x30, 0xff,
    0xff, 0xcd, 0x8, 0x0, 0x0, 0x0, 0x0, 0x0,
    0x0, 0x0, 0x0, 0x0, 0x3f, 0xff, 0xff, 0x81,
    0x44, 0xff, 0xff, 0x94, 0x0, 0x0, 0x0, 0x0,
    0x0, 0x0, 0x0, 0x0, 0x0, 0x0, 0x66, 0xff,
    0xff, 0x69, 0x3a, 0xff, 0xff, 0x9b, 0x0, 0x0,
    0x0, 0x0, 0x0, 0x0, 0x0, 0x0, 0x0, 0x0,
    0xa1, 0xff, 0xff, 0x34, 0x23, 0xff, 0xff, 0xc1,
    0x0, 0x0, 0x0, 0x0, 0x0, 0x0, 0x0, 0x0,
    0x0, 0xf, 0xf2, 0xff, 0xed, 0x5, 0x0, 0xe6,
    0xff, 0xfc, 0x27, 0x0, 0x0, 0x0, 0x0, 0x0,
    0x0, 0x0, 0x0, 0x9b, 0xff, 0xff, 0x8b, 0x0,
    0x0, 0x81, 0xff, 0xff, 0xd8, 0x2b, 0x0, 0x0,
    0x0, 0x0, 0x0, 0xe, 0x97, 0xff, 0xff, 0xea,
    0x16, 0x0, 0x0, 0xc, 0xd0, 0xff, 0xff, 0xfe,
    0xc3, 0x8f, 0x7c, 0x85, 0xaa, 0xf0, 0xff, 0xff,
    0xf8, 0x47, 0x0, 0x0, 0x0, 0x0, 0x16, 0xb5,
    0xff, 0xff, 0xff, 0xff, 0xff, 0xff, 0xff, 0xff,
    0xff, 0xde, 0x3d, 0x0, 0x0, 0x0, 0x0, 0x0,
    0x0, 0x0, 0x3a, 0x94, 0xca, 0xec, 0xfa, 0xf4,
    0xdf, 0xac, 0x60, 0x6, 0x0, 0x0, 0x0, 0x0,

    /* U+0E2E "ฮ" */
    0x0, 0x0, 0x0, 0x0, 0x0, 0x0, 0x0, 0x0,
    0x0, 0x0, 0x0, 0x0, 0x0, 0x0, 0x4b, 0x80,
    0x80, 0x4c, 0x0, 0x0, 0x0, 0x0, 0x0, 0x0,
    0x0, 0x0, 0x0, 0x0, 0x0, 0x0, 0x0, 0x23,
    0xf4, 0xff, 0xee, 0x1e, 0x0, 0x0, 0x0, 0x0,
    0x3b, 0x84, 0xc5, 0xe2, 0xf8, 0xec, 0xd0, 0x91,
    0x32, 0xc1, 0xff, 0xff, 0x52, 0x0, 0x0, 0x1,
    0x5d, 0xd2, 0xff, 0xff, 0xff, 0xff, 0xff, 0xff,
    0xff, 0xff, 0xff, 0xff, 0xff, 0x96, 0x0, 0x0,
    0x7, 0xc0, 0xff, 0xff, 0xff, 0xea, 0xb0, 0x90,
    0x7e, 0x89, 0xb8, 0xfa, 0xff, 0xff, 0xfd, 0x1c,
    0x0, 0x0, 0x0, 0xc6, 0xfe, 0xaa, 0x3e, 0x0,
    0x0, 0x0, 0x0, 0x0, 0x0, 0x22, 0xc1, 0xff,
    0xff, 0xbc, 0x3, 0x0, 0x0, 0x43, 0x3d, 0x0,
    0x0, 0x0, 0x0, 0x0, 0x0, 0x0, 0x0, 0x0,
    0x8, 0xc5, 0xff, 0xff, 0x5b, 0x0, 0x0, 0x0,
    0x0, 0x0, 0x0, 0x0, 0x0, 0x0, 0x0, 0x0,
    0x0, 0x0, 0x0, 0x25, 0xfc, 0xff, 0xd2, 0x0,
    0x0, 0x0, 0x0, 0x0, 0x0, 0x0, 0x0, 0x0,
    0x0, 0x0, 0x0, 0x0, 0x0, 0x0, 0xb1, 0xff,
    0xff, 0x1e, 0x0, 0x0, 0x0, 0x0, 0x0, 0x0,
    0x0, 0x0, 0x0, 0x0, 0x0, 0x0, 0x0, 0x0,
    0x6c, 0xff, 0xff, 0x5b, 0x0, 0x0, 0x19, 0x53,
    0x6e, 0x70, 0x70, 0x28, 0x0, 0x0, 0x0, 0x0,
    0x0, 0x0, 0x40, 0xff, 0xff, 0x7a, 0x0, 0x57,
    0xf5, 0xff, 0xff, 0xff, 0xff, 0x5c, 0x0, 0x0,
    0x0, 0x0, 0x0, 0x0, 0x2e, 0xff, 0xff, 0x8c,
    0x9, 0xef, 0xff, 0xff, 0xff, 0xff, 0xff, 0x5c,
    0x0, 0x0, 0x0, 0x0, 0x0, 0x0, 0x31, 0xff,
    0xff, 0x91, 0x30, 0xff, 0xff, 0xcd, 0x8, 0x0,
    0x0, 0x0, 0x0, 0x0, 0x0, 0x0, 0x0, 0x0,
    0x3f, 0xff, 0xff, 0x81, 0x44, 0xff, 0xff, 0x94,
    0x0, 0x0, 0x0, 0x0, 0x0, 0x0, 0x0, 0x0,
    0x0, 0x0, 0x66, 0xff, 0xff, 0x69, 0x3a, 0xff,
    0xff, 0x9b, 0x0, 0x0, 0x0, 0x0, 0x0, 0x0,
    0x0, 0x0, 0x0, 0x0, 0xa1, 0xff, 0xff, 0x35,
    0x23, 0xff, 0xff, 0xc1, 0x0, 0x0, 0x0, 0x0,
    0x0, 0x0, 0x0, 0x0, 0x0, 0xf, 0xf2, 0xff,
    0xee, 0x6, 0x0, 0xe6, 0xff, 0xfc, 0x27, 0x0,
    0x0, 0x0, 0x0, 0x0, 0x0, 0x0, 0x0, 0x9b,
    0xff, 0xff, 0x8d, 0x0, 0x0, 0x81, 0xff, 0xff,
    0xd8, 0x2b, 0x0, 0x0, 0x0, 0x0, 0x0, 0xe,
    0x97, 0xff, 0xff, 0xea, 0x17, 0x0, 0x0, 0xc,
    0xd0, 0xff, 0xff, 0xfe, 0xc3, 0x8f, 0x7c, 0x85,
    0xaa, 0xf0, 0xff, 0xff, 0xf8, 0x47, 0x0, 0x0,
    0x0, 0x0, 0x16, 0xb5, 0xff, 0xff, 0xff, 0xff,
    0xff, 0xff, 0xff, 0xff, 0xff, 0xde, 0x3d, 0x0,
    0x0, 0x0, 0x0, 0x0, 0x0, 0x0, 0x3a, 0x94,
    0xca, 0xec, 0xfa, 0xf4, 0xdf, 0xac, 0x60, 0x6,
    0x0, 0x0, 0x0, 0x0,

    /* U+0E2F "ฯ" */
    0xa0, 0xff, 0xff, 0x18, 0x0, 0x0, 0x0, 0x0,
    0x0, 0x0, 0x0, 0x0, 0x91, 0xff, 0xff, 0x20,
    0x9d, 0xff, 0xff, 0x19, 0x0, 0x0, 0x0, 0x0,
    0x0, 0x0, 0x0, 0x0, 0xa9, 0xff, 0xff, 0x20,
    0x92, 0xff, 0xff, 0x24, 0x0, 0x0, 0x0, 0x0,
    0x0, 0x0, 0x0, 0x4, 0xea, 0xff, 0xff, 0x20,
    0x7a, 0xff, 0xff, 0x46, 0x0, 0x0, 0x0, 0x0,
    0x0, 0x0, 0x0, 0x6e, 0xff, 0xff, 0xff, 0x20,
    0x4c, 0xff, 0xff, 0x8c, 0x0, 0x0, 0x0, 0x0,
    0x0, 0x0, 0x32, 0xf6, 0xff, 0xff, 0xff, 0x20,
    0xb, 0xf5, 0xff, 0xf2, 0x22, 0x0, 0x0, 0x0,
    0x0, 0x3e, 0xed, 0xff, 0xed, 0xff, 0xff, 0x20,
    0x0, 0x8a, 0xff, 0xff, 0xe8, 0x71, 0x43, 0x55,
    0xa6, 0xfe, 0xff, 0xac, 0xb0, 0xff, 0xff, 0x20,
    0x0, 0xa, 0xc1, 0xff, 0xff, 0xff, 0xff, 0xff,
    0xff, 0xff, 0x9b, 0x6, 0xb0, 0xff, 0xff, 0x20,
    0x0, 0x0, 0x5, 0x6f, 0xca, 0xf2, 0xf4, 0xd5,
    0x96, 0x2f, 0x0, 0x0, 0xb0, 0xff, 0xff, 0x20,
    0x0, 0x0, 0x0, 0x0, 0x0, 0x0, 0x0, 0x0,
    0x0, 0x0, 0x0, 0x0, 0xb0, 0xff, 0xff, 0x20,
    0x0, 0x0, 0x0, 0x0, 0x0, 0x0, 0x0, 0x0,
    0x0, 0x0, 0x0, 0x0, 0xb0, 0xff, 0xff, 0x20,
    0x0, 0x0, 0x0, 0x0, 0x0, 0x0, 0x0, 0x0,
    0x0, 0x0, 0x0, 0x0, 0xb0, 0xff, 0xff, 0x20,
    0x0, 0x0, 0x0, 0x0, 0x0, 0x0, 0x0, 0x0,
    0x0, 0x0, 0x0, 0x0, 0xb0, 0xff, 0xff, 0x20,
    0x0, 0x0, 0x0, 0x0, 0x0, 0x0, 0x0, 0x0,
    0x0, 0x0, 0x0, 0x0, 0xb0, 0xff, 0xff, 0x20,
    0x0, 0x0, 0x0, 0x0, 0x0, 0x0, 0x0, 0x0,
    0x0, 0x0, 0x0, 0x0, 0xb0, 0xff, 0xff, 0x20,
    0x0, 0x0, 0x0, 0x0, 0x0, 0x0, 0x0, 0x0,
    0x0, 0x0, 0x0, 0x0, 0xb0, 0xff, 0xff, 0x20,
    0x0, 0x0, 0x0, 0x0, 0x0, 0x0, 0x0, 0x0,
    0x0, 0x0, 0x0, 0x0, 0xb0, 0xff, 0xff, 0x20,
    0x0, 0x0, 0x0, 0x0, 0x0, 0x0, 0x0, 0x0,
    0x0, 0x0, 0x0, 0x0, 0xb0, 0xff, 0xff, 0x20,
    0x0, 0x0, 0x0, 0x0, 0x0, 0x0, 0x0, 0x0,
    0x0, 0x0, 0x0, 0x0, 0xb0, 0xff, 0xff, 0x20,
    0x0, 0x0, 0x0, 0x0, 0x0, 0x0, 0x0, 0x0,
    0x0, 0x0, 0x0, 0x0, 0xb0, 0xff, 0xff, 0x20,

    /* U+0E30 "ะ" */
    0x78, 0xff, 0xff, 0x38, 0x0, 0x0, 0x0, 0x0,
    0x74, 0xff, 0xff, 0x54, 0x0, 0x0, 0x0, 0x0,
    0x50, 0xff, 0xff, 0xff, 0xff, 0xff, 0xff, 0x94,
    0x3, 0xb8, 0xff, 0xff, 0xff, 0xff, 0xff, 0x94,
    0x0, 0x0, 0x30, 0x52, 0x58, 0x58, 0x58, 0x32,
    0x0, 0x0, 0x0, 0x0, 0x0, 0x0, 0x0, 0x0,
    0x0, 0x0, 0x0, 0x0, 0x0, 0x0, 0x0, 0x0,
    0x0, 0x0, 0x0, 0x0, 0x0, 0x0, 0x0, 0x0,
    0x0, 0x0, 0x0, 0x0, 0x0, 0x0, 0x0, 0x0,
    0x30, 0x68, 0x68, 0x16, 0x0, 0x0, 0x0, 0x0,
    0x78, 0xff, 0xff, 0x38, 0x0, 0x0, 0x0, 0x0,
    0x6c, 0xff, 0xff, 0x99, 0x50, 0x50, 0x50, 0x2e,
    0x33, 0xfe, 0xff, 0xff, 0xff, 0xff, 0xff, 0x94,
    0x0, 0x62, 0xd8, 0xfa, 0xff, 0xff, 0xff, 0x94,

    /* U+0E31 "ั" */
    0x6e, 0x80, 0x6a, 0x0, 0x0, 0x0, 0x0, 0x0,
    0x0, 0x0, 0x0, 0x0, 0x0, 0xdb, 0xff, 0xd7,
    0x0, 0x0, 0x0, 0x0, 0x0, 0x0, 0x0, 0x0,
    0x0, 0x0, 0xc5, 0xff, 0xfc, 0x71, 0x58, 0x58,
    0x58, 0x58, 0x58, 0x58, 0x58, 0x58, 0x4, 0x79,
    0xff, 0xff, 0xff, 0xff, 0xff, 0xff, 0xff, 0xff,
    0xff, 0xff, 0xff, 0xc, 0x4, 0x81, 0xdd, 0xfa,
    0xff, 0xff, 0xff, 0xff, 0xff, 0xff, 0xff, 0xff,
    0xc,

    /* U+0E32 "า" */
    0x0, 0x0, 0x7, 0x5a, 0xa6, 0xdc, 0xf5, 0xf4,
    0xd8, 0x97, 0x29, 0x0, 0x0, 0x0, 0x0, 0x66,
    0xe5, 0xff, 0xff, 0xff, 0xff, 0xff, 0xff, 0xff,
    0xfc, 0x6e, 0x0, 0x0, 0x77, 0xff, 0xff, 0xfc,
    0xc8, 0x93, 0x7e, 0x8b, 0xcd, 0xff, 0xff, 0xff,
    0x51, 0x0, 0x44, 0xfe, 0x97, 0x1d, 0x0, 0x0,
    0x0, 0x0, 0x0, 0x6d, 0xff, 0xff, 0xe0, 0x3,
    0x3, 0x3f, 0x0, 0x0, 0x0, 0x0, 0x0, 0x0,
    0x0, 0x0, 0xb5, 0xff, 0xff, 0x43, 0x0, 0x0,
    0x0, 0x0, 0x0, 0x0, 0x0, 0x0, 0x0, 0x0,
    0x5c, 0xff, 0xff, 0x7c, 0x0, 0x0, 0x0, 0x0,
    0x0, 0x0, 0x0, 0x0, 0x0, 0x0, 0x34, 0xff,
    0xff, 0x98, 0x0, 0x0, 0x0, 0x0, 0x0, 0x0,
    0x0, 0x0, 0x0, 0x0, 0x28, 0xff, 0xff, 0xa6,
    0x0, 0x0, 0x0, 0x0, 0x0, 0x0, 0x0, 0x0,
    0x0, 0x0, 0x28, 0xff, 0xff, 0xa8, 0x0, 0x0,
    0x0, 0x0, 0x0, 0x0, 0x0, 0x0, 0x0, 0x0,
    0x28, 0xff, 0xff, 0xa8, 0x0, 0x0, 0x0, 0x0,
    0x0, 0x0, 0x0, 0x0, 0x0, 0x0, 0x28, 0xff,
    0xff, 0xa8, 0x0, 0x0, 0x0, 0x0, 0x0, 0x0,
    0x0, 0x0, 0x0, 0x0, 0x28, 0xff, 0xff, 0xa8,
    0x0, 0x0, 0x0, 0x0, 0x0, 0x0, 0x0, 0x0,
    0x0, 0x0, 0x28, 0xff, 0xff, 0xa8, 0x0, 0x0,
    0x0, 0x0, 0x0, 0x0, 0x0, 0x0, 0x0, 0x0,
    0x28, 0xff, 0xff, 0xa8, 0x0, 0x0, 0x0, 0x0,
    0x0, 0x0, 0x0, 0x0, 0x0, 0x0, 0x28, 0xff,
    0xff, 0xa8, 0x0, 0x0, 0x0, 0x0, 0x0, 0x0,
    0x0, 0x0, 0x0, 0x0, 0x28, 0xff, 0xff, 0xa8,
    0x0, 0x0, 0x0, 0x0, 0x0, 0x0, 0x0, 0x0,
    0x0, 0x0, 0x28, 0xff, 0xff, 0xa8, 0x0, 0x0,
    0x0, 0x0, 0x0, 0x0, 0x0, 0x0, 0x0, 0x0,
    0x28, 0xff, 0xff, 0xa8, 0x0, 0x0, 0x0, 0x0,
    0x0, 0x0, 0x0, 0x0, 0x0, 0x0, 0x28, 0xff,
    0xff, 0xa8, 0x0, 0x0, 0x0, 0x0, 0x0, 0x0,
    0x0, 0x0, 0x0, 0x0, 0x28, 0xff, 0xff, 0xa8,

    /* U+0E33 "ำ" */
    0x0, 0xc, 0x91, 0xdc, 0xd4, 0x79, 0x3, 0x0,
    0x0, 0x0, 0x0, 0x0, 0x0, 0x0, 0x0, 0x0,
    0x0, 0x0, 0x0, 0x0, 0x0, 0x0, 0x0, 0xb6,
    0xff, 0xff, 0xff, 0xff, 0x8e, 0x0, 0x0, 0x0,
    0x0, 0x0, 0x0, 0x0, 0x0, 0x0, 0x0, 0x0,
    0x0, 0x0, 0x0, 0x0, 0x38, 0xff, 0xcc, 0x1b,
    0x2d, 0xe9, 0xfd, 0x17, 0x0, 0x0, 0x0, 0x0,
    0x0, 0x0, 0x0, 0x0, 0x0, 0x0, 0x0, 0x0,
    0x0, 0x0, 0x60, 0xff, 0x73, 0x0, 0x0, 0xa3,
    0xff, 0x3f, 0x0, 0x0, 0x0, 0x0, 0x0, 0x0,
    0x0, 0x0, 0x0, 0x0, 0x0, 0x0, 0x0, 0x0,
    0x40, 0xff, 0xc2, 0x8, 0x15, 0xe2, 0xff, 0x1e,
    0x0, 0x0, 0x0, 0x0, 0x0, 0x0, 0x0, 0x0,
    0x0, 0x0, 0x0, 0x0, 0x0, 0x0, 0x3, 0xca,
    0xff, 0xee, 0xf4, 0xff, 0xa4, 0x0, 0x0, 0x0,
    0x0, 0x0, 0x0, 0x0, 0x0, 0x0, 0x0, 0x0,
    0x0, 0x0, 0x0, 0x0, 0x0, 0x15, 0xa4, 0xeb,
    0xe3, 0x8c, 0x8, 0x0, 0x0, 0x0, 0x0, 0x0,
    0x0, 0x0, 0x0, 0x0, 0x0, 0x0, 0x0, 0x0,
    0x0, 0x0, 0x0, 0x0, 0x0, 0x0, 0x0, 0x0,
    0x0, 0x0, 0x0, 0x0, 0x0, 0x0, 0x0, 0x0,
    0x0, 0x0, 0x0, 0x0, 0x0, 0x0, 0x0, 0x0,
    0x0, 0x0, 0x0, 0x0, 0x0, 0x0, 0x0, 0x0,
    0x0, 0x0, 0x0, 0x0, 0x0, 0x0, 0x0, 0x0,
    0x0, 0x0, 0x0, 0x0, 0x0, 0x0, 0x0, 0x0,
    0x0, 0x0, 0x0, 0x0, 0x0, 0x0, 0x0, 0x0,
    0x7, 0x5a, 0xa6, 0xdc, 0xf5, 0xf4, 0xd8, 0x97,
    0x29, 0x0, 0x0, 0x0, 0x0, 0x0, 0x0, 0x0,
    0x0, 0x0, 0x0, 0x0, 0x0, 0x66, 0xe5, 0xff,
    0xff, 0xff, 0xff, 0xff, 0xff, 0xff, 0xfc, 0x6e,
    0x0, 0x0, 0x0, 0x0, 0x0, 0x0, 0x0, 0x0,
    0x0, 0x0, 0x77, 0xff, 0xff, 0xfc, 0xc8, 0x93,
    0x7e, 0x8b, 0xcd, 0xff, 0xff, 0xff, 0x51, 0x0,
    0x0, 0x0, 0x0, 0x0, 0x0, 0x0, 0x0, 0x0,
    0x44, 0xfe, 0x97, 0x1d, 0x0, 0x0, 0x0, 0x0,
    0x0, 0x6d, 0xff, 0xff, 0xe0, 0x3, 0x0, 0x0,
    0x0, 0x0, 0x0, 0x0, 0x0, 0x0, 0x3, 0x3f,
    0x0, 0x0, 0x0, 0x0, 0x0, 0x0, 0x0, 0x0,
    0xb5, 0xff, 0xff, 0x43, 0x0, 0x0, 0x0, 0x0,
    0x0, 0x0, 0x0, 0x0, 0x0, 0x0, 0x0, 0x0,
    0x0, 0x0, 0x0, 0x0, 0x0, 0x0, 0x5c, 0xff,
    0xff, 0x7c, 0x0, 0x0, 0x0, 0x0, 0x0, 0x0,
    0x0, 0x0, 0x0, 0x0, 0x0, 0x0, 0x0, 0x0,
    0x0, 0x0, 0x0, 0x0, 0x34, 0xff, 0xff, 0x98,
    0x0, 0x0, 0x0, 0x0, 0x0, 0x0, 0x0, 0x0,
    0x0, 0x0, 0x0, 0x0, 0x0, 0x0, 0x0, 0x0,
    0x0, 0x0, 0x28, 0xff, 0xff, 0xa6, 0x0, 0x0,
    0x0, 0x0, 0x0, 0x0, 0x0, 0x0, 0x0, 0x0,
    0x0, 0x0, 0x0, 0x0, 0x0, 0x0, 0x0, 0x0,
    0x28, 0xff, 0xff, 0xa8, 0x0, 0x0, 0x0, 0x0,
    0x0, 0x0, 0x0, 0x0, 0x0, 0x0, 0x0, 0x0,
    0x0, 0x0, 0x0, 0x0, 0x0, 0x0, 0x28, 0xff,
    0xff, 0xa8, 0x0, 0x0, 0x0, 0x0, 0x0, 0x0,
    0x0, 0x0, 0x0, 0x0, 0x0, 0x0, 0x0, 0x0,
    0x0, 0x0, 0x0, 0x0, 0x28, 0xff, 0xff, 0xa8,
    0x0, 0x0, 0x0, 0x0, 0x0, 0x0, 0x0, 0x0,
    0x0, 0x0, 0x0, 0x0, 0x0, 0x0, 0x0, 0x0,
    0x0, 0x0, 0x28, 0xff, 0xff, 0xa8, 0x0, 0x0,
    0x0, 0x0, 0x0, 0x0, 0x0, 0x0, 0x0, 0x0,
    0x0, 0x0, 0x0, 0x0, 0x0, 0x0, 0x0, 0x0,
    0x28, 0xff, 0xff, 0xa8, 0x0, 0x0, 0x0, 0x0,
    0x0, 0x0, 0x0, 0x0, 0x0, 0x0, 0x0, 0x0,
    0x0, 0x0, 0x0, 0x0, 0x0, 0x0, 0x28, 0xff,
    0xff, 0xa8, 0x0, 0x0, 0x0, 0x0, 0x0, 0x0,
    0x0, 0x0, 0x0, 0x0, 0x0, 0x0, 0x0, 0x0,
    0x0, 0x0, 0x0, 0x0, 0x28, 0xff, 0xff, 0xa8,
    0x0, 0x0, 0x0, 0x0, 0x0, 0x0, 0x0, 0x0,
    0x0, 0x0, 0x0, 0x0, 0x0, 0x0, 0x0, 0x0,
    0x0, 0x0, 0x28, 0xff, 0xff, 0xa8, 0x0, 0x0,
    0x0, 0x0, 0x0, 0x0, 0x0, 0x0, 0x0, 0x0,
    0x0, 0x0, 0x0, 0x0, 0x0, 0x0, 0x0, 0x0,
    0x28, 0xff, 0xff, 0xa8, 0x0, 0x0, 0x0, 0x0,
    0x0, 0x0, 0x0, 0x0, 0x0, 0x0, 0x0, 0x0,
    0x0, 0x0, 0x0, 0x0, 0x0, 0x0, 0x28, 0xff,
    0xff, 0xa8, 0x0, 0x0, 0x0, 0x0, 0x0, 0x0,
    0x0, 0x0, 0x0, 0x0, 0x0, 0x0, 0x0, 0x0,
    0x0, 0x0, 0x0, 0x0, 0x28, 0xff, 0xff, 0xa8,
    0x0, 0x0, 0x0, 0x0, 0x0, 0x0, 0x0, 0x0,
    0x0, 0x0, 0x0, 0x0, 0x0, 0x0, 0x0, 0x0,
    0x0, 0x0, 0x28, 0xff, 0xff, 0xa8,

    /* U+0E34 "ิ" */
    0x21, 0x58, 0x58, 0x58, 0x58, 0x58, 0x58, 0x58,
    0x58, 0x58, 0x58, 0x58, 0x58, 0x58, 0x58, 0x21,
    0x60, 0xff, 0xff, 0xff, 0xff, 0xff, 0xff, 0xff,
    0xff, 0xff, 0xff, 0xff, 0xff, 0xff, 0xff, 0x60,
    0x60, 0xff, 0xff, 0xff, 0xff, 0xff, 0xff, 0xff,
    0xff, 0xff, 0xff, 0xff, 0xff, 0xff, 0xff, 0x60,

    /* U+0E35 "ี" */
    0x0, 0x0, 0x0, 0x0, 0x0, 0x0, 0x0, 0x0,
    0x0, 0x0, 0x0, 0x0, 0x20, 0x80, 0x80, 0x30,
    0x0, 0x0, 0x0, 0x0, 0x0, 0x0, 0x0, 0x0,
    0x0, 0x0, 0x0, 0x0, 0x40, 0xff, 0xff, 0x60,
    0x0, 0x0, 0x0, 0x0, 0x0, 0x0, 0x0, 0x0,
    0x0, 0x0, 0x0, 0x0, 0x40, 0xff, 0xff, 0x60,
    0x21, 0x58, 0x58, 0x58, 0x58, 0x58, 0x58, 0x58,
    0x58, 0x58, 0x58, 0x58, 0x82, 0xff, 0xff, 0x60,
    0x60, 0xff, 0xff, 0xff, 0xff, 0xff, 0xff, 0xff,
    0xff, 0xff, 0xff, 0xff, 0xff, 0xff, 0xff, 0x60,
    0x60, 0xff, 0xff, 0xff, 0xff, 0xff, 0xff, 0xff,
    0xff, 0xff, 0xff, 0xff, 0xff, 0xff, 0xff, 0x60,

    /* U+0E36 "ึ" */
    0x0, 0x0, 0x0, 0x0, 0x0, 0x0, 0x0, 0x0,
    0x0, 0x0, 0x0, 0x73, 0xe0, 0xed, 0x9f, 0xf,
    0x0, 0x0, 0x0, 0x0, 0x0, 0x0, 0x0, 0x0,
    0x0, 0x0, 0x0, 0x65, 0xff, 0xee, 0xdd, 0xff,
    0xad, 0x0, 0x0, 0x0, 0x0, 0x0, 0x0, 0x0,
    0x0, 0x0, 0x0, 0x0, 0xc0, 0xfe, 0x1e, 0x3,
    0xcb, 0xfe, 0xc, 0x1e, 0x58, 0x58, 0x58, 0x58,
    0x58, 0x58, 0x58, 0x58, 0x58, 0xde, 0xfe, 0x20,
    0x3, 0xcd, 0xfe, 0xe, 0x58, 0xff, 0xff, 0xff,
    0xff, 0xff, 0xff, 0xff, 0xff, 0xff, 0xff, 0xff,
    0xf0, 0xe0, 0xff, 0xb4, 0x0, 0x58, 0xff, 0xff,
    0xff, 0xff, 0xff, 0xff, 0xff, 0xff, 0xff, 0xff,
    0xff, 0xff, 0xee, 0xa2, 0x12, 0x0,

    /* U+0E37 "ื" */
    0x0, 0x0, 0x0, 0x0, 0x0, 0x0, 0x0, 0x0,
    0xc, 0x80, 0x80, 0x1c, 0x0, 0x7e, 0x80, 0x30,
    0x0, 0x0, 0x0, 0x0, 0x0, 0x0, 0x0, 0x0,
    0x18, 0xff, 0xff, 0x38, 0x0, 0xfc, 0xff, 0x60,
    0x0, 0x0, 0x0, 0x0, 0x0, 0x0, 0x0, 0x0,
    0x18, 0xff, 0xff, 0x38, 0x0, 0xfc, 0xff, 0x60,
    0x21, 0x58, 0x58, 0x58, 0x58, 0x58, 0x58, 0x58,
    0x67, 0xff, 0xff, 0x7c, 0x58, 0xfd, 0xff, 0x60,
    0x60, 0xff, 0xff, 0xff, 0xff, 0xff, 0xff, 0xff,
    0xff, 0xff, 0xff, 0xff, 0xff, 0xff, 0xff, 0x60,
    0x60, 0xff, 0xff, 0xff, 0xff, 0xff, 0xff, 0xff,
    0xff, 0xff, 0xff, 0xff, 0xff, 0xff, 0xff, 0x60,

    /* U+0E38 "ุ" */
    0x25, 0x58, 0x56, 0x3b, 0x3, 0x0, 0x6c, 0xff,
    0xff, 0xff, 0xc5, 0x3, 0x6c, 0xff, 0xff, 0xff,
    0xff, 0x3f, 0x0, 0x0, 0x80, 0xff, 0xff, 0x5c,
    0x0, 0x0, 0x60, 0xff, 0xff, 0x60, 0x0, 0x0,
    0x60, 0xff, 0xff, 0x60, 0x0, 0x0, 0x60, 0xff,
    0xff, 0x60,

    /* U+0E39 "ู" */
    0x38, 0xff, 0xff, 0xff, 0xff, 0x44, 0x0, 0x0,
    0x48, 0xff, 0xff, 0x60, 0x38, 0xff, 0xff, 0xff,
    0xff, 0x44, 0x0, 0x0, 0x48, 0xff, 0xff, 0x60,
    0x10, 0x4c, 0x8c, 0xff, 0xff, 0x44, 0x0, 0x0,
    0x48, 0xff, 0xff, 0x60, 0x0, 0x0, 0x57, 0xff,
    0xff, 0x4f, 0x0, 0x0, 0x53, 0xff, 0xff, 0x5b,
    0x0, 0x0, 0x34, 0xff, 0xff, 0xbb, 0x1d, 0x1e,
    0xbe, 0xff, 0xff, 0x36, 0x0, 0x0, 0x0, 0xbf,
    0xff, 0xff, 0xff, 0xff, 0xff, 0xff, 0xbb, 0x0,
    0x0, 0x0, 0x0, 0xc, 0x89, 0xda, 0xf9, 0xf8,
    0xd8, 0x83, 0xa, 0x0,

    /* U+0E3A "ฺ" */
    0x0, 0x3, 0x36, 0x1f, 0x0, 0x6, 0xc2, 0xff,
    0xfc, 0x63, 0x52, 0xff, 0xff, 0xff, 0xe7, 0x42,
    0xff, 0xff, 0xff, 0xd7, 0x0, 0x87, 0xf0, 0xd7,
    0x39,

    /* U+0E40 "เ" */
    0x48, 0xff, 0xff, 0x88, 0x48, 0xff, 0xff, 0x88,
    0x48, 0xff, 0xff, 0x88, 0x48, 0xff, 0xff, 0x88,
    0x48, 0xff, 0xff, 0x88, 0x48, 0xff, 0xff, 0x88,
    0x48, 0xff, 0xff, 0x88, 0x48, 0xff, 0xff, 0x88,
    0x48, 0xff, 0xff, 0x88, 0x48, 0xff, 0xff, 0x88,
    0x48, 0xff, 0xff, 0x88, 0x48, 0xff, 0xff, 0x88,
    0x48, 0xff, 0xff, 0x88, 0x48, 0xff, 0xff, 0x88,
    0x48, 0xff, 0xff, 0x88, 0x48, 0xff, 0xff, 0x88,
    0x48, 0xff, 0xff, 0x88, 0x48, 0xff, 0xff, 0x88,
    0x48, 0xff, 0xff, 0x88, 0x48, 0xff, 0xff, 0x88,

    /* U+0E41 "แ" */
    0x48, 0xff, 0xff, 0x78, 0x0, 0x0, 0x0, 0x80,
    0xff, 0xff, 0x38, 0x48, 0xff, 0xff, 0x78, 0x0,
    0x0, 0x0, 0x80, 0xff, 0xff, 0x38, 0x48, 0xff,
    0xff, 0x78, 0x0, 0x0, 0x0, 0x80, 0xff, 0xff,
    0x38, 0x48, 0xff, 0xff, 0x78, 0x0, 0x0, 0x0,
    0x80, 0xff, 0xff, 0x38, 0x48, 0xff, 0xff, 0x78,
    0x0, 0x0, 0x0, 0x80, 0xff, 0xff, 0x38, 0x48,
    0xff, 0xff, 0x78, 0x0, 0x0, 0x0, 0x80, 0xff,
    0xff, 0x38, 0x48, 0xff, 0xff, 0x78, 0x0, 0x0,
    0x0, 0x80, 0xff, 0xff, 0x38, 0x48, 0xff, 0xff,
    0x78, 0x0, 0x0, 0x0, 0x80, 0xff, 0xff, 0x38,
    0x48, 0xff, 0xff, 0x78, 0x0, 0x0, 0x0, 0x80,
    0xff, 0xff, 0x38, 0x48, 0xff, 0xff, 0x78, 0x0,
    0x0, 0x0, 0x80, 0xff, 0xff, 0x38, 0x48, 0xff,
    0xff, 0x78, 0x0, 0x0, 0x0, 0x80, 0xff, 0xff,
    0x38, 0x48, 0xff, 0xff, 0x78, 0x0, 0x0, 0x0,
    0x80, 0xff, 0xff, 0x38, 0x48, 0xff, 0xff, 0x78,
    0x0, 0x0, 0x0, 0x80, 0xff, 0xff, 0x38, 0x48,
    0xff, 0xff, 0x78, 0x0, 0x0, 0x0, 0x80, 0xff,
    0xff, 0x38, 0x48, 0xff, 0xff, 0x78, 0x0, 0x0,
    0x0, 0x80, 0xff, 0xff, 0x38, 0x48, 0xff, 0xff,
    0x78, 0x0, 0x0, 0x0, 0x80, 0xff, 0xff, 0x38,
    0x48, 0xff, 0xff, 0x78, 0x0, 0x0, 0x0, 0x80,
    0xff, 0xff, 0x38, 0x48, 0xff, 0xff, 0x78, 0x0,
    0x0, 0x0, 0x80, 0xff, 0xff, 0x38, 0x48, 0xff,
    0xff, 0x78, 0x0, 0x0, 0x0, 0x80, 0xff, 0xff,
    0x38, 0x48, 0xff, 0xff, 0x78, 0x0, 0x0, 0x0,
    0x80, 0xff, 0xff, 0x38,

    /* U+0E42 "โ" */
    0x0, 0x0, 0x0, 0x0, 0x0, 0x10, 0x49, 0x6d,
    0x7b, 0x70, 0x5c, 0x47, 0x13, 0x0, 0x0, 0x0,
    0x0, 0x0, 0x3d, 0xb5, 0xfc, 0xff, 0xff, 0xff,
    0xff, 0xff, 0xff, 0xfd, 0xcb, 0x2e, 0x0, 0x4,
    0x96, 0xff, 0xff, 0xff, 0xff, 0xff, 0xf8, 0xf6,
    0xff, 0xff, 0xff, 0xff, 0x27, 0x0, 0x9d, 0xff,
    0xff, 0xf0, 0x84, 0x37, 0x9, 0x0, 0x0, 0x7,
    0x2c, 0x6b, 0xc3, 0x2, 0x38, 0xff, 0xff, 0xfc,
    0x36, 0x0, 0x0, 0x0, 0x0, 0x0, 0x0, 0x0,
    0x0, 0x0, 0x0, 0xc, 0x90, 0xff, 0xff, 0xe1,
    0x27, 0x0, 0x0, 0x0, 0x0, 0x0, 0x0, 0x0,
    0x0, 0x0, 0x0, 0x0, 0x6c, 0xff, 0xff, 0xdb,
    0xa, 0x0, 0x0, 0x0, 0x0, 0x0, 0x0, 0x0,
    0x0, 0x0, 0x0, 0x0, 0x9d, 0xff, 0xff, 0x76,
    0x0, 0x0, 0x0, 0x0, 0x0, 0x0, 0x0, 0x0,
    0x0, 0x0, 0x0, 0x1a, 0xf9, 0xff, 0xd4, 0x0,
    0x0, 0x0, 0x0, 0x0, 0x0, 0x0, 0x0, 0x0,
    0x0, 0x0, 0x0, 0xb9, 0xff, 0xff, 0x26, 0x0,
    0x0, 0x0, 0x0, 0x0, 0x0, 0x0, 0x0, 0x0,
    0x0, 0x0, 0x7f, 0xff, 0xff, 0x4b, 0x0, 0x0,
    0x0, 0x0, 0x0, 0x0, 0x0, 0x0, 0x0, 0x0,
    0x0, 0x69, 0xff, 0xff, 0x64, 0x0, 0x0, 0x0,
    0x0, 0x0, 0x0, 0x0, 0x0, 0x0, 0x0, 0x0,
    0x64, 0xff, 0xff, 0x70, 0x0, 0x0, 0x0, 0x0,
    0x0, 0x0, 0x0, 0x0, 0x0, 0x0, 0x0, 0x64,
    0xff, 0xff, 0x70, 0x0, 0x0, 0x0, 0x0, 0x0,
    0x0, 0x0, 0x0, 0x0, 0x0, 0x0, 0x64, 0xff,
    0xff, 0x70, 0x0, 0x0, 0x0, 0x0, 0x0, 0x0,
    0x0, 0x0, 0x0, 0x0, 0x0, 0x64, 0xff, 0xff,
    0x70, 0x0, 0x0, 0x0, 0x0, 0x0, 0x0, 0x0,
    0x0, 0x0, 0x0, 0x0, 0x64, 0xff, 0xff, 0x70,
    0x0, 0x0, 0x0, 0x0, 0x0, 0x0, 0x0, 0x0,
    0x0, 0x0, 0x0, 0x64, 0xff, 0xff, 0x70, 0x0,
    0x0, 0x0, 0x0, 0x0, 0x0, 0x0, 0x0, 0x0,
    0x0, 0x0, 0x64, 0xff, 0xff, 0x70, 0x0, 0x0,
    0x0, 0x0, 0x0, 0x0, 0x0, 0x0, 0x0, 0x0,
    0x0, 0x64, 0xff, 0xff, 0x70, 0x0, 0x0, 0x0,
    0x0, 0x0, 0x0, 0x0, 0x0, 0x0, 0x0, 0x0,
    0x64, 0xff, 0xff, 0x70, 0x0, 0x0, 0x0, 0x0,
    0x0, 0x0, 0x0, 0x0, 0x0, 0x0, 0x0, 0x64,
    0xff, 0xff, 0x70, 0x0, 0x0, 0x0, 0x0, 0x0,
    0x0, 0x0, 0x0, 0x0, 0x0, 0x0, 0x64, 0xff,
    0xff, 0x70, 0x0, 0x0, 0x0, 0x0, 0x0, 0x0,
    0x0, 0x0, 0x0, 0x0, 0x0, 0x64, 0xff, 0xff,
    0x70, 0x0, 0x0, 0x0, 0x0, 0x0, 0x0, 0x0,
    0x0, 0x0, 0x0, 0x0, 0x64, 0xff, 0xff, 0x70,
    0x0, 0x0, 0x0, 0x0, 0x0, 0x0, 0x0, 0x0,
    0x0, 0x0, 0x0, 0x64, 0xff, 0xff, 0x70, 0x0,
    0x0, 0x0, 0x0, 0x0, 0x0, 0x0, 0x0, 0x0,
    0x0, 0x0, 0x64, 0xff, 0xff, 0x70, 0x0, 0x0,
    0x0, 0x0, 0x0, 0x0, 0x0, 0x0, 0x0, 0x0,
    0x0, 0x64, 0xff, 0xff, 0x70, 0x0, 0x0, 0x0,
    0x0, 0x0, 0x0, 0x0, 0x0, 0x0, 0x0, 0x0,
    0x64, 0xff, 0xff, 0x70, 0x0, 0x0, 0x0, 0x0,
    0x0, 0x0, 0x0, 0x0, 0x0, 0x0, 0x0, 0x64,
    0xff, 0xff, 0x70, 0x0, 0x0, 0x0, 0x0, 0x0,
    0x0, 0x0, 0x0, 0x0, 0x0, 0x0, 0x64, 0xff,
    0xff, 0x70, 0x0, 0x0, 0x0, 0x0, 0x0, 0x0,
    0x0, 0x0, 0x0, 0x0, 0x0, 0x64, 0xff, 0xff,
    0x70, 0x0, 0x0, 0x0, 0x0, 0x0, 0x0, 0x0,
    0x0, 0x0, 0x0, 0x0, 0x64, 0xff, 0xff, 0x70,
    0x0, 0x0, 0x0, 0x0, 0x0, 0x0, 0x0,

    /* U+0E43 "ใ" */
    0x0, 0x0, 0x0, 0x0, 0xe, 0x4e, 0x6d, 0x78,
    0x5d, 0x1d, 0x0, 0x0, 0x0, 0x0, 0x0, 0x1d,
    0xa4, 0xf7, 0xff, 0xff, 0xff, 0xff, 0xfc, 0x9c,
    0xa, 0x0, 0x0, 0x50, 0xf4, 0xff, 0xff, 0xff,
    0xff, 0xff, 0xff, 0xff, 0xff, 0xb6, 0x1, 0x14,
    0xf9, 0xff, 0xe9, 0x7c, 0x2e, 0xc, 0x12, 0x54,
    0xeb, 0xff, 0xff, 0x51, 0x0, 0xc0, 0xa4, 0xe,
    0x0, 0x0, 0x0, 0x0, 0x0, 0x68, 0xff, 0xff,
    0xa0, 0x0, 0x1c, 0x0, 0x0, 0x0, 0x0, 0x0,
    0x0, 0x0, 0x3b, 0xff, 0xff, 0xb8, 0x0, 0x0,
    0x0, 0x0, 0x0, 0x0, 0x0, 0x0, 0x0, 0x64,
    0xff, 0xff, 0x99, 0x0, 0x0, 0x0, 0x0, 0x0,
    0x0, 0x0, 0x0, 0x7, 0xd6, 0xff, 0xff, 0x3e,
    0x0, 0x0, 0x0, 0x0, 0x0, 0x0, 0x0, 0x0,
    0x96, 0xff, 0xff, 0xb6, 0x0, 0x0, 0x0, 0x0,
    0x0, 0x0, 0x0, 0x0, 0x56, 0xff, 0xff, 0xe9,
    0x1b, 0x0, 0x0, 0x0, 0x0, 0x0, 0x0, 0x0,
    0x1e, 0xf2, 0xff, 0xfc, 0x42, 0x0, 0x0, 0x0,
    0x0, 0x0, 0x0, 0x0, 0x0, 0xa4, 0xff, 0xff,
    0x8e, 0x0, 0x0, 0x0, 0x0, 0x0, 0x0, 0x0,
    0x0, 0x14, 0xfa, 0xff, 0xf6, 0x10, 0x0, 0x0,
    0x0, 0x0, 0x0, 0x0, 0x0, 0x0, 0x4c, 0xff,
    0xff, 0xa8, 0x0, 0x0, 0x0, 0x0, 0x0, 0x0,
    0x0, 0x0, 0x0, 0x63, 0xff, 0xff, 0x7d, 0x0,
    0x0, 0x0, 0x0, 0x0, 0x0, 0x0, 0x0, 0x0,
    0x64, 0xff, 0xff, 0x70, 0x0, 0x0, 0x0, 0x0,
    0x0, 0x0, 0x0, 0x0, 0x0, 0x64, 0xff, 0xff,
    0x70, 0x0, 0x0, 0x0, 0x0, 0x0, 0x0, 0x0,
    0x0, 0x0, 0x64, 0xff, 0xff, 0x70, 0x0, 0x0,
    0x0, 0x0, 0x0, 0x0, 0x0, 0x0, 0x0, 0x64,
    0xff, 0xff, 0x70, 0x0, 0x0, 0x0, 0x0, 0x0,
    0x0, 0x0, 0x0, 0x0, 0x64, 0xff, 0xff, 0x70,
    0x0, 0x0, 0x0, 0x0, 0x0, 0x0, 0x0, 0x0,
    0x0, 0x64, 0xff, 0xff, 0x70, 0x0, 0x0, 0x0,
    0x0, 0x0, 0x0, 0x0, 0x0, 0x0, 0x64, 0xff,
    0xff, 0x70, 0x0, 0x0, 0x0, 0x0, 0x0, 0x0,
    0x0, 0x0, 0x0, 0x64, 0xff, 0xff, 0x70, 0x0,
    0x0, 0x0, 0x0, 0x0, 0x0, 0x0, 0x0, 0x0,
    0x64, 0xff, 0xff, 0x70, 0x0, 0x0, 0x0, 0x0,
    0x0, 0x0, 0x0, 0x0, 0x0, 0x64, 0xff, 0xff,
    0x70, 0x0, 0x0, 0x0, 0x0, 0x0, 0x0, 0x0,
    0x0, 0x0, 0x64, 0xff, 0xff, 0x70, 0x0, 0x0,
    0x0, 0x0, 0x0, 0x0, 0x0, 0x0, 0x0, 0x64,
    0xff, 0xff, 0x70, 0x0, 0x0, 0x0, 0x0, 0x0,
    0x0, 0x0, 0x0, 0x0, 0x64, 0xff, 0xff, 0x70,
    0x0, 0x0, 0x0, 0x0, 0x0, 0x0, 0x0, 0x0,
    0x0, 0x64, 0xff, 0xff, 0x70, 0x0, 0x0, 0x0,
    0x0, 0x0, 0x0, 0x0, 0x0, 0x0, 0x64, 0xff,
    0xff, 0x70, 0x0, 0x0, 0x0, 0x0, 0x0, 0x0,
    0x0, 0x0, 0x0, 0x64, 0xff, 0xff, 0x70, 0x0,
    0x0, 0x0, 0x0, 0x0, 0x0, 0x0, 0x0, 0x0,
    0x64, 0xff, 0xff, 0x70, 0x0, 0x0, 0x0, 0x0,
    0x0, 0x0, 0x0, 0x0, 0x0, 0x64, 0xff, 0xff,
    0x70, 0x0, 0x0, 0x0, 0x0,

    /* U+0E44 "ไ" */
    0x24, 0xff, 0xff, 0xff, 0xff, 0xff, 0xff, 0xff,
    0xff, 0xff, 0xff, 0xff, 0xec, 0x24, 0xff, 0xff,
    0xff, 0xff, 0xff, 0xff, 0xff, 0xff, 0xff, 0xff,
    0xff, 0xec, 0xd, 0x60, 0x60, 0x60, 0x60, 0x60,
    0x60, 0x60, 0x66, 0xed, 0xff, 0xe3, 0x4a, 0x0,
    0x0, 0x0, 0x0, 0x0, 0x0, 0x0, 0x0, 0xac,
    0xff, 0xe6, 0x19, 0x0, 0x0, 0x0, 0x0, 0x0,
    0x0, 0x0, 0x0, 0x55, 0xff, 0xff, 0x47, 0x0,
    0x0, 0x0, 0x0, 0x0, 0x0, 0x0, 0x0, 0x0,
    0xcf, 0xff, 0xdc, 0x1, 0x0, 0x0, 0x0, 0x0,
    0x0, 0x0, 0x0, 0x0, 0x1d, 0xff, 0xff, 0x9a,
    0x0, 0x0, 0x0, 0x0, 0x0, 0x0, 0x0, 0x0,
    0x0, 0x47, 0xff, 0xff, 0x7f, 0x0, 0x0, 0x0,
    0x0, 0x0, 0x0, 0x0, 0x0, 0x0, 0x5d, 0xff,
    0xff, 0x70, 0x0, 0x0, 0x0, 0x0, 0x0, 0x0,
    0x0, 0x0, 0x0, 0x64, 0xff, 0xff, 0x70, 0x0,
    0x0, 0x0, 0x0, 0x0, 0x0, 0x0, 0x0, 0x0,
    0x64, 0xff, 0xff, 0x70, 0x0, 0x0, 0x0, 0x0,
    0x0, 0x0, 0x0, 0x0, 0x0, 0x64, 0xff, 0xff,
    0x70, 0x0, 0x0, 0x0, 0x0, 0x0, 0x0, 0x0,
    0x0, 0x0, 0x64, 0xff, 0xff, 0x70, 0x0, 0x0,
    0x0, 0x0, 0x0, 0x0, 0x0, 0x0, 0x0, 0x64,
    0xff, 0xff, 0x70, 0x0, 0x0, 0x0, 0x0, 0x0,
    0x0, 0x0, 0x0, 0x0, 0x64, 0xff, 0xff, 0x70,
    0x0, 0x0, 0x0, 0x0, 0x0, 0x0, 0x0, 0x0,
    0x0, 0x64, 0xff, 0xff, 0x70, 0x0, 0x0, 0x0,
    0x0, 0x0, 0x0, 0x0, 0x0, 0x0, 0x64, 0xff,
    0xff, 0x70, 0x0, 0x0, 0x0, 0x0, 0x0, 0x0,
    0x0, 0x0, 0x0, 0x64, 0xff, 0xff, 0x70, 0x0,
    0x0, 0x0, 0x0, 0x0, 0x0, 0x0, 0x0, 0x0,
    0x64, 0xff, 0xff, 0x70, 0x0, 0x0, 0x0, 0x0,
    0x0, 0x0, 0x0, 0x0, 0x0, 0x64, 0xff, 0xff,
    0x70, 0x0, 0x0, 0x0, 0x0, 0x0, 0x0, 0x0,
    0x0, 0x0, 0x64, 0xff, 0xff, 0x70, 0x0, 0x0,
    0x0, 0x0, 0x0, 0x0, 0x0, 0x0, 0x0, 0x64,
    0xff, 0xff, 0x70, 0x0, 0x0, 0x0, 0x0, 0x0,
    0x0, 0x0, 0x0, 0x0, 0x64, 0xff, 0xff, 0x70,
    0x0, 0x0, 0x0, 0x0, 0x0, 0x0, 0x0, 0x0,
    0x0, 0x64, 0xff, 0xff, 0x70, 0x0, 0x0, 0x0,
    0x0, 0x0, 0x0, 0x0, 0x0, 0x0, 0x64, 0xff,
    0xff, 0x70, 0x0, 0x0, 0x0, 0x0, 0x0, 0x0,
    0x0, 0x0, 0x0, 0x64, 0xff, 0xff, 0x70, 0x0,
    0x0, 0x0, 0x0, 0x0, 0x0, 0x0, 0x0, 0x0,
    0x64, 0xff, 0xff, 0x70, 0x0, 0x0, 0x0, 0x0,
    0x0, 0x0, 0x0, 0x0, 0x0, 0x64, 0xff, 0xff,
    0x70, 0x0, 0x0, 0x0, 0x0, 0x0, 0x0, 0x0,
    0x0, 0x0, 0x64, 0xff, 0xff, 0x70, 0x0, 0x0,
    0x0, 0x0, 0x0, 0x0, 0x0, 0x0, 0x0, 0x64,
    0xff, 0xff, 0x70, 0x0, 0x0, 0x0, 0x0, 0x0,
    0x0, 0x0, 0x0, 0x0, 0x64, 0xff, 0xff, 0x70,
    0x0, 0x0, 0x0, 0x0, 0x0, 0x0, 0x0, 0x0,
    0x0, 0x64, 0xff, 0xff, 0x70, 0x0, 0x0, 0x0,

    /* U+0E45 "ๅ" */
    0x0, 0x0, 0x7, 0x5a, 0xa6, 0xdc, 0xf5, 0xf4,
    0xd8, 0x97, 0x29, 0x0, 0x0, 0x0, 0x0, 0x66,
    0xe5, 0xff, 0xff, 0xff, 0xff, 0xff, 0xff, 0xff,
    0xfc, 0x6e, 0x0, 0x0, 0x77, 0xff, 0xff, 0xfc,
    0xc8, 0x93, 0x7e, 0x8b, 0xcd, 0xff, 0xff, 0xff,
    0x51, 0x0, 0x44, 0xfe, 0x97, 0x1d, 0x0, 0x0,
    0x0, 0x0, 0x0, 0x6d, 0xff, 0xff, 0xe0, 0x3,
    0x3, 0x3f, 0x0, 0x0, 0x0, 0x0, 0x0, 0x0,
    0x0, 0x0, 0xb5, 0xff, 0xff, 0x43, 0x0, 0x0,
    0x0, 0x0, 0x0, 0x0, 0x0, 0x0, 0x0, 0x0,
    0x5c, 0xff, 0xff, 0x7c, 0x0, 0x0, 0x0, 0x0,
    0x0, 0x0, 0x0, 0x0, 0x0, 0x0, 0x34, 0xff,
    0xff, 0x98, 0x0, 0x0, 0x0, 0x0, 0x0, 0x0,
    0x0, 0x0, 0x0, 0x0, 0x28, 0xff, 0xff, 0xa6,
    0x0, 0x0, 0x0, 0x0, 0x0, 0x0, 0x0, 0x0,
    0x0, 0x0, 0x28, 0xff, 0xff, 0xa8, 0x0, 0x0,
    0x0, 0x0, 0x0, 0x0, 0x0, 0x0, 0x0, 0x0,
    0x28, 0xff, 0xff, 0xa8, 0x0, 0x0, 0x0, 0x0,
    0x0, 0x0, 0x0, 0x0, 0x0, 0x0, 0x28, 0xff,
    0xff, 0xa8, 0x0, 0x0, 0x0, 0x0, 0x0, 0x0,
    0x0, 0x0, 0x0, 0x0, 0x28, 0xff, 0xff, 0xa8,
    0x0, 0x0, 0x0, 0x0, 0x0, 0x0, 0x0, 0x0,
    0x0, 0x0, 0x28, 0xff, 0xff, 0xa8, 0x0, 0x0,
    0x0, 0x0, 0x0, 0x0, 0x0, 0x0, 0x0, 0x0,
    0x28, 0xff, 0xff, 0xa8, 0x0, 0x0, 0x0, 0x0,
    0x0, 0x0, 0x0, 0x0, 0x0, 0x0, 0x28, 0xff,
    0xff, 0xa8, 0x0, 0x0, 0x0, 0x0, 0x0, 0x0,
    0x0, 0x0, 0x0, 0x0, 0x28, 0xff, 0xff, 0xa8,
    0x0, 0x0, 0x0, 0x0, 0x0, 0x0, 0x0, 0x0,
    0x0, 0x0, 0x28, 0xff, 0xff, 0xa8, 0x0, 0x0,
    0x0, 0x0, 0x0, 0x0, 0x0, 0x0, 0x0, 0x0,
    0x28, 0xff, 0xff, 0xa8, 0x0, 0x0, 0x0, 0x0,
    0x0, 0x0, 0x0, 0x0, 0x0, 0x0, 0x28, 0xff,
    0xff, 0xa8, 0x0, 0x0, 0x0, 0x0, 0x0, 0x0,
    0x0, 0x0, 0x0, 0x0, 0x28, 0xff, 0xff, 0xa8,
    0x0, 0x0, 0x0, 0x0, 0x0, 0x0, 0x0, 0x0,
    0x0, 0x0, 0x28, 0xff, 0xff, 0xa8, 0x0, 0x0,
    0x0, 0x0, 0x0, 0x0, 0x0, 0x0, 0x0, 0x0,
    0x28, 0xff, 0xff, 0xa8, 0x0, 0x0, 0x0, 0x0,
    0x0, 0x0, 0x0, 0x0, 0x0, 0x0, 0x28, 0xff,
    0xff, 0xa8, 0x0, 0x0, 0x0, 0x0, 0x0, 0x0,
    0x0, 0x0, 0x0, 0x0, 0x28, 0xff, 0xff, 0xa8,
    0x0, 0x0, 0x0, 0x0, 0x0, 0x0, 0x0, 0x0,
    0x0, 0x0, 0x28, 0xff, 0xff, 0xa8, 0x0, 0x0,
    0x0, 0x0, 0x0, 0x0, 0x0, 0x0, 0x0, 0x0,
    0x28, 0xff, 0xff, 0xa8, 0x0, 0x0, 0x0, 0x0,
    0x0, 0x0, 0x0, 0x0, 0x0, 0x0, 0x28, 0xff,
    0xff, 0xa8,

    /* U+0E46 "ๆ" */
    0x0, 0x0, 0x0, 0x0, 0x1, 0x13, 0x0, 0x0,
    0x0, 0x0, 0x5, 0x1a, 0x0, 0x0, 0x0, 0x0,
    0x0, 0x0, 0x9, 0x85, 0xe4, 0xf5, 0x5b, 0x0,
    0x0, 0x1e, 0xc8, 0xff, 0xd7, 0x4e, 0x0, 0x0,
    0x0, 0x1f, 0xd9, 0xff, 0xff, 0xff, 0xff, 0x94,
    0x4f, 0xed, 0xff, 0xff, 0xff, 0xfe, 0x56, 0x0,
    0x0, 0xc2, 0xff, 0xf5, 0x7c, 0x68, 0xf1, 0xff,
    0xff, 0xff, 0xa3, 0x65, 0xf5, 0xff, 0xeb, 0xa,
    0x21, 0xff, 0xff, 0x69, 0x0, 0x0, 0x20, 0xc4,
    0xee, 0x57, 0x0, 0x0, 0x7b, 0xff, 0xff, 0x55,
    0x3e, 0xff, 0xff, 0x31, 0x0, 0x0, 0x0, 0x3,
    0x16, 0x0, 0x0, 0x0, 0x3e, 0xff, 0xff, 0x88,
    0x2e, 0xff, 0xff, 0x5c, 0x0, 0x0, 0x0, 0x0,
    0x0, 0x0, 0x0, 0x0, 0x2d, 0xff, 0xff, 0x99,
    0x3, 0xe7, 0xff, 0xea, 0x6a, 0x45, 0x25, 0x0,
    0x0, 0x0, 0x0, 0x0, 0x2c, 0xff, 0xff, 0x9c,
    0x0, 0x56, 0xfd, 0xff, 0xff, 0xff, 0x89, 0x0,
    0x0, 0x0, 0x0, 0x0, 0x2c, 0xff, 0xff, 0x9c,
    0x0, 0x0, 0x3f, 0xba, 0xf3, 0xf9, 0x97, 0x0,
    0x0, 0x0, 0x0, 0x0, 0x2c, 0xff, 0xff, 0x9c,
    0x0, 0x0, 0x0, 0x0, 0x0, 0x0, 0x0, 0x0,
    0x0, 0x0, 0x0, 0x0, 0x2c, 0xff, 0xff, 0x9c,
    0x0, 0x0, 0x0, 0x0, 0x0, 0x0, 0x0, 0x0,
    0x0, 0x0, 0x0, 0x0, 0x2c, 0xff, 0xff, 0x9c,
    0x0, 0x0, 0x0, 0x0, 0x0, 0x0, 0x0, 0x0,
    0x0, 0x0, 0x0, 0x0, 0x2c, 0xff, 0xff, 0x9c,
    0x0, 0x0, 0x0, 0x0, 0x0, 0x0, 0x0, 0x0,
    0x0, 0x0, 0x0, 0x0, 0x2c, 0xff, 0xff, 0x9c,
    0x0, 0x0, 0x0, 0x0, 0x0, 0x0, 0x0, 0x0,
    0x0, 0x0, 0x0, 0x0, 0x2c, 0xff, 0xff, 0x9c,
    0x0, 0x0, 0x0, 0x0, 0x0, 0x0, 0x0, 0x0,
    0x0, 0x0, 0x0, 0x0, 0x2c, 0xff, 0xff, 0x9c,
    0x0, 0x0, 0x0, 0x0, 0x0, 0x0, 0x0, 0x0,
    0x0, 0x0, 0x0, 0x0, 0x2c, 0xff, 0xff, 0x9c,
    0x0, 0x0, 0x0, 0x0, 0x0, 0x0, 0x0, 0x0,
    0x0, 0x0, 0x0, 0x0, 0x2c, 0xff, 0xff, 0x9c,
    0x0, 0x0, 0x0, 0x0, 0x0, 0x0, 0x0, 0x0,
    0x0, 0x0, 0x0, 0x0, 0x2c, 0xff, 0xff, 0x9c,
    0x0, 0x0, 0x0, 0x0, 0x0, 0x0, 0x0, 0x0,
    0x0, 0x0, 0x0, 0x0, 0x2c, 0xff, 0xff, 0x9c,
    0x0, 0x0, 0x0, 0x0, 0x0, 0x0, 0x0, 0x0,
    0x0, 0x0, 0x0, 0x0, 0x2c, 0xff, 0xff, 0x9c,
    0x0, 0x0, 0x0, 0x0, 0x0, 0x0, 0x0, 0x0,
    0x0, 0x0, 0x0, 0x0, 0x2c, 0xff, 0xff, 0x9c,
    0x0, 0x0, 0x0, 0x0, 0x0, 0x0, 0x0, 0x0,
    0x0, 0x0, 0x0, 0x0, 0x2c, 0xff, 0xff, 0x9c,
    0x0, 0x0, 0x0, 0x0, 0x0, 0x0, 0x0, 0x0,
    0x0, 0x0, 0x0, 0x0, 0x2c, 0xff, 0xff, 0x9c,
    0x0, 0x0, 0x0, 0x0, 0x0, 0x0, 0x0, 0x0,
    0x0, 0x0, 0x0, 0x0, 0x2c, 0xff, 0xff, 0x9c,
    0x0, 0x0, 0x0, 0x0, 0x0, 0x0, 0x0, 0x0,
    0x0, 0x0, 0x0, 0x0, 0x2c, 0xff, 0xff, 0x9c,
    0x0, 0x0, 0x0, 0x0, 0x0, 0x0, 0x0, 0x0,
    0x0, 0x0, 0x0, 0x0, 0x2c, 0xff, 0xff, 0x9c,
    0x0, 0x0, 0x0, 0x0, 0x0, 0x0, 0x0, 0x0,
    0x0, 0x0, 0x0, 0x0, 0x2c, 0xff, 0xff, 0x9c,

    /* U+0E47 "็" */
    0x0, 0x0, 0x0, 0xd, 0x35, 0x3f, 0x40, 0x40,
    0x40, 0x40, 0x40, 0x40, 0xa, 0x0, 0x8, 0x98,
    0xfb, 0xff, 0xff, 0xff, 0xff, 0xff, 0xff, 0xff,
    0xff, 0x28, 0x0, 0x98, 0xff, 0xff, 0xff, 0xff,
    0xff, 0xff, 0xff, 0xff, 0xff, 0xff, 0x28, 0xc,
    0xfa, 0xff, 0xcb, 0x1f, 0x0, 0x0, 0x0, 0x0,
    0x0, 0x0, 0x0, 0x0, 0x23, 0xff, 0xff, 0x77,
    0x0, 0x0, 0x35, 0x68, 0x1a, 0x0, 0x0, 0x0,
    0x0, 0x4, 0xf5, 0xff, 0xd1, 0x34, 0x3f, 0xe2,
    0xff, 0xd5, 0x7a, 0x70, 0x70, 0x15, 0x0, 0x78,
    0xff, 0xff, 0xff, 0xff, 0xff, 0xab, 0xff, 0xff,
    0xff, 0xff, 0x30, 0x0, 0x1, 0x74, 0xde, 0xfa,
    0xda, 0x63, 0x1, 0x81, 0xec, 0xff, 0xff, 0x30,

    /* U+0E48 "่" */
    0x2c, 0xb0, 0xb0, 0x42, 0x40, 0xff, 0xff, 0x60,
    0x40, 0xff, 0xff, 0x60, 0x40, 0xff, 0xff, 0x60,
    0x40, 0xff, 0xff, 0x60,

    /* U+0E49 "้" */
    0x14, 0x50, 0x50, 0x4b, 0x1a, 0x0, 0x0, 0x0,
    0x0, 0x0, 0x0, 0x40, 0xff, 0xff, 0xff, 0xf6,
    0x21, 0x0, 0x0, 0x0, 0x0, 0x0, 0x40, 0xff,
    0xff, 0xff, 0xff, 0x57, 0x0, 0x0, 0x0, 0x0,
    0x0, 0x0, 0x0, 0x17, 0xff, 0xff, 0x9a, 0x48,
    0x48, 0x48, 0x48, 0x22, 0x0, 0x0, 0x6, 0xfe,
    0xff, 0xff, 0xff, 0xff, 0xff, 0xff, 0x7c, 0x0,
    0x0, 0x0, 0x96, 0xfb, 0xff, 0xff, 0xff, 0xff,
    0xff, 0x7c,

    /* U+0E4A "๊" */
    0x0, 0x0, 0x0, 0x0, 0x0, 0x0, 0x0, 0x0,
    0x0, 0x0, 0x29, 0x30, 0x21, 0x0, 0x0, 0x14,
    0x1d, 0x0, 0x0, 0x16, 0x18, 0x0, 0x0, 0xb0,
    0xff, 0xc9, 0x1, 0x8e, 0xfe, 0xee, 0x3e, 0x2f,
    0xe7, 0xff, 0x98, 0x0, 0x95, 0xff, 0xe4, 0x5e,
    0xff, 0xff, 0xff, 0xf8, 0xf1, 0xff, 0xff, 0xff,
    0x2b, 0xb1, 0xff, 0xbc, 0xa3, 0xff, 0xdf, 0x2c,
    0xbf, 0xca, 0x23, 0xa1, 0xff, 0x90, 0xf9, 0xff,
    0x4b, 0x9e, 0xff, 0xc3, 0x0, 0x2, 0x6, 0x0,
    0x92, 0xff, 0xff, 0xfc, 0x79, 0x0, 0x3d, 0x80,
    0x7b, 0x2, 0x0, 0x0, 0x0, 0x50, 0x7f, 0x6d,
    0x25, 0x0, 0x0,

    /* U+0E4B "๋" */
    0x0, 0x0, 0xa, 0x44, 0x44, 0x14, 0x0, 0x0,
    0x0, 0x0, 0x20, 0xff, 0xff, 0x47, 0x0, 0x0,
    0x0, 0x0, 0x15, 0xff, 0xff, 0x3d, 0x0, 0x0,
    0x94, 0xff, 0xff, 0xff, 0xff, 0xff, 0xff, 0xb0,
    0x86, 0xe8, 0xe9, 0xff, 0xff, 0xed, 0xe8, 0x9f,
    0x0, 0x0, 0x17, 0xff, 0xff, 0x3e, 0x0, 0x0,
    0x0, 0x0, 0x22, 0xff, 0xff, 0x4a, 0x0, 0x0,

    /* U+0E4C "์" */
    0x0, 0x0, 0xb, 0x37, 0x4f, 0x50, 0x50, 0x17,
    0x0, 0x4a, 0xea, 0xff, 0xff, 0xff, 0xff, 0x4c,
    0x9, 0xec, 0xff, 0xff, 0xff, 0xff, 0xff, 0x4c,
    0x33, 0xff, 0xff, 0xd5, 0x16, 0x0, 0x0, 0x0,
    0x44, 0xff, 0xff, 0x9d, 0x0, 0x0, 0x0, 0x0,

    /* U+0E4D "ํ" */
    0x0, 0xc, 0x91, 0xdc, 0xd4, 0x79, 0x3, 0x0,
    0x0, 0xb6, 0xff, 0xff, 0xff, 0xff, 0x8e, 0x0,
    0x38, 0xff, 0xcc, 0x1b, 0x2d, 0xe9, 0xfd, 0x17,
    0x60, 0xff, 0x73, 0x0, 0x0, 0xa3, 0xff, 0x3f,
    0x40, 0xff, 0xc2, 0x8, 0x15, 0xe2, 0xff, 0x1e,
    0x3, 0xca, 0xff, 0xee, 0xf4, 0xff, 0xa4, 0x0,
    0x0, 0x15, 0xa4, 0xeb, 0xe3, 0x8c, 0x8, 0x0,

    /* U+0E4E "๎" */
    0x0, 0x0, 0x0, 0x2, 0x88, 0xd5, 0xe4, 0xe2,
    0x10, 0x0, 0x0, 0x0, 0x55, 0xff, 0xff, 0xff,
    0xff, 0x4f, 0x0, 0x0, 0x0, 0x48, 0xff, 0xda,
    0x8, 0x0, 0x0, 0x0, 0x61, 0xd0, 0xe8, 0xff,
    0xf9, 0x43, 0x0, 0x0, 0x41, 0xfe, 0xff, 0xf9,
    0xf1, 0xff, 0x5e, 0x0, 0x0, 0x92, 0xff, 0xdc,
    0xc, 0x0, 0x18, 0x9, 0x0, 0x0, 0x98, 0xff,
    0xdb, 0x9, 0x0, 0xa, 0x0, 0x0, 0x0, 0x41,
    0xfe, 0xff, 0xf2, 0xde, 0xe2, 0x0, 0x0, 0x0,
    0x0, 0x47, 0xc2, 0xf1, 0xf1, 0xa6, 0x0, 0x0,
    0x0,

    /* U+0E4F "๏" */
    0x0, 0x0, 0x0, 0x1, 0x57, 0xaf, 0xe0, 0xf1,
    0xdd, 0xa5, 0x46, 0x0, 0x0, 0x0, 0x0, 0x0,
    0x0, 0x1b, 0xc8, 0xe6, 0x7e, 0x40, 0x2e, 0x45,
    0x88, 0xef, 0xb1, 0xe, 0x0, 0x0, 0x0, 0x19,
    0xe3, 0xa7, 0xb, 0x0, 0x0, 0x0, 0x0, 0x0,
    0x13, 0xbd, 0xcd, 0xa, 0x0, 0x0, 0xbf, 0xac,
    0x1, 0x0, 0x54, 0xb1, 0xc9, 0xa6, 0x3c, 0x0,
    0x7, 0xc8, 0x9c, 0x0, 0x48, 0xee, 0x10, 0x0,
    0x94, 0xff, 0xff, 0xff, 0xff, 0xfe, 0x66, 0x0,
    0x26, 0xf9, 0x29, 0xa0, 0x8e, 0x0, 0x4e, 0xff,
    0xe1, 0x41, 0xe, 0x55, 0xf1, 0xfb, 0x26, 0x0,
    0xb4, 0x7e, 0xd3, 0x4f, 0x0, 0xab, 0xff, 0x3e,
    0x0, 0x0, 0x0, 0x6a, 0xff, 0x82, 0x0, 0x77,
    0xb2, 0xe6, 0x39, 0x0, 0xca, 0xfa, 0x1, 0x0,
    0x0, 0x0, 0x2b, 0xff, 0xa1, 0x0, 0x62, 0xc5,
    0xd8, 0x48, 0x0, 0xb6, 0xff, 0x22, 0x0, 0x0,
    0x0, 0x4f, 0xff, 0x8c, 0x0, 0x71, 0xb6, 0xad,
    0x7e, 0x0, 0x65, 0xff, 0xbc, 0xf, 0x0, 0x1a,
    0xd5, 0xff, 0x39, 0x0, 0xa7, 0x8a, 0x5c, 0xde,
    0x5, 0x4, 0xbc, 0xff, 0xf1, 0xcd, 0xf5, 0xff,
    0x91, 0x0, 0x16, 0xf4, 0x39, 0x4, 0xd9, 0x83,
    0x0, 0x8, 0x84, 0xe1, 0xfa, 0xd7, 0x6a, 0x0,
    0x0, 0xaa, 0xb8, 0x0, 0x0, 0x31, 0xf5, 0x76,
    0x0, 0x0, 0x0, 0x0, 0x0, 0x0, 0x4, 0x98,
    0xe6, 0x1a, 0x0, 0x0, 0x0, 0x3d, 0xec, 0xc4,
    0x56, 0x1a, 0x9, 0x1f, 0x61, 0xd5, 0xdb, 0x26,
    0x0, 0x0, 0x0, 0x0, 0x0, 0x14, 0x8e, 0xe7,
    0xff, 0xff, 0xff, 0xdd, 0x7c, 0xa, 0x0, 0x0,
    0x0, 0x0, 0x0, 0x0, 0x0, 0x0, 0x1, 0x1a,
    0x2a, 0x16, 0x0, 0x0, 0x0, 0x0, 0x0, 0x0,

    /* U+0E50 "๐" */
    0x0, 0x0, 0x0, 0x0, 0x0, 0x0, 0x0, 0x12,
    0x40, 0x55, 0x56, 0x42, 0x15, 0x0, 0x0, 0x0,
    0x0, 0x0, 0x0, 0x0, 0x0, 0x0, 0x0, 0x0,
    0x4, 0x5d, 0xca, 0xfd, 0xff, 0xff, 0xff, 0xff,
    0xfe, 0xce, 0x61, 0x5, 0x0, 0x0, 0x0, 0x0,
    0x0, 0x0, 0x0, 0x25, 0xcc, 0xff, 0xff, 0xff,
    0xff, 0xff, 0xff, 0xff, 0xff, 0xff, 0xff, 0xce,
    0x26, 0x0, 0x0, 0x0, 0x0, 0x0, 0x2c, 0xee,
    0xff, 0xff, 0xdb, 0x6d, 0x29, 0xa, 0xa, 0x28,
    0x6c, 0xda, 0xff, 0xff, 0xed, 0x2a, 0x0, 0x0,
    0x0, 0xc, 0xe3, 0xff, 0xff, 0x92, 0x5, 0x0,
    0x0, 0x0, 0x0, 0x0, 0x0, 0x5, 0x91, 0xff,
    0xff, 0xe0, 0xa, 0x0, 0x0, 0x83, 0xff, 0xff,
    0x9b, 0x0, 0x0, 0x0, 0x0, 0x0, 0x0, 0x0,
    0x0, 0x0, 0x0, 0x9c, 0xff, 0xff, 0x7d, 0x0,
    0x0, 0xe3, 0xff, 0xef, 0x10, 0x0, 0x0, 0x0,
    0x0, 0x0, 0x0, 0x0, 0x0, 0x0, 0x0, 0x11,
    0xf0, 0xff, 0xdd, 0x0, 0x29, 0xff, 0xff, 0xa3,
    0x0, 0x0, 0x0, 0x0, 0x0, 0x0, 0x0, 0x0,
    0x0, 0x0, 0x0, 0x0, 0xa7, 0xff, 0xff, 0x20,
    0x45, 0xff, 0xff, 0x75, 0x0, 0x0, 0x0, 0x0,
    0x0, 0x0, 0x0, 0x0, 0x0, 0x0, 0x0, 0x0,
    0x7b, 0xff, 0xff, 0x3c, 0x51, 0xff, 0xff, 0x6a,
    0x0, 0x0, 0x0, 0x0, 0x0, 0x0, 0x0, 0x0,
    0x0, 0x0, 0x0, 0x0, 0x6e, 0xff, 0xff, 0x49,
    0x3d, 0xff, 0xff, 0x80, 0x0, 0x0, 0x0, 0x0,
    0x0, 0x0, 0x0, 0x0, 0x0, 0x0, 0x0, 0x0,
    0x85, 0xff, 0xff, 0x34, 0x15, 0xfd, 0xff, 0xbf,
    0x0, 0x0, 0x0, 0x0, 0x0, 0x0, 0x0, 0x0,
    0x0, 0x0, 0x0, 0x0, 0xc4, 0xff, 0xfb, 0x10,
    0x0, 0xc5, 0xff, 0xfe, 0x33, 0x0, 0x0, 0x0,
    0x0, 0x0, 0x0, 0x0, 0x0, 0x0, 0x0, 0x37,
    0xff, 0xff, 0xbe, 0x0, 0x0, 0x4c, 0xff, 0xff,
    0xd9, 0x15, 0x0, 0x0, 0x0, 0x0, 0x0, 0x0,
    0x0, 0x0, 0x17, 0xdc, 0xff, 0xff, 0x46, 0x0,
    0x0, 0x0, 0xa6, 0xff, 0xff, 0xe0, 0x46, 0x0,
    0x0, 0x0, 0x0, 0x0, 0x0, 0x47, 0xe2, 0xff,
    0xff, 0xa2, 0x0, 0x0, 0x0, 0x0, 0x6, 0xb2,
    0xff, 0xff, 0xff, 0xd3, 0x8f, 0x71, 0x71, 0x8f,
    0xd3, 0xff, 0xff, 0xff, 0xaf, 0x5, 0x0, 0x0,
    0x0, 0x0, 0x0, 0x1, 0x73, 0xf1, 0xff, 0xff,
    0xff, 0xff, 0xff, 0xff, 0xff, 0xff, 0xef, 0x70,
    0x1, 0x0, 0x0, 0x0, 0x0, 0x0, 0x0, 0x0,
    0x0, 0xf, 0x6d, 0xb4, 0xe2, 0xf6, 0xf6, 0xe1,
    0xb1, 0x6c, 0xe, 0x0, 0x0, 0x0, 0x0, 0x0,

    /* U+0E51 "๑" */
    0x0, 0x0, 0x0, 0x0, 0x0, 0x0, 0x0, 0x21,
    0x46, 0x59, 0x50, 0x3a, 0xc, 0x0, 0x0, 0x0,
    0x0, 0x0, 0x0, 0x0, 0x0, 0x0, 0x0, 0x0,
    0xf, 0x7b, 0xdf, 0xff, 0xff, 0xff, 0xff, 0xff,
    0xf9, 0xba, 0x42, 0x0, 0x0, 0x0, 0x0, 0x0,
    0x0, 0x0, 0x0, 0x3c, 0xe5, 0xff, 0xff, 0xff,
    0xff, 0xff, 0xff, 0xff, 0xff, 0xff, 0xff, 0xa8,
    0x8, 0x0, 0x0, 0x0, 0x0, 0x0, 0x41, 0xfa,
    0xff, 0xff, 0xc0, 0x57, 0x1c, 0x6, 0x13, 0x39,
    0x89, 0xf4, 0xff, 0xff, 0xc3, 0x7, 0x0, 0x0,
    0x0, 0x18, 0xef, 0xff, 0xfb, 0x65, 0x0, 0x0,
    0x0, 0x0, 0x0, 0x0, 0x0, 0x1c, 0xd1, 0xff,
    0xff, 0x92, 0x0, 0x0, 0x0, 0x97, 0xff, 0xff,
    0x6a, 0x0, 0x0, 0x0, 0x0, 0x0, 0x0, 0x0,
    0x0, 0x0, 0x12, 0xe3, 0xff, 0xff, 0x2e, 0x0,
    0x5, 0xf1, 0xff, 0xca, 0x0, 0x0, 0x0, 0x0,
    0x0, 0x0, 0x0, 0x0, 0x0, 0x0, 0x0, 0x4e,
    0xff, 0xff, 0xa1, 0x0, 0x3a, 0xff, 0xff, 0x6a,
    0x0, 0x0, 0x0, 0x0, 0x0, 0x0, 0x0, 0x0,
    0x0, 0x0, 0x0, 0x1, 0xda, 0xff, 0xef, 0x2,
    0x57, 0xff, 0xff, 0x39, 0x0, 0x0, 0x0, 0x0,
    0x0, 0x0, 0x0, 0x0, 0x0, 0x0, 0x0, 0x0,
    0x93, 0xff, 0xff, 0x2e, 0x62, 0xff, 0xff, 0x2c,
    0x0, 0x0, 0x0, 0x0, 0x0, 0x0, 0x0, 0x0,
    0x0, 0x0, 0x0, 0x0, 0x62, 0xff, 0xff, 0x4e,
    0x52, 0xff, 0xff, 0x41, 0x0, 0x0, 0x0, 0x0,
    0x0, 0x0, 0x0, 0x0, 0x0, 0x0, 0x0, 0x0,
    0x4f, 0xff, 0xff, 0x61, 0x29, 0xff, 0xff, 0x7d,
    0x0, 0x0, 0x0, 0x0, 0x0, 0x0, 0x0, 0x0,
    0x0, 0x0, 0x0, 0x0, 0x4c, 0xff, 0xff, 0x61,
    0x0, 0xe1, 0xff, 0xe4, 0xd, 0x0, 0x0, 0x0,
    0x0, 0x0, 0x0, 0x0, 0x0, 0x0, 0x0, 0x0,
    0x5f, 0xff, 0xff, 0x4d, 0x0, 0x6e, 0xff, 0xff,
    0xb7, 0xd, 0x0, 0x0, 0x0, 0x0, 0x0, 0x0,
    0x0, 0x0, 0x0, 0x0, 0x88, 0xff, 0xff, 0x2e,
    0x0, 0x3, 0xbc, 0xff, 0xff, 0xe7, 0x8b, 0x63,
    0x6f, 0x9b, 0xaa, 0x0, 0x0, 0x0, 0x0, 0x0,
    0xca, 0xff, 0xeb, 0x1, 0x0, 0x0, 0xc, 0xab,
    0xff, 0xff, 0xff, 0xff, 0xff, 0xff, 0xd7, 0x0,
    0x0, 0x0, 0x0, 0x36, 0xff, 0xff, 0xa0, 0x0,
    0x0, 0x0, 0x0, 0x0, 0x43, 0xa7, 0xe2, 0xf9,
    0xec, 0xc5, 0x66, 0x0, 0x0, 0x0, 0x5, 0xc5,
    0xff, 0xfd, 0x29, 0x0, 0x0, 0x0, 0x0, 0x0,
    0x0, 0x0, 0x0, 0x0, 0x0, 0x0, 0x0, 0x0,
    0x0, 0x2, 0x9c, 0xff, 0xff, 0x95, 0x0, 0x0,
    0x0, 0x0, 0x0, 0x0, 0x0, 0x0, 0x0, 0x0,
    0x0, 0x0, 0x0, 0x0, 0x1c, 0xb4, 0xff, 0xff,
    0xc8, 0x6, 0x0, 0x0, 0x0, 0x0, 0x0, 0x0,
    0x0, 0x0, 0x0, 0x0, 0x2f, 0x48, 0x61, 0xa3,
    0xf5, 0xff, 0xff, 0xbf, 0x11, 0x0, 0x0, 0x0,
    0x0, 0x0, 0x0, 0x0, 0x0, 0x0, 0x0, 0x0,
    0xc9, 0xff, 0xff, 0xff, 0xff, 0xf4, 0x80, 0x5,
    0x0, 0x0, 0x0, 0x0, 0x0, 0x0, 0x0, 0x0,
    0x0, 0x0, 0x0, 0x0, 0xe8, 0xf8, 0xe2, 0xbc,
    0x71, 0x18, 0x0, 0x0, 0x0, 0x0, 0x0, 0x0,

    /* U+0E52 "๒" */
    0x70, 0xff, 0xff, 0x40, 0x0, 0x0, 0x0, 0x0,
    0x0, 0x0, 0x0, 0x0, 0x0, 0x0, 0x0, 0x0,
    0x0, 0x0, 0x0, 0x0, 0x0, 0x0, 0x70, 0xff,
    0xff, 0x40, 0x0, 0x0, 0x0, 0x0, 0x0, 0x0,
    0x0, 0x0, 0x0, 0x0, 0x0, 0x0, 0x0, 0x0,
    0x0, 0x0, 0x0, 0x0, 0x70, 0xff, 0xff, 0x40,
    0x0, 0x0, 0x0, 0x0, 0x5, 0x51, 0x6e, 0x2,
    0x0, 0x0, 0x0, 0x18, 0x75, 0x43, 0x3, 0x0,
    0x0, 0x0, 0x70, 0xff, 0xff, 0x40, 0x0, 0x0,
    0x0, 0x2f, 0xda, 0xff, 0xff, 0xad, 0x8, 0x0,
    0x20, 0xdc, 0xff, 0xff, 0xdc, 0x3d, 0x0, 0x0,
    0x70, 0xff, 0xff, 0x40, 0x0, 0x0, 0x1a, 0xec,
    0xff, 0xff, 0xff, 0xff, 0xc5, 0x3c, 0xe3, 0xff,
    0xff, 0xff, 0xff, 0xf6, 0x2e, 0x0, 0x70, 0xff,
    0xff, 0x40, 0x0, 0x0, 0x97, 0xff, 0xff, 0x74,
    0x26, 0xcf, 0xff, 0xff, 0xff, 0xa3, 0x25, 0x93,
    0xff, 0xff, 0xb7, 0x0, 0x70, 0xff, 0xff, 0x40,
    0x0, 0x0, 0xe6, 0xff, 0xb9, 0x0, 0x0, 0x9,
    0xa1, 0xfd, 0x78, 0x0, 0x0, 0x0, 0xc6, 0xff,
    0xfd, 0xf, 0x70, 0xff, 0xff, 0x40, 0x0, 0x7,
    0xff, 0xff, 0x76, 0x0, 0x0, 0x0, 0x0, 0x28,
    0x0, 0x0, 0x0, 0x0, 0x7b, 0xff, 0xff, 0x3c,
    0x70, 0xff, 0xff, 0x40, 0x0, 0x6, 0xff, 0xff,
    0x82, 0x0, 0x0, 0x0, 0x0, 0x0, 0x0, 0x0,
    0x0, 0x0, 0x62, 0xff, 0xff, 0x4e, 0x70, 0xff,
    0xff, 0x40, 0x0, 0x0, 0xdd, 0xff, 0xdc, 0x9,
    0x0, 0x0, 0x0, 0x0, 0x0, 0x0, 0x0, 0x0,
    0x5c, 0xff, 0xff, 0x54, 0x70, 0xff, 0xff, 0x40,
    0x0, 0x0, 0x81, 0xff, 0xff, 0xc0, 0x1e, 0x0,
    0x0, 0x0, 0x0, 0x0, 0x0, 0x0, 0x5c, 0xff,
    0xff, 0x54, 0x70, 0xff, 0xff, 0x40, 0x0, 0x0,
    0xa, 0xd0, 0xff, 0xff, 0xfb, 0x1a, 0x0, 0x0,
    0x0, 0x0, 0x0, 0x0, 0x5c, 0xff, 0xff, 0x54,
    0x70, 0xff, 0xff, 0x40, 0x0, 0x0, 0x0, 0x12,
    0xa5, 0xfd, 0xcf, 0x0, 0x0, 0x0, 0x0, 0x0,
    0x0, 0x0, 0x5c, 0xff, 0xff, 0x54, 0x69, 0xff,
    0xff, 0x45, 0x0, 0x0, 0x0, 0x0, 0x0, 0x1a,
    0x2d, 0x0, 0x0, 0x0, 0x0, 0x0, 0x0, 0x0,
    0x62, 0xff, 0xff, 0x4c, 0x54, 0xff, 0xff, 0x62,
    0x0, 0x0, 0x0, 0x0, 0x0, 0x0, 0x0, 0x0,
    0x0, 0x0, 0x0, 0x0, 0x0, 0x0, 0x7f, 0xff,
    0xff, 0x36, 0x20, 0xff, 0xff, 0xb2, 0x0, 0x0,
    0x0, 0x0, 0x0, 0x0, 0x0, 0x0, 0x0, 0x0,
    0x0, 0x0, 0x0, 0x1, 0xcf, 0xff, 0xf8, 0x8,
    0x0, 0xc6, 0xff, 0xff, 0x66, 0x0, 0x0, 0x0,
    0x0, 0x0, 0x0, 0x0, 0x0, 0x0, 0x0, 0x0,
    0x0, 0x85, 0xff, 0xff, 0xa3, 0x0, 0x0, 0x3b,
    0xfc, 0xff, 0xff, 0xc0, 0x79, 0x68, 0x68, 0x68,
    0x68, 0x68, 0x68, 0x68, 0x69, 0x7e, 0xcd, 0xff,
    0xff, 0xf0, 0x20, 0x0, 0x0, 0x0, 0x5b, 0xf9,
    0xff, 0xff, 0xff, 0xff, 0xff, 0xff, 0xff, 0xff,
    0xff, 0xff, 0xff, 0xff, 0xff, 0xff, 0xee, 0x3e,
    0x0, 0x0, 0x0, 0x0, 0x0, 0x22, 0x93, 0xd7,
    0xf5, 0xff, 0xff, 0xff, 0xff, 0xff, 0xff, 0xff,
    0xff, 0xf2, 0xcf, 0x85, 0x15, 0x0, 0x0, 0x0,

    /* U+0E53 "๓" */
    0x0, 0x0, 0x0, 0x0, 0x1, 0x37, 0x57, 0x47,
    0x10, 0x0, 0x0, 0x0, 0x4, 0x3d, 0x58, 0x47,
    0xc, 0x0, 0x0, 0x0, 0x0, 0x0, 0x0, 0x3c,
    0xdd, 0xff, 0xff, 0xff, 0xf4, 0x6a, 0x0, 0x3c,
    0xe3, 0xff, 0xff, 0xff, 0xf3, 0x65, 0x0, 0x0,
    0x0, 0x0, 0x32, 0xf7, 0xff, 0xff, 0xff, 0xff,
    0xff, 0xff, 0x5a, 0xf2, 0xff, 0xff, 0xff, 0xff,
    0xff, 0xff, 0x4c, 0x0, 0x0, 0x0, 0xce, 0xff,
    0xfd, 0x79, 0x11, 0x1c, 0xa5, 0xff, 0xfe, 0xff,
    0xcc, 0x32, 0xd, 0x51, 0xf6, 0xff, 0xd0, 0x0,
    0x0, 0x43, 0xff, 0xff, 0x94, 0x0, 0x0, 0x0,
    0xb, 0xf0, 0xff, 0xfe, 0x29, 0x0, 0x0, 0x0,
    0xa0, 0xff, 0xff, 0x1c, 0x0, 0x94, 0xff, 0xff,
    0x27, 0x0, 0x0, 0x0, 0x0, 0xc0, 0xff, 0xe5,
    0x0, 0x0, 0x0, 0x0, 0x71, 0xff, 0xff, 0x41,
    0x0, 0xcb, 0xff, 0xe8, 0x0, 0x0, 0x0, 0x0,
    0x0, 0xaa, 0xff, 0xce, 0x0, 0x0, 0x0, 0x0,
    0x60, 0xff, 0xff, 0x4f, 0x0, 0xf0, 0xff, 0xc4,
    0x0, 0x0, 0x0, 0x0, 0x0, 0xa8, 0xff, 0xcc,
    0x0, 0x0, 0x0, 0x0, 0x60, 0xff, 0xff, 0x50,
    0x2, 0xfe, 0xff, 0xb3, 0x0, 0x0, 0x0, 0x0,
    0x0, 0xa8, 0xff, 0xcc, 0x0, 0x0, 0x0, 0x0,
    0x60, 0xff, 0xff, 0x50, 0x8, 0xff, 0xff, 0xae,
    0x0, 0x0, 0x0, 0x0, 0x0, 0xa8, 0xff, 0xcc,
    0x0, 0x0, 0x0, 0x0, 0x60, 0xff, 0xff, 0x50,
    0x0, 0xfc, 0xff, 0xb6, 0x0, 0x0, 0x0, 0x0,
    0x0, 0xa8, 0xff, 0xcc, 0x0, 0x0, 0x0, 0x0,
    0x60, 0xff, 0xff, 0x50, 0x0, 0xe6, 0xff, 0xd1,
    0x0, 0x0, 0x0, 0x0, 0x0, 0x51, 0x7c, 0x62,
    0x0, 0x0, 0x0, 0x0, 0x60, 0xff, 0xff, 0x50,
    0x0, 0xb8, 0xff, 0xf8, 0x8, 0x0, 0x0, 0x0,
    0x0, 0x0, 0x0, 0x0, 0x0, 0x0, 0x0, 0x0,
    0x60, 0xff, 0xff, 0x50, 0x0, 0x71, 0xff, 0xff,
    0x4f, 0x0, 0x0, 0x0, 0x0, 0x0, 0x0, 0x0,
    0x0, 0x0, 0x0, 0x0, 0x60, 0xff, 0xff, 0x50,
    0x0, 0x18, 0xf6, 0xff, 0xce, 0x5, 0x0, 0x0,
    0x0, 0x0, 0x0, 0x0, 0x0, 0x0, 0x0, 0x0,
    0x60, 0xff, 0xff, 0x50, 0x0, 0x0, 0x7f, 0xff,
    0xff, 0xbf, 0x49, 0x40, 0x4e, 0x0, 0x0, 0x0,
    0x0, 0x0, 0x0, 0x0, 0x60, 0xff, 0xff, 0x50,
    0x0, 0x0, 0x2, 0xab, 0xff, 0xff, 0xff, 0xff,
    0xee, 0x3, 0x0, 0x0, 0x0, 0x0, 0x0, 0x0,
    0x60, 0xff, 0xff, 0x50, 0x0, 0x0, 0x0, 0x1,
    0x64, 0xca, 0xf4, 0xed, 0xae, 0x10, 0x0, 0x0,
    0x0, 0x0, 0x0, 0x0, 0x60, 0xff, 0xff, 0x50,

    /* U+0E54 "๔" */
    0x0, 0x0, 0x0, 0x0, 0x0, 0x0, 0x0, 0x0,
    0x0, 0x0, 0x0, 0x0, 0x0, 0x0, 0x0, 0x0,
    0x68, 0xff, 0xff, 0x4c, 0x0, 0x0, 0x0, 0x0,
    0x0, 0x0, 0x0, 0x0, 0x0, 0x0, 0x0, 0x0,
    0x0, 0x0, 0x0, 0x0, 0xad, 0xff, 0xff, 0x32,
    0x0, 0x0, 0x0, 0x0, 0x0, 0x0, 0x0, 0x20,
    0x48, 0x5b, 0x64, 0x64, 0x64, 0x64, 0x73, 0xb5,
    0xff, 0xff, 0xe2, 0x3, 0x0, 0x0, 0x0, 0x0,
    0x12, 0x7d, 0xe1, 0xff, 0xff, 0xff, 0xff, 0xff,
    0xff, 0xff, 0xff, 0xff, 0xff, 0xf8, 0x47, 0x0,
    0x0, 0x0, 0x0, 0x4a, 0xe9, 0xff, 0xff, 0xff,
    0xff, 0xff, 0xff, 0xff, 0xff, 0xff, 0xf9, 0xe0,
    0x9f, 0x2b, 0x0, 0x0, 0x0, 0x0, 0x51, 0xfc,
    0xff, 0xff, 0xb3, 0x55, 0x1f, 0x9, 0x0, 0x0,
    0x0, 0x0, 0x0, 0x0, 0x0, 0x0, 0x0, 0x0,
    0x0, 0x1e, 0xf6, 0xff, 0xf5, 0x4a, 0x0, 0x0,
    0x0, 0x0, 0x0, 0x0, 0x0, 0x0, 0x0, 0x0,
    0x0, 0x0, 0x0, 0x0, 0x0, 0x9d, 0xff, 0xff,
    0x58, 0x0, 0x0, 0x0, 0x0, 0x0, 0x0, 0x0,
    0x0, 0x0, 0x0, 0x0, 0x0, 0x0, 0x0, 0x0,
    0x3, 0xef, 0xff, 0xd5, 0x0, 0x0, 0x0, 0x0,
    0x0, 0x0, 0x0, 0x0, 0x0, 0x0, 0x0, 0x0,
    0x0, 0x0, 0x0, 0x0, 0x30, 0xff, 0xff, 0x8f,
    0x0, 0x0, 0x0, 0x0, 0x0, 0x0, 0x0, 0x0,
    0x56, 0xce, 0xf9, 0xff, 0xf5, 0x3, 0x0, 0x0,
    0x48, 0xff, 0xff, 0x70, 0x0, 0x0, 0x0, 0x0,
    0x0, 0x0, 0x0, 0x6f, 0xff, 0xff, 0xff, 0xff,
    0xc4, 0x0, 0x0, 0x0, 0x52, 0xff, 0xff, 0x69,
    0x0, 0x0, 0x0, 0x0, 0x0, 0x0, 0x18, 0xf8,
    0xff, 0xfd, 0x92, 0x5a, 0x37, 0x0, 0x0, 0x0,
    0x44, 0xff, 0xff, 0x7c, 0x0, 0x0, 0x0, 0x0,
    0x0, 0x0, 0x62, 0xff, 0xff, 0x81, 0x0, 0x0,
    0x0, 0x0, 0x0, 0x0, 0x23, 0xff, 0xff, 0xae,
    0x0, 0x0, 0x0, 0x0, 0x0, 0x0, 0x7e, 0xff,
    0xff, 0x2f, 0x0, 0x0, 0x0, 0x0, 0x0, 0x0,
    0x0, 0xe9, 0xff, 0xf6, 0x10, 0x0, 0x0, 0x0,
    0x0, 0x0, 0x6d, 0xff, 0xff, 0x24, 0x0, 0x0,
    0x0, 0x0, 0x0, 0x0, 0x0, 0x90, 0xff, 0xff,
    0x94, 0x0, 0x0, 0x0, 0x0, 0x0, 0x3f, 0xff,
    0xff, 0x57, 0x0, 0x0, 0x0, 0x0, 0x0, 0x0,
    0x0, 0x20, 0xf5, 0xff, 0xff, 0x77, 0x1, 0x0,
    0x0, 0x0, 0x3, 0xe8, 0xff, 0xd6, 0x12, 0x0,
    0x0, 0x0, 0x0, 0x0, 0x0, 0x0, 0x65, 0xff,
    0xff, 0xff, 0xcc, 0x79, 0x68, 0x86, 0xd5, 0xff,
    0xff, 0xff, 0xe6, 0x85, 0x56, 0x4c, 0x49, 0x0,
    0x0, 0x0, 0x0, 0x6f, 0xfa, 0xff, 0xff, 0xff,
    0xff, 0xff, 0xff, 0xd2, 0x75, 0xfe, 0xff, 0xff,
    0xff, 0xff, 0xd7, 0x0, 0x0, 0x0, 0x0, 0x0,
    0x2b, 0x9a, 0xdf, 0xf8, 0xf0, 0xc8, 0x73, 0x8,
    0x0, 0x41, 0xb4, 0xe7, 0xf9, 0xff, 0xa5, 0x0,

    /* U+0E55 "๕" */
    0x0, 0x0, 0x0, 0x0, 0x0, 0x0, 0x7, 0x87,
    0xd4, 0xc7, 0x55, 0x0, 0x0, 0x0, 0x0, 0x0,
    0x0, 0x0, 0x0, 0x0, 0x0, 0x0, 0x0, 0x0,
    0x0, 0x0, 0xa3, 0xff, 0xff, 0xff, 0xff, 0x4d,
    0x0, 0x0, 0x0, 0x0, 0x0, 0x0, 0x0, 0x0,
    0x0, 0x0, 0x0, 0x0, 0x0, 0x24, 0xff, 0xd7,
    0x1b, 0x49, 0xfe, 0xd0, 0x0, 0x0, 0x0, 0x0,
    0x68, 0xff, 0xff, 0x44, 0x0, 0x0, 0x0, 0x0,
    0x0, 0x4e, 0xff, 0x8e, 0x0, 0x0, 0xe6, 0xfb,
    0x1, 0x0, 0x0, 0x0, 0xad, 0xff, 0xff, 0x2a,
    0x0, 0x0, 0x0, 0x0, 0x0, 0x35, 0xff, 0xd3,
    0x10, 0x3c, 0xfe, 0xf4, 0x64, 0x64, 0x73, 0xb5,
    0xff, 0xff, 0xdd, 0x1, 0x0, 0x0, 0x0, 0x0,
    0x12, 0x80, 0xff, 0xff, 0xfb, 0xff, 0xff, 0xff,
    0xff, 0xff, 0xff, 0xff, 0xff, 0xf8, 0x42, 0x0,
    0x0, 0x0, 0x0, 0x4b, 0xea, 0xff, 0xff, 0xff,
    0xff, 0xff, 0xff, 0xff, 0xff, 0xff, 0xf9, 0xdf,
    0x9f, 0x2a, 0x0, 0x0, 0x0, 0x0, 0x53, 0xfc,
    0xff, 0xff, 0xb1, 0x53, 0x1e, 0x7, 0x0, 0x0,
    0x0, 0x0, 0x0, 0x0, 0x0, 0x0, 0x0, 0x0,
    0x0, 0x1e, 0xf4, 0xff, 0xf5, 0x49, 0x0, 0x0,
    0x0, 0x0, 0x0, 0x0, 0x0, 0x0, 0x0, 0x0,
    0x0, 0x0, 0x0, 0x0, 0x0, 0x9b, 0xff, 0xff,
    0x58, 0x0, 0x0, 0x0, 0x0, 0x0, 0x0, 0x0,
    0x0, 0x0, 0x0, 0x0, 0x0, 0x0, 0x0, 0x0,
    0x4, 0xf2, 0xff, 0xd5, 0x0, 0x0, 0x0, 0x0,
    0x0, 0x0, 0x0, 0x0, 0x0, 0x0, 0x0, 0x0,
    0x0, 0x0, 0x0, 0x0, 0x30, 0xff, 0xff, 0x8f,
    0x0, 0x0, 0x0, 0x0, 0x0, 0x0, 0x0, 0x0,
    0x56, 0xce, 0xf9, 0xff, 0xf5, 0x3, 0x0, 0x0,
    0x4d, 0xff, 0xff, 0x70, 0x0, 0x0, 0x0, 0x0,
    0x0, 0x0, 0x0, 0x6f, 0xff, 0xff, 0xff, 0xff,
    0xc4, 0x0, 0x0, 0x0, 0x53, 0xff, 0xff, 0x69,
    0x0, 0x0, 0x0, 0x0, 0x0, 0x0, 0x18, 0xf8,
    0xff, 0xfc, 0x8f, 0x5a, 0x37, 0x0, 0x0, 0x0,
    0x44, 0xff, 0xff, 0x7c, 0x0, 0x0, 0x0, 0x0,
    0x0, 0x0, 0x62, 0xff, 0xff, 0x79, 0x0, 0x0,
    0x0, 0x0, 0x0, 0x0, 0x23, 0xff, 0xff, 0xae,
    0x0, 0x0, 0x0, 0x0, 0x0, 0x0, 0x7e, 0xff,
    0xff, 0x27, 0x0, 0x0, 0x0, 0x0, 0x0, 0x0,
    0x0, 0xe9, 0xff, 0xf6, 0x10, 0x0, 0x0, 0x0,
    0x0, 0x0, 0x6d, 0xff, 0xff, 0x1c, 0x0, 0x0,
    0x0, 0x0, 0x0, 0x0, 0x0, 0x90, 0xff, 0xff,
    0x94, 0x0, 0x0, 0x0, 0x0, 0x0, 0x41, 0xff,
    0xff, 0x50, 0x0, 0x0, 0x0, 0x0, 0x0, 0x0,
    0x0, 0x20, 0xf5, 0xff, 0xff, 0x77, 0x1, 0x0,
    0x0, 0x0, 0x4, 0xe8, 0xff, 0xd1, 0x10, 0x0,
    0x0, 0x0, 0x0, 0x0, 0x0, 0x0, 0x65, 0xff,
    0xff, 0xff, 0xcc, 0x79, 0x68, 0x86, 0xd7, 0xff,
    0xff, 0xff, 0xe4, 0x84, 0x56, 0x4c, 0x49, 0x0,
    0x0, 0x0, 0x0, 0x6f, 0xfa, 0xff, 0xff, 0xff,
    0xff, 0xff, 0xff, 0xd2, 0x75, 0xfe, 0xff, 0xff,
    0xff, 0xff, 0xd7, 0x0, 0x0, 0x0, 0x0, 0x0,
    0x2b, 0x9a, 0xdf, 0xf8, 0xf0, 0xc8, 0x73, 0x8,
    0x0, 0x41, 0xb4, 0xe7, 0xf9, 0xff, 0xa5, 0x0,

    /* U+0E56 "๖" */
    0x69, 0xff, 0xff, 0x44, 0x0, 0x0, 0x0, 0x0,
    0x0, 0x0, 0x0, 0x0, 0x0, 0x0, 0x0, 0x0,
    0x0, 0x0, 0x0, 0x0, 0x14, 0xfb, 0xff, 0x95,
    0x0, 0x0, 0x0, 0x0, 0x0, 0x0, 0x0, 0x0,
    0x0, 0x0, 0x0, 0x0, 0x0, 0x0, 0x0, 0x0,
    0x0, 0xb9, 0xff, 0xe5, 0x1, 0x0, 0x0, 0x0,
    0x0, 0x1e, 0x3a, 0x43, 0x2d, 0x5, 0x0, 0x0,
    0x0, 0x0, 0x0, 0x0, 0x0, 0x61, 0xff, 0xff,
    0x38, 0x0, 0xa, 0x7b, 0xd9, 0xff, 0xff, 0xff,
    0xff, 0xf3, 0xa8, 0x2b, 0x0, 0x0, 0x0, 0x0,
    0x0, 0x10, 0xf9, 0xff, 0x8a, 0x32, 0xe2, 0xff,
    0xff, 0xff, 0xff, 0xff, 0xff, 0xff, 0xff, 0xfc,
    0x74, 0x0, 0x0, 0x0, 0x0, 0x0, 0xb2, 0xff,
    0xe6, 0xee, 0xff, 0xd0, 0x68, 0x25, 0xc, 0xc,
    0x30, 0x85, 0xf3, 0xff, 0xff, 0x80, 0x0, 0x0,
    0x0, 0x0, 0x5a, 0xff, 0xff, 0xff, 0x8a, 0x4,
    0x0, 0x0, 0x0, 0x0, 0x0, 0x0, 0x28, 0xe1,
    0xff, 0xfe, 0x45, 0x0, 0x0, 0x0, 0xc, 0xd3,
    0xd8, 0x8c, 0x0, 0x0, 0x0, 0x0, 0x0, 0x0,
    0x0, 0x0, 0x0, 0x31, 0xfb, 0xff, 0xcd, 0x0,
    0x0, 0x0, 0x0, 0x0, 0x0, 0x0, 0x0, 0x0,
    0x0, 0x0, 0x0, 0x0, 0x0, 0x0, 0x0, 0x0,
    0xa4, 0xff, 0xff, 0x29, 0x0, 0x0, 0x0, 0x0,
    0x0, 0x0, 0x0, 0x0, 0x0, 0x0, 0x0, 0x0,
    0x0, 0x0, 0x0, 0x0, 0x54, 0xff, 0xff, 0x69,
    0x0, 0x0, 0x0, 0x59, 0x37, 0x0, 0x0, 0x0,
    0x0, 0x0, 0x0, 0x0, 0x0, 0x0, 0x0, 0x0,
    0x31, 0xff, 0xff, 0x84, 0x0, 0x0, 0x1b, 0xf7,
    0xfb, 0x6a, 0x0, 0x0, 0x0, 0x0, 0x0, 0x0,
    0x0, 0x0, 0x0, 0x0, 0x2b, 0xff, 0xff, 0x8c,
    0x0, 0x0, 0x74, 0xff, 0xff, 0x53, 0x0, 0x0,
    0x0, 0x0, 0x0, 0x0, 0x0, 0x0, 0x0, 0x0,
    0x43, 0xff, 0xff, 0x78, 0x0, 0x0, 0x99, 0xff,
    0xff, 0xe, 0x0, 0x0, 0x0, 0x0, 0x0, 0x0,
    0x0, 0x0, 0x0, 0x0, 0x7d, 0xff, 0xff, 0x4d,
    0x0, 0x0, 0x8c, 0xff, 0xff, 0x12, 0x0, 0x0,
    0x0, 0x0, 0x0, 0x0, 0x0, 0x0, 0x0, 0x4,
    0xde, 0xff, 0xf8, 0xd, 0x0, 0x0, 0x55, 0xff,
    0xff, 0x7d, 0x0, 0x0, 0x0, 0x0, 0x0, 0x0,
    0x0, 0x0, 0x0, 0x8a, 0xff, 0xff, 0x95, 0x0,
    0x0, 0x0, 0x8, 0xdf, 0xff, 0xfd, 0x77, 0x3,
    0x0, 0x0, 0x0, 0x0, 0x0, 0x11, 0x96, 0xff,
    0xff, 0xe7, 0x17, 0x0, 0x0, 0x0, 0x0, 0x3c,
    0xf5, 0xff, 0xff, 0xe4, 0x99, 0x73, 0x6c, 0x7d,
    0xae, 0xf2, 0xff, 0xff, 0xf2, 0x3c, 0x0, 0x0,
    0x0, 0x0, 0x0, 0x0, 0x36, 0xd7, 0xff, 0xff,
    0xff, 0xff, 0xff, 0xff, 0xff, 0xff, 0xff, 0xce,
    0x2c, 0x0, 0x0, 0x0, 0x0, 0x0, 0x0, 0x0,
    0x0, 0x5, 0x54, 0xa7, 0xdb, 0xf3, 0xfb, 0xeb,
    0xd2, 0x97, 0x4a, 0x0, 0x0, 0x0, 0x0, 0x0,

    /* U+0E57 "๗" */
    0x0, 0x0, 0x0, 0x0, 0x0, 0x0, 0x0, 0x0,
    0x0, 0x0, 0x0, 0x0, 0x0, 0x0, 0x0, 0x0,
    0x0, 0x0, 0x0, 0x0, 0x0, 0x80, 0xff, 0xff,
    0x38, 0x0, 0x0, 0x0, 0x0, 0x0, 0x0, 0x0,
    0x0, 0x0, 0x0, 0x0, 0x0, 0x0, 0x0, 0x0,
    0x0, 0x0, 0x0, 0x0, 0x0, 0x0, 0x80, 0xff,
    0xff, 0x38, 0x0, 0x0, 0x0, 0x0, 0x0, 0x34,
    0x56, 0x42, 0x4, 0x0, 0x0, 0x0, 0x34, 0x57,
    0x42, 0x4, 0x0, 0x0, 0x0, 0x0, 0x0, 0x80,
    0xff, 0xff, 0x38, 0x0, 0x0, 0x0, 0x2f, 0xd4,
    0xff, 0xff, 0xff, 0xda, 0x1c, 0x1f, 0xce, 0xff,
    0xff, 0xff, 0xd4, 0x1b, 0x0, 0x0, 0x0, 0x0,
    0x80, 0xff, 0xff, 0x38, 0x0, 0x0, 0x24, 0xf0,
    0xff, 0xff, 0xff, 0xff, 0xff, 0xad, 0xcf, 0xff,
    0xff, 0xff, 0xff, 0xff, 0xbd, 0x0, 0x0, 0x0,
    0x0, 0x80, 0xff, 0xff, 0x38, 0x0, 0x0, 0xbe,
    0xff, 0xfc, 0x6f, 0xe, 0x2a, 0xdf, 0xff, 0xff,
    0xc2, 0x1e, 0x1c, 0xbe, 0xff, 0xff, 0x32, 0x0,
    0x0, 0x0, 0x80, 0xff, 0xff, 0x38, 0x0, 0x37,
    0xff, 0xff, 0x8c, 0x0, 0x0, 0x0, 0x7a, 0xff,
    0xff, 0x34, 0x0, 0x0, 0x40, 0xff, 0xff, 0x74,
    0x0, 0x0, 0x0, 0x80, 0xff, 0xff, 0x38, 0x0,
    0x8c, 0xff, 0xff, 0x22, 0x0, 0x0, 0x0, 0x5b,
    0xff, 0xff, 0xc, 0x0, 0x0, 0x16, 0xff, 0xff,
    0x94, 0x0, 0x0, 0x0, 0x80, 0xff, 0xff, 0x38,
    0x0, 0xc6, 0xff, 0xe5, 0x0, 0x0, 0x0, 0x0,
    0x58, 0xff, 0xff, 0x8, 0x0, 0x0, 0x8, 0xff,
    0xff, 0x9f, 0x0, 0x0, 0x0, 0x80, 0xff, 0xff,
    0x38, 0x0, 0xee, 0xff, 0xc2, 0x0, 0x0, 0x0,
    0x0, 0x1e, 0x58, 0x58, 0x2, 0x0, 0x0, 0x8,
    0xff, 0xff, 0xa0, 0x0, 0x0, 0x0, 0x80, 0xff,
    0xff, 0x38, 0x1, 0xfe, 0xff, 0xb2, 0x0, 0x0,
    0x0, 0x0, 0x0, 0x0, 0x0, 0x0, 0x0, 0x0,
    0x8, 0xff, 0xff, 0xa0, 0x0, 0x0, 0x0, 0x80,
    0xff, 0xff, 0x38, 0x8, 0xff, 0xff, 0xae, 0x0,
    0x0, 0x0, 0x0, 0x0, 0x0, 0x0, 0x0, 0x0,
    0x0, 0x8, 0xff, 0xff, 0xa0, 0x0, 0x0, 0x0,
    0x80, 0xff, 0xff, 0x38, 0x0, 0xfc, 0xff, 0xb8,
    0x0, 0x0, 0x0, 0x0, 0x0, 0x0, 0x0, 0x0,
    0x0, 0x0, 0x8, 0xff, 0xff, 0xa0, 0x0, 0x0,
    0x0, 0x80, 0xff, 0xff, 0x38, 0x0, 0xe6, 0xff,
    0xd6, 0x0, 0x0, 0x0, 0x0, 0x0, 0x0, 0x0,
    0x0, 0x0, 0x0, 0x8, 0xff, 0xff, 0xa0, 0x0,
    0x0, 0x0, 0x80, 0xff, 0xff, 0x36, 0x0, 0xb8,
    0xff, 0xfc, 0xf, 0x0, 0x0, 0x0, 0x0, 0x0,
    0x0, 0x0, 0x0, 0x0, 0x8, 0xff, 0xff, 0xa0,
    0x0, 0x0, 0x0, 0x92, 0xff, 0xff, 0x29, 0x0,
    0x71, 0xff, 0xff, 0x63, 0x0, 0x0, 0x0, 0x0,
    0x0, 0x0, 0x0, 0x0, 0x0, 0x8, 0xff, 0xff,
    0xa0, 0x0, 0x0, 0x0, 0xbf, 0xff, 0xfa, 0x9,
    0x0, 0x18, 0xf6, 0xff, 0xe3, 0x13, 0x0, 0x0,
    0x0, 0x0, 0x0, 0x0, 0x0, 0x0, 0x8, 0xff,
    0xff, 0xa0, 0x0, 0x0, 0x44, 0xff, 0xff, 0xbb,
    0x0, 0x0, 0x0, 0x7f, 0xff, 0xff, 0xdb, 0x6a,
    0x60, 0x54, 0x0, 0x0, 0x0, 0x0, 0x0, 0x8,
    0xff, 0xff, 0xbf, 0x5b, 0x8f, 0xf9, 0xff, 0xfe,
    0x41, 0x0, 0x0, 0x0, 0x2, 0xab, 0xff, 0xff,
    0xff, 0xff, 0xee, 0x3, 0x0, 0x0, 0x0, 0x0,
    0x8, 0xff, 0xff, 0xff, 0xff, 0xff, 0xff, 0xff,
    0x77, 0x0, 0x0, 0x0, 0x0, 0x0, 0x1, 0x64,
    0xca, 0xf4, 0xed, 0xaf, 0x10, 0x0, 0x0, 0x0,
    0x0, 0x8, 0xff, 0xff, 0xff, 0xfc, 0xe8, 0xae,
    0x3f, 0x0, 0x0, 0x0,

    /* U+0E58 "๘" */
    0x0, 0x0, 0x0, 0x0, 0x0, 0x0, 0x0, 0x0,
    0x0, 0x0, 0x0, 0x0, 0x0, 0x0, 0x0, 0xc5,
    0xff, 0xf4, 0x0, 0x0, 0x0, 0x0, 0x0, 0x0,
    0x0, 0x0, 0x0, 0x0, 0x0, 0x0, 0x0, 0x0,
    0x0, 0x6, 0xeb, 0xff, 0xdf, 0x0, 0x0, 0x0,
    0x0, 0x0, 0x0, 0x0, 0x0, 0x0, 0x0, 0x0,
    0x0, 0x0, 0x3, 0x22, 0x9d, 0xff, 0xff, 0xa0,
    0x0, 0x0, 0x0, 0x0, 0x0, 0x4c, 0xa6, 0xdf,
    0xf6, 0xff, 0xff, 0xff, 0xff, 0xff, 0xff, 0xff,
    0xff, 0xf4, 0x28, 0x0, 0x0, 0x0, 0x16, 0xbf,
    0xff, 0xff, 0xff, 0xff, 0xff, 0xff, 0xff, 0xff,
    0xff, 0xff, 0xff, 0xd6, 0x3a, 0x0, 0x0, 0x0,
    0x10, 0xd8, 0xff, 0xff, 0xed, 0x9b, 0x71, 0x64,
    0x64, 0x64, 0x64, 0x63, 0x56, 0x2e, 0x1, 0x0,
    0x0, 0x0, 0x0, 0xa4, 0xff, 0xff, 0xaf, 0xe,
    0x0, 0x0, 0x0, 0x0, 0x0, 0x0, 0x0, 0x0,
    0x0, 0x0, 0x0, 0x0, 0x0, 0x23, 0xfe, 0xff,
    0xd2, 0x6, 0x0, 0x0, 0x0, 0x0, 0x0, 0x0,
    0x0, 0x0, 0x0, 0x0, 0x0, 0x0, 0x0, 0x0,
    0x6f, 0xff, 0xff, 0x60, 0x0, 0x0, 0x0, 0x0,
    0x0, 0x0, 0x0, 0x0, 0x0, 0x3, 0x4e, 0xc,
    0x0, 0x0, 0x0, 0x92, 0xff, 0xff, 0x28, 0x0,
    0x0, 0x0, 0x0, 0x0, 0x0, 0x0, 0x0, 0x0,
    0x4d, 0xff, 0xef, 0x59, 0x0, 0x0, 0x9f, 0xff,
    0xff, 0x18, 0x0, 0x0, 0x0, 0x0, 0x0, 0x0,
    0x0, 0x0, 0x0, 0x84, 0xfc, 0xff, 0xfe, 0x56,
    0x0, 0xa0, 0xff, 0xff, 0x18, 0x0, 0x0, 0x0,
    0x0, 0x0, 0x0, 0x0, 0x0, 0x0, 0x0, 0x2e,
    0xe4, 0xff, 0xef, 0xf, 0xa0, 0xff, 0xff, 0x18,
    0x0, 0x0, 0x0, 0x0, 0x0, 0x0, 0x0, 0x0,
    0x0, 0x0, 0x0, 0x50, 0xff, 0xff, 0x69, 0xa0,
    0xff, 0xff, 0x18, 0x0, 0x0, 0x0, 0x0, 0x0,
    0xd, 0x0, 0x0, 0x0, 0x0, 0x0, 0x7, 0xfc,
    0xff, 0x9c, 0x9c, 0xff, 0xff, 0x1f, 0x0, 0x0,
    0x0, 0x0, 0x32, 0xea, 0x69, 0x0, 0x0, 0x0,
    0x0, 0x1, 0xf8, 0xff, 0xa2, 0x87, 0xff, 0xff,
    0x4e, 0x0, 0x0, 0x0, 0x35, 0xef, 0xff, 0xff,
    0x81, 0x0, 0x0, 0x0, 0x31, 0xff, 0xff, 0x7f,
    0x4a, 0xff, 0xff, 0xcf, 0xd, 0x0, 0x39, 0xf1,
    0xff, 0xd5, 0xff, 0xff, 0x99, 0x3, 0x6, 0xbc,
    0xff, 0xfe, 0x2d, 0x2, 0xd0, 0xff, 0xff, 0xdb,
    0x8f, 0xf2, 0xff, 0xbb, 0x7, 0x69, 0xfd, 0xff,
    0xbc, 0xd7, 0xff, 0xff, 0x9b, 0x0, 0x0, 0x20,
    0xd9, 0xff, 0xff, 0xff, 0xff, 0xc7, 0xb, 0x0,
    0x0, 0x55, 0xf9, 0xff, 0xff, 0xff, 0xb5, 0x8,
    0x0, 0x0, 0x0, 0xa, 0x71, 0xc5, 0xef, 0xd0,
    0x11, 0x0, 0x0, 0x0, 0x0, 0x44, 0xed, 0xd2,
    0x6b, 0x3, 0x0, 0x0,

    /* U+0E59 "๙" */
    0x0, 0x0, 0x0, 0x0, 0x0, 0x0, 0x0, 0x0,
    0x0, 0x0, 0x0, 0x0, 0x0, 0x0, 0x0, 0x0,
    0x0, 0x6b, 0xff, 0xfd, 0xa, 0x0, 0x0, 0x0,
    0x0, 0x0, 0x0, 0x0, 0x0, 0x0, 0x0, 0x0,
    0x0, 0x0, 0x0, 0x0, 0x0, 0x0, 0x91, 0xff,
    0xd8, 0x0, 0x0, 0x0, 0x0, 0x0, 0x0, 0x9,
    0x28, 0x22, 0x7, 0x0, 0x0, 0x0, 0x1, 0x20,
    0x21, 0x0, 0x0, 0xb7, 0xff, 0xa8, 0x0, 0x0,
    0x0, 0x0, 0x14, 0xa1, 0xf7, 0xff, 0xff, 0xf4,
    0x95, 0x9, 0xc, 0xc5, 0xff, 0xff, 0xcf, 0x20,
    0xdd, 0xff, 0x78, 0x0, 0x0, 0x0, 0x1e, 0xe3,
    0xff, 0xff, 0xff, 0xff, 0xff, 0xff, 0xc1, 0x74,
    0xff, 0xff, 0xff, 0xff, 0xca, 0xfc, 0xff, 0x48,
    0x0, 0x0, 0x4, 0xd0, 0xff, 0xf8, 0x6e, 0x10,
    0x17, 0x77, 0xfe, 0xff, 0xf0, 0xfe, 0x61, 0xc,
    0x4a, 0xf3, 0xff, 0xff, 0x18, 0x0, 0x0, 0x6d,
    0xff, 0xff, 0x64, 0x0, 0x0, 0x0, 0x0, 0x98,
    0xff, 0xff, 0xbc, 0x0, 0x0, 0x0, 0x6d, 0xff,
    0xe8, 0x0, 0x0, 0x0, 0xd8, 0xff, 0xd9, 0x1,
    0x0, 0x0, 0x0, 0x0, 0x1f, 0xfc, 0xff, 0xc3,
    0x0, 0x0, 0x0, 0x0, 0x4, 0x3, 0x0, 0x0,
    0x26, 0xff, 0xff, 0x85, 0x0, 0x0, 0x0, 0x0,
    0x0, 0x0, 0xb7, 0xff, 0xfd, 0x19, 0x0, 0x0,
    0x0, 0x0, 0x0, 0x0, 0x0, 0x59, 0xff, 0xff,
    0x52, 0x0, 0x0, 0x0, 0x0, 0x0, 0x0, 0x60,
    0xff, 0xff, 0x6c, 0x0, 0x0, 0x0, 0x0, 0x0,
    0x0, 0x0, 0x71, 0xff, 0xff, 0x39, 0x0, 0x0,
    0x0, 0x0, 0x0, 0x0, 0xf, 0xf9, 0xff, 0xc0,
    0x0, 0x0, 0x0, 0x0, 0x0, 0x0, 0x0, 0x7c,
    0xff, 0xff, 0x33, 0x0, 0x0, 0x0, 0x0, 0x0,
    0x0, 0x0, 0xb2, 0xff, 0xfd, 0x17, 0x0, 0x0,
    0x0, 0x0, 0x0, 0x0, 0x70, 0xff, 0xff, 0x3f,
    0x0, 0x0, 0x0, 0x0, 0x0, 0x0, 0x0, 0x5a,
    0xff, 0xff, 0x69, 0x0, 0x0, 0x0, 0x0, 0x0,
    0x0, 0x58, 0xff, 0xff, 0x64, 0x0, 0x0, 0x0,
    0x0, 0x0, 0x0, 0x0, 0xc, 0xf6, 0xff, 0xbe,
    0x0, 0x0, 0x0, 0x0, 0x0, 0x0, 0x26, 0xff,
    0xff, 0xa4, 0x0, 0x0, 0x0, 0x0, 0x0, 0x0,
    0x0, 0x0, 0xac, 0xff, 0xfc, 0x16, 0x0, 0x0,
    0x0, 0x0, 0x0, 0x0, 0xda, 0xff, 0xf4, 0x16,
    0x0, 0x0, 0x0, 0x0, 0x0, 0x0, 0x0, 0x55,
    0xff, 0xff, 0x67, 0x0, 0x0, 0x0, 0x0, 0x0,
    0x0, 0x6f, 0xff, 0xff, 0xa9, 0x1, 0x0, 0x0,
    0x0, 0x0, 0x0, 0x0, 0x9, 0xf3, 0xff, 0xbb,
    0x0, 0x0, 0x0, 0x0, 0x0, 0x0, 0x4, 0xcd,
    0xff, 0xff, 0xb0, 0x44, 0x4c, 0xa2, 0xe, 0x0,
    0x0, 0x0, 0xa6, 0xff, 0xfc, 0x14, 0x0, 0x0,
    0x0, 0x0, 0x0, 0x0, 0x18, 0xd5, 0xff, 0xff,
    0xff, 0xff, 0xff, 0x4b, 0x0, 0x0, 0x0, 0x4f,
    0xff, 0xff, 0x64, 0x0, 0x0, 0x0, 0x0, 0x0,
    0x0, 0x0, 0x8, 0x7a, 0xd4, 0xf7, 0xe9, 0xb0,
    0x30, 0x0, 0x0, 0x0, 0x7, 0xf0, 0xff, 0xb9,
    0x0, 0x0, 0x0, 0x0,

    /* U+0E5A "๚" */
    0xa0, 0xff, 0xff, 0x18, 0x0, 0x0, 0x0, 0x0,
    0x0, 0x0, 0x0, 0x0, 0x91, 0xff, 0xff, 0x20,
    0x0, 0x0, 0x0, 0xe1, 0xff, 0xc8, 0x9d, 0xff,
    0xff, 0x19, 0x0, 0x0, 0x0, 0x0, 0x0, 0x0,
    0x0, 0x0, 0xa9, 0xff, 0xff, 0x20, 0x0, 0x0,
    0x2, 0xf5, 0xff, 0xc8, 0x92, 0xff, 0xff, 0x24,
    0x0, 0x0, 0x0, 0x0, 0x0, 0x0, 0x0, 0x4,
    0xea, 0xff, 0xff, 0x20, 0x0, 0x0, 0x3c, 0xff,
    0xff, 0xc8, 0x7a, 0xff, 0xff, 0x46, 0x0, 0x0,
    0x0, 0x0, 0x0, 0x0, 0x0, 0x6e, 0xff, 0xff,
    0xff, 0x20, 0x0, 0x0, 0xaf, 0xff, 0xff, 0xc8,
    0x4c, 0xff, 0xff, 0x8c, 0x0, 0x0, 0x0, 0x0,
    0x0, 0x0, 0x32, 0xf6, 0xff, 0xff, 0xff, 0x20,
    0x0, 0x50, 0xff, 0xff, 0xff, 0xc8, 0xb, 0xf5,
    0xff, 0xf2, 0x22, 0x0, 0x0, 0x0, 0x0, 0x3e,
    0xed, 0xff, 0xed, 0xff, 0xff, 0x20, 0x36, 0xf1,
    0xee, 0xff, 0xff, 0xc8, 0x0, 0x8a, 0xff, 0xff,
    0xe8, 0x71, 0x43, 0x55, 0xa6, 0xfe, 0xff, 0xac,
    0xb0, 0xff, 0xff, 0x8c, 0xf6, 0xff, 0x6a, 0xff,
    0xff, 0xc8, 0x0, 0xa, 0xc1, 0xff, 0xff, 0xff,
    0xff, 0xff, 0xff, 0xff, 0x9b, 0x6, 0xb0, 0xff,
    0xff, 0xff, 0xfd, 0x77, 0x10, 0xff, 0xff, 0xc8,
    0x0, 0x0, 0x5, 0x6f, 0xca, 0xf2, 0xf4, 0xd5,
    0x96, 0x2f, 0x0, 0x0, 0xb0, 0xff, 0xff, 0xc7,
    0x3d, 0x0, 0x10, 0xff, 0xff, 0xc8, 0x0, 0x0,
    0x0, 0x0, 0x0, 0x0, 0x0, 0x0, 0x0, 0x0,
    0x0, 0x0, 0xb0, 0xff, 0xff, 0x20, 0x0, 0x0,
    0x10, 0xff, 0xff, 0xc8, 0x0, 0x0, 0x0, 0x0,
    0x0, 0x0, 0x0, 0x0, 0x0, 0x0, 0x0, 0x0,
    0xb0, 0xff, 0xff, 0x20, 0x0, 0x0, 0x10, 0xff,
    0xff, 0xc8, 0x0, 0x0, 0x0, 0x0, 0x0, 0x0,
    0x0, 0x0, 0x0, 0x0, 0x0, 0x0, 0xb0, 0xff,
    0xff, 0x20, 0x0, 0x0, 0x10, 0xff, 0xff, 0xc8,
    0x0, 0x0, 0x0, 0x0, 0x0, 0x0, 0x0, 0x0,
    0x0, 0x0, 0x0, 0x0, 0xb0, 0xff, 0xff, 0x20,
    0x0, 0x0, 0x10, 0xff, 0xff, 0xc8, 0x0, 0x0,
    0x0, 0x0, 0x0, 0x0, 0x0, 0x0, 0x0, 0x0,
    0x0, 0x0, 0xb0, 0xff, 0xff, 0x20, 0x0, 0x0,
    0x10, 0xff, 0xff, 0xc8, 0x0, 0x0, 0x0, 0x0,
    0x0, 0x0, 0x0, 0x0, 0x0, 0x0, 0x0, 0x0,
    0xb0, 0xff, 0xff, 0x20, 0x0, 0x0, 0x10, 0xff,
    0xff, 0xc8, 0x0, 0x0, 0x0, 0x0, 0x0, 0x0,
    0x0, 0x0, 0x0, 0x0, 0x0, 0x0, 0xb0, 0xff,
    0xff, 0x20, 0x0, 0x0, 0x10, 0xff, 0xff, 0xc8,
    0x0, 0x0, 0x0, 0x0, 0x0, 0x0, 0x0, 0x0,
    0x0, 0x0, 0x0, 0x0, 0xb0, 0xff, 0xff, 0x20,
    0x0, 0x0, 0x10, 0xff, 0xff, 0xc8, 0x0, 0x0,
    0x0, 0x0, 0x0, 0x0, 0x0, 0x0, 0x0, 0x0,
    0x0, 0x0, 0xb0, 0xff, 0xff, 0x20, 0x0, 0x0,
    0x10, 0xff, 0xff, 0xc8, 0x0, 0x0, 0x0, 0x0,
    0x0, 0x0, 0x0, 0x0, 0x0, 0x0, 0x0, 0x0,
    0xb0, 0xff, 0xff, 0x20, 0x0, 0x0, 0x10, 0xff,
    0xff, 0xc8, 0x0, 0x0, 0x0, 0x0, 0x0, 0x0,
    0x0, 0x0, 0x0, 0x0, 0x0, 0x0, 0xb0, 0xff,
    0xff, 0x20, 0x0, 0x0, 0x10, 0xff, 0xff, 0xc8,

    /* U+0E5B "๛" */
    0x0, 0x0, 0x0, 0x0, 0x0, 0x0, 0xe, 0x1d,
    0x9, 0x0, 0x0, 0x0, 0x0, 0x0, 0x0, 0x0,
    0x0, 0x0, 0x0, 0x0, 0x0, 0x0, 0x0, 0x0,
    0x0, 0x0, 0x0, 0x0, 0x0, 0x0, 0x0, 0x0,
    0x0, 0x0, 0x0, 0x0, 0x0, 0x0, 0x0, 0x0,
    0x1a, 0x93, 0xe3, 0xff, 0xff, 0xfd, 0xc3, 0x47,
    0x0, 0x0, 0x0, 0x0, 0x0, 0x0, 0x0, 0x0,
    0x0, 0x0, 0x0, 0x0, 0x0, 0x0, 0x0, 0x0,
    0x0, 0x0, 0x0, 0x0, 0x0, 0x0, 0x0, 0x0,
    0x0, 0x0, 0x0, 0x0, 0x4b, 0xf3, 0xff, 0xff,
    0xff, 0xff, 0xff, 0xff, 0xff, 0x7c, 0x0, 0x0,
    0x0, 0x0, 0x0, 0x0, 0x0, 0x0, 0x0, 0x0,
    0x0, 0x0, 0x0, 0x0, 0x0, 0x0, 0x0, 0x0,
    0x0, 0x0, 0x0, 0x0, 0x0, 0x0, 0x0, 0x0,
    0x3d, 0xfb, 0xff, 0xe6, 0x63, 0x18, 0x6, 0x2e,
    0xaa, 0xff, 0xff, 0x5a, 0x0, 0x0, 0x0, 0x0,
    0x5f, 0x78, 0x0, 0x0, 0x0, 0x0, 0x0, 0x0,
    0x0, 0x0, 0x0, 0x0, 0x0, 0x0, 0x0, 0x0,
    0x0, 0x0, 0x0, 0x0, 0x5, 0xe0, 0xff, 0xe2,
    0x1c, 0x0, 0x0, 0x0, 0x0, 0x0, 0xa5, 0xff,
    0xea, 0xb, 0x0, 0x0, 0x0, 0xcd, 0xff, 0x22,
    0x0, 0x0, 0x0, 0x9c, 0xab, 0x0, 0x0, 0x0,
    0x0, 0x0, 0x0, 0x0, 0x0, 0x0, 0x0, 0x0,
    0x0, 0x5d, 0xff, 0xff, 0x48, 0x0, 0x0, 0x0,
    0x0, 0x0, 0x0, 0x15, 0xf1, 0xff, 0x60, 0x0,
    0x0, 0x1, 0xf0, 0xff, 0x76, 0x0, 0x0, 0x10,
    0xfc, 0xff, 0x2a, 0x0, 0x0, 0x77, 0xf3, 0x1,
    0x0, 0x0, 0x0, 0x0, 0x0, 0x0, 0xa9, 0xff,
    0xd7, 0x0, 0x0, 0x0, 0x0, 0x0, 0x0, 0x0,
    0x0, 0xb4, 0xff, 0xa2, 0x0, 0x0, 0x2e, 0xff,
    0xff, 0xca, 0x0, 0x0, 0x56, 0xff, 0xff, 0x7e,
    0x0, 0x0, 0xc5, 0xff, 0x26, 0x0, 0x0, 0x0,
    0x0, 0x0, 0x0, 0xd5, 0xff, 0x97, 0x0, 0x0,
    0x0, 0x0, 0x0, 0x0, 0x0, 0x0, 0x4a, 0x8c,
    0x68, 0x0, 0x0, 0x74, 0xff, 0xff, 0xff, 0x1e,
    0x0, 0x9f, 0xff, 0xff, 0xd3, 0x0, 0x14, 0xfd,
    0xff, 0x6c, 0x0, 0x0, 0x0, 0x0, 0x0, 0x0,
    0xe6, 0xff, 0x81, 0x0, 0x0, 0x0, 0x0, 0x0,
    0x0, 0x0, 0x0, 0x0, 0x0, 0x0, 0x0, 0x0,
    0xd1, 0xff, 0xfd, 0xff, 0x72, 0x1, 0xe6, 0xf2,
    0xce, 0xff, 0x27, 0x60, 0xff, 0xff, 0xce, 0x0,
    0x0, 0x0, 0x0, 0x0, 0x0, 0xda, 0xff, 0x8e,
    0x0, 0x0, 0x0, 0x0, 0x0, 0x0, 0x0, 0x0,
    0x0, 0x0, 0x0, 0x0, 0x3d, 0xff, 0xff, 0x89,
    0xff, 0xc6, 0x31, 0xff, 0xac, 0x6a, 0xff, 0x7b,
    0xad, 0xff, 0xe4, 0xff, 0x61, 0x0, 0x0, 0x0,
    0x0, 0x0, 0xb9, 0xff, 0xc0, 0x0, 0x0, 0x0,
    0x0, 0x0, 0x0, 0x0, 0x0, 0x0, 0x0, 0x0,
    0x0, 0xbe, 0xff, 0xe5, 0x6, 0xe4, 0xfe, 0x96,
    0xff, 0x5f, 0x11, 0xf8, 0xd5, 0xf3, 0xde, 0x43,
    0xff, 0xf8, 0x6e, 0x10, 0xc, 0x3c, 0x2, 0x72,
    0xff, 0xfc, 0x26, 0x0, 0x0, 0x0, 0x0, 0x0,
    0x0, 0x0, 0x0, 0x0, 0x0, 0x65, 0xff, 0xff,
    0x6a, 0x0, 0x8d, 0xff, 0xfd, 0xfd, 0x15, 0x0,
    0xab, 0xff, 0xff, 0x90, 0x0, 0x7a, 0xff, 0xff,
    0xff, 0xff, 0xff, 0x4b, 0x14, 0xf2, 0xff, 0xc1,
    0x5, 0x0, 0x0, 0x0, 0x0, 0x0, 0x0, 0x0,
    0x0, 0x3e, 0xf6, 0xff, 0xc7, 0x4, 0x0, 0x33,
    0xff, 0xff, 0xc7, 0x0, 0x0, 0x4c, 0xff, 0xff,
    0x42, 0x0, 0x0, 0x41, 0xaa, 0xce, 0xc5, 0x9d,
    0x3b, 0x0, 0x6e, 0xff, 0xff, 0xb9, 0x15, 0x0,
    0x0, 0x0, 0x0, 0x0, 0x1, 0x69, 0xfa, 0xff,
    0xe5, 0x1f, 0x0, 0x0, 0x0, 0xd8, 0xff, 0x7a,
    0x0, 0x0, 0x4, 0xe7, 0xf0, 0x5, 0x0, 0x0,
    0x0, 0x0, 0x0, 0x0, 0x0, 0x0, 0x0, 0x0,
    0x97, 0xff, 0xff, 0xf3, 0x96, 0x57, 0x41, 0x4c,
    0x7c, 0xd5, 0xff, 0xff, 0xe0, 0x26, 0x0, 0x0,
    0x0, 0x0, 0x7f, 0xff, 0x2e, 0x0, 0x0, 0x0,
    0x52, 0x5d, 0x0, 0x0, 0x0, 0x0, 0x0, 0x0,
    0x0, 0x0, 0x0, 0x0, 0x0, 0x0, 0x6f, 0xf3,
    0xff, 0xff, 0xff, 0xff, 0xff, 0xff, 0xff, 0xfe,
    0xa5, 0x11, 0x0, 0x0, 0x0, 0x0, 0x0, 0x8,
    0x1c, 0x0, 0x0, 0x0, 0x0, 0x0, 0x0, 0x0,
    0x0, 0x0, 0x0, 0x0, 0x0, 0x0, 0x0, 0x0,
    0x0, 0x0, 0x0, 0x0, 0x15, 0x79, 0xc1, 0xe8,
    0xfa, 0xed, 0xcd, 0x8b, 0x2a, 0x0, 0x0, 0x0,
    0x0, 0x0, 0x0, 0x0, 0x0, 0x0, 0x0, 0x0,
    0x0, 0x0, 0x0, 0x0, 0x0, 0x0, 0x0, 0x0,
    0x0, 0x0, 0x0, 0x0, 0x0
};


/*---------------------
 *  GLYPH DESCRIPTION
 *--------------------*/

static const lv_font_fmt_txt_glyph_dsc_t glyph_dsc[] = {
    {.bitmap_index = 0, .adv_w = 0, .box_w = 0, .box_h = 0, .ofs_x = 0, .ofs_y = 0} /* id = 0 reserved */,
    {.bitmap_index = 0, .adv_w = 276, .box_w = 0, .box_h = 0, .ofs_x = 0, .ofs_y = 0},
    {.bitmap_index = 0, .adv_w = 108, .box_w = 0, .box_h = 0, .ofs_x = 0, .ofs_y = 0},
    {.bitmap_index = 0, .adv_w = 333, .box_w = 18, .box_h = 20, .ofs_x = 1, .ofs_y = 0},
    {.bitmap_index = 360, .adv_w = 306, .box_w = 15, .box_h = 20, .ofs_x = 2, .ofs_y = 0},
    {.bitmap_index = 660, .adv_w = 309, .box_w = 16, .box_h = 21, .ofs_x = 1, .ofs_y = 0},
    {.bitmap_index = 996, .adv_w = 342, .box_w = 17, .box_h = 20, .ofs_x = 2, .ofs_y = 0},
    {.bitmap_index = 1336, .adv_w = 347, .box_w = 18, .box_h = 20, .ofs_x = 2, .ofs_y = 0},
    {.bitmap_index = 1696, .adv_w = 334, .box_w = 18, .box_h = 21, .ofs_x = 1, .ofs_y = 0},
    {.bitmap_index = 2074, .adv_w = 309, .box_w = 18, .box_h = 20, .ofs_x = 0, .ofs_y = 0},
    {.bitmap_index = 2434, .adv_w = 298, .box_w = 17, .box_h = 20, .ofs_x = 0, .ofs_y = 0},
    {.bitmap_index = 2774, .adv_w = 325, .box_w = 17, .box_h = 20, .ofs_x = 1, .ofs_y = 0},
    {.bitmap_index = 3114, .adv_w = 306, .box_w = 16, .box_h = 20, .ofs_x = 2, .ofs_y = 0},
    {.bitmap_index = 3434, .adv_w = 309, .box_w = 17, .box_h = 21, .ofs_x = 1, .ofs_y = 0},
    {.bitmap_index = 3791, .adv_w = 509, .box_w = 29, .box_h = 20, .ofs_x = 1, .ofs_y = 0},
    {.bitmap_index = 4371, .adv_w = 509, .box_w = 29, .box_h = 26, .ofs_x = 1, .ofs_y = -6},
    {.bitmap_index = 5125, .adv_w = 338, .box_w = 18, .box_h = 27, .ofs_x = 1, .ofs_y = -7},
    {.bitmap_index = 5611, .adv_w = 338, .box_w = 18, .box_h = 27, .ofs_x = 1, .ofs_y = -7},
    {.bitmap_index = 6097, .adv_w = 298, .box_w = 18, .box_h = 28, .ofs_x = 0, .ofs_y = -7},
    {.bitmap_index = 6601, .adv_w = 336, .box_w = 18, .box_h = 21, .ofs_x = 1, .ofs_y = 0},
    {.bitmap_index = 6979, .adv_w = 545, .box_w = 31, .box_h = 21, .ofs_x = 1, .ofs_y = 0},
    {.bitmap_index = 7630, .adv_w = 509, .box_w = 29, .box_h = 20, .ofs_x = 1, .ofs_y = 0},
    {.bitmap_index = 8210, .adv_w = 345, .box_w = 18, .box_h = 20, .ofs_x = 1, .ofs_y = 0},
    {.bitmap_index = 8570, .adv_w = 352, .box_w = 19, .box_h = 21, .ofs_x = 1, .ofs_y = 0},
    {.bitmap_index = 8969, .adv_w = 334, .box_w = 18, .box_h = 20, .ofs_x = 1, .ofs_y = 0},
    {.bitmap_index = 9329, .adv_w = 339, .box_w = 17, .box_h = 20, .ofs_x = 2, .ofs_y = 0},
    {.bitmap_index = 9669, .adv_w = 306, .box_w = 17, .box_h = 20, .ofs_x = 1, .ofs_y = 0},
    {.bitmap_index = 10009, .adv_w = 334, .box_w = 17, .box_h = 20, .ofs_x = 2, .ofs_y = 0},
    {.bitmap_index = 10349, .adv_w = 333, .box_w = 17, .box_h = 20, .ofs_x = 2, .ofs_y = 0},
    {.bitmap_index = 10689, .adv_w = 333, .box_w = 17, .box_h = 26, .ofs_x = 2, .ofs_y = 0},
    {.bitmap_index = 11131, .adv_w = 364, .box_w = 18, .box_h = 20, .ofs_x = 2, .ofs_y = 0},
    {.bitmap_index = 11491, .adv_w = 364, .box_w = 18, .box_h = 26, .ofs_x = 2, .ofs_y = 0},
    {.bitmap_index = 11959, .adv_w = 390, .box_w = 23, .box_h = 20, .ofs_x = 1, .ofs_y = 0},
    {.bitmap_index = 12419, .adv_w = 390, .box_w = 23, .box_h = 26, .ofs_x = 1, .ofs_y = 0},
    {.bitmap_index = 13017, .adv_w = 338, .box_w = 18, .box_h = 20, .ofs_x = 1, .ofs_y = 0},
    {.bitmap_index = 13377, .adv_w = 334, .box_w = 17, .box_h = 20, .ofs_x = 2, .ofs_y = 0},
    {.bitmap_index = 13717, .adv_w = 319, .box_w = 17, .box_h = 20, .ofs_x = 1, .ofs_y = 0},
    {.bitmap_index = 14057, .adv_w = 271, .box_w = 15, .box_h = 20, .ofs_x = 1, .ofs_y = 0},
    {.bitmap_index = 14357, .adv_w = 334, .box_w = 18, .box_h = 27, .ofs_x = 1, .ofs_y = -7},
    {.bitmap_index = 14843, .adv_w = 317, .box_w = 17, .box_h = 20, .ofs_x = 1, .ofs_y = 0},
    {.bitmap_index = 15183, .adv_w = 339, .box_w = 18, .box_h = 27, .ofs_x = 1, .ofs_y = -7},
    {.bitmap_index = 15669, .adv_w = 289, .box_w = 16, .box_h = 20, .ofs_x = 1, .ofs_y = 0},
    {.bitmap_index = 15989, .adv_w = 342, .box_w = 18, .box_h = 21, .ofs_x = 2, .ofs_y = 0},
    {.bitmap_index = 16367, .adv_w = 340, .box_w = 20, .box_h = 20, .ofs_x = 2, .ofs_y = 0},
    {.bitmap_index = 16767, .adv_w = 317, .box_w = 18, .box_h = 21, .ofs_x = 1, .ofs_y = 0},
    {.bitmap_index = 17145, .adv_w = 323, .box_w = 18, .box_h = 20, .ofs_x = 2, .ofs_y = 0},
    {.bitmap_index = 17505, .adv_w = 364, .box_w = 19, .box_h = 26, .ofs_x = 2, .ofs_y = 0},
    {.bitmap_index = 17999, .adv_w = 326, .box_w = 18, .box_h = 20, .ofs_x = 1, .ofs_y = 0},
    {.bitmap_index = 18359, .adv_w = 326, .box_w = 18, .box_h = 22, .ofs_x = 1, .ofs_y = 0},
    {.bitmap_index = 18755, .adv_w = 301, .box_w = 16, .box_h = 20, .ofs_x = 1, .ofs_y = 0},
    {.bitmap_index = 19075, .adv_w = 165, .box_w = 8, .box_h = 14, .ofs_x = 1, .ofs_y = 3},
    {.bitmap_index = 19187, .adv_w = 0, .box_w = 13, .box_h = 5, .ofs_x = -10, .ofs_y = 22},
    {.bitmap_index = 19252, .adv_w = 261, .box_w = 14, .box_h = 20, .ofs_x = 0, .ofs_y = 0},
    {.bitmap_index = 19532, .adv_w = 261, .box_w = 22, .box_h = 29, .ofs_x = -8, .ofs_y = 0},
    {.bitmap_index = 20170, .adv_w = 0, .box_w = 16, .box_h = 3, .ofs_x = -18, .ofs_y = 22},
    {.bitmap_index = 20218, .adv_w = 0, .box_w = 16, .box_h = 6, .ofs_x = -18, .ofs_y = 22},
    {.bitmap_index = 20314, .adv_w = 0, .box_w = 17, .box_h = 6, .ofs_x = -18, .ofs_y = 22},
    {.bitmap_index = 20416, .adv_w = 0, .box_w = 16, .box_h = 6, .ofs_x = -18, .ofs_y = 22},
    {.bitmap_index = 20512, .adv_w = 0, .box_w = 6, .box_h = 7, .ofs_x = -8, .ofs_y = -9},
    {.bitmap_index = 20554, .adv_w = 0, .box_w = 12, .box_h = 7, .ofs_x = -14, .ofs_y = -9},
    {.bitmap_index = 20638, .adv_w = 0, .box_w = 5, .box_h = 5, .ofs_x = -7, .ofs_y = -6},
    {.bitmap_index = 20663, .adv_w = 132, .box_w = 4, .box_h = 20, .ofs_x = 2, .ofs_y = 0},
    {.bitmap_index = 20743, .adv_w = 240, .box_w = 11, .box_h = 20, .ofs_x = 2, .ofs_y = 0},
    {.bitmap_index = 20963, .adv_w = 150, .box_w = 15, .box_h = 33, .ofs_x = -1, .ofs_y = 0},
    {.bitmap_index = 21458, .adv_w = 150, .box_w = 13, .box_h = 33, .ofs_x = -2, .ofs_y = 0},
    {.bitmap_index = 21887, .adv_w = 150, .box_w = 13, .box_h = 32, .ofs_x = -3, .ofs_y = 0},
    {.bitmap_index = 22303, .adv_w = 261, .box_w = 14, .box_h = 27, .ofs_x = 0, .ofs_y = -7},
    {.bitmap_index = 22681, .adv_w = 308, .box_w = 16, .box_h = 28, .ofs_x = 1, .ofs_y = -7},
    {.bitmap_index = 23129, .adv_w = 0, .box_w = 13, .box_h = 8, .ofs_x = -16, .ofs_y = 22},
    {.bitmap_index = 23233, .adv_w = 0, .box_w = 4, .box_h = 5, .ofs_x = -6, .ofs_y = 30},
    {.bitmap_index = 23253, .adv_w = 0, .box_w = 11, .box_h = 6, .ofs_x = -10, .ofs_y = 30},
    {.bitmap_index = 23319, .adv_w = 0, .box_w = 13, .box_h = 7, .ofs_x = -12, .ofs_y = 29},
    {.bitmap_index = 23410, .adv_w = 0, .box_w = 8, .box_h = 7, .ofs_x = -8, .ofs_y = 30},
    {.bitmap_index = 23466, .adv_w = 0, .box_w = 8, .box_h = 5, .ofs_x = -8, .ofs_y = 27},
    {.bitmap_index = 23506, .adv_w = 0, .box_w = 8, .box_h = 7, .ofs_x = -8, .ofs_y = 22},
    {.bitmap_index = 23562, .adv_w = 0, .box_w = 9, .box_h = 9, .ofs_x = -11, .ofs_y = 22},
    {.bitmap_index = 23643, .adv_w = 302, .box_w = 15, .box_h = 16, .ofs_x = 2, .ofs_y = 0},
    {.bitmap_index = 23883, .adv_w = 352, .box_w = 20, .box_h = 18, .ofs_x = 1, .ofs_y = 0},
    {.bitmap_index = 24243, .adv_w = 354, .box_w = 20, .box_h = 22, .ofs_x = 1, .ofs_y = -4},
    {.bitmap_index = 24683, .adv_w = 413, .box_w = 22, .box_h = 20, .ofs_x = 2, .ofs_y = 0},
    {.bitmap_index = 25123, .adv_w = 365, .box_w = 20, .box_h = 18, .ofs_x = 1, .ofs_y = 0},
    {.bitmap_index = 25483, .adv_w = 336, .box_w = 20, .box_h = 20, .ofs_x = 1, .ofs_y = 0},
    {.bitmap_index = 25883, .adv_w = 336, .box_w = 20, .box_h = 22, .ofs_x = 1, .ofs_y = 0},
    {.bitmap_index = 26323, .adv_w = 340, .box_w = 20, .box_h = 20, .ofs_x = 0, .ofs_y = 0},
    {.bitmap_index = 26723, .adv_w = 444, .box_w = 25, .box_h = 20, .ofs_x = 1, .ofs_y = 0},
    {.bitmap_index = 27223, .adv_w = 351, .box_w = 19, .box_h = 20, .ofs_x = 2, .ofs_y = 0},
    {.bitmap_index = 27603, .adv_w = 344, .box_w = 21, .box_h = 20, .ofs_x = 1, .ofs_y = 0},
    {.bitmap_index = 28023, .adv_w = 407, .box_w = 22, .box_h = 20, .ofs_x = 1, .ofs_y = 0},
    {.bitmap_index = 28463, .adv_w = 629, .box_w = 37, .box_h = 17, .ofs_x = 2, .ofs_y = 2}
};

/*---------------------
 *  CHARACTER MAPPING
 *--------------------*/



/*Collect the unicode lists and glyph_id offsets*/
static const lv_font_fmt_txt_cmap_t cmaps[] =
{
    {
        .range_start = 127, .range_length = 1, .glyph_id_start = 1,
        .unicode_list = NULL, .glyph_id_ofs_list = NULL, .list_length = 0, .type = LV_FONT_FMT_TXT_CMAP_FORMAT0_TINY
    },
    {
        .range_start = 3584, .range_length = 59, .glyph_id_start = 2,
        .unicode_list = NULL, .glyph_id_ofs_list = NULL, .list_length = 0, .type = LV_FONT_FMT_TXT_CMAP_FORMAT0_TINY
    },
    {
        .range_start = 3648, .range_length = 28, .glyph_id_start = 61,
        .unicode_list = NULL, .glyph_id_ofs_list = NULL, .list_length = 0, .type = LV_FONT_FMT_TXT_CMAP_FORMAT0_TINY
    }
};



/*--------------------
 *  ALL CUSTOM DATA
 *--------------------*/

#if LVGL_VERSION_MAJOR == 8
/*Store all the custom data of the font*/
static  lv_font_fmt_txt_glyph_cache_t cache;
#endif

#if LVGL_VERSION_MAJOR >= 8
static const lv_font_fmt_txt_dsc_t font_dsc = {
#else
static lv_font_fmt_txt_dsc_t font_dsc = {
#endif
    .glyph_bitmap = glyph_bitmap,
    .glyph_dsc = glyph_dsc,
    .cmaps = cmaps,
    .kern_dsc = NULL,
    .kern_scale = 0,
    .cmap_num = 3,
    .bpp = 8,
    .kern_classes = 0,
    .bitmap_format = 0,
#if LVGL_VERSION_MAJOR == 8
    .cache = &cache
#endif
};



/*-----------------
 *  PUBLIC FONT
 *----------------*/

/*Initialize a public general font descriptor*/
#if LVGL_VERSION_MAJOR >= 8
const lv_font_t ui_font_SFPROTH_32 = {
#else
lv_font_t ui_font_SFPROTH_32 = {
#endif
    .get_glyph_dsc = lv_font_get_glyph_dsc_fmt_txt,    /*Function pointer to get glyph's data*/
    .get_glyph_bitmap = lv_font_get_bitmap_fmt_txt,    /*Function pointer to get glyph's bitmap*/
    .line_height = 46,          /*The maximum line height required by the font*/
    .base_line = 9,             /*Baseline measured from the bottom of the line*/
#if !(LVGL_VERSION_MAJOR == 6 && LVGL_VERSION_MINOR == 0)
    .subpx = LV_FONT_SUBPX_NONE,
#endif
#if LV_VERSION_CHECK(7, 4, 0) || LVGL_VERSION_MAJOR >= 8
    .underline_position = -5,
    .underline_thickness = 2,
#endif
    .dsc = &font_dsc,          /*The custom font data. Will be accessed by `get_glyph_bitmap/dsc` */
#if LV_VERSION_CHECK(8, 2, 0) || LVGL_VERSION_MAJOR >= 9
    .fallback = NULL,
#endif
    .user_data = NULL,
};



#endif /*#if UI_FONT_SFPROTH_32*/

