ISO-10303-21;
HEADER;
/* Generated by software containing ST-Developer
 * from STEP Tools, Inc. (www.steptools.com) 
 */

FILE_DESCRIPTION(
/* description */ (''),
/* implementation_level */ '2;1');

FILE_NAME(
/* name */ 'AS02008MR-5-R.ipt.step',
/* time_stamp */ '2024-02-07T22:23:41-05:00',
/* author */ ('J.D.'),
/* organization */ (''),
/* preprocessor_version */ 'ST-DEVELOPER v20',
/* originating_system */ 'Autodesk Inventor 2024',
/* authorisation */ '');

FILE_SCHEMA (('AUTOMOTIVE_DESIGN { 1 0 10303 214 3 1 1 }'));
ENDSEC;

DATA;
#10=MECHANICAL_DESIGN_GEOMETRIC_PRESENTATION_REPRESENTATION('',(#1768,#1769,
#1770,#1771,#1772,#1773,#1774,#1775,#1776,#1777,#1778,#1779,#1780,#1781,
#1782,#1783,#1784,#1785,#1786,#1787,#1788,#1789,#1790,#1791,#1792,#1793,
#1794,#1795,#1796,#1797,#1798,#1799,#1800,#1801,#1802,#1803,#1804,#1805,
#1806,#1807,#1808,#1809,#1810,#1811,#1812,#1813,#1814,#1815,#1816,#1817,
#1818,#1819,#1820,#1821,#1822,#1823,#1824,#1825,#1826,#1827,#1828,#1829,
#1830,#1831,#1832,#1833,#1834,#1835,#1836,#1837,#1838,#1839,#1840,#1841,
#1842,#1843,#1844,#1845,#1846,#1847,#1848,#1849,#1850,#1851,#1852,#1853,
#1854,#1855,#1856,#1857,#1858,#1859,#1860,#1861,#1862,#1863,#1864,#1865,
#1866,#1867,#1868,#1869,#1870,#1871,#1872,#1873,#1874,#1875,#1876,#1877,
#1878,#1879,#1880,#1881,#1882,#1883,#1884,#1885,#1886,#1887,#1888,#1889,
#1890,#1891,#1892,#1893),#4157);
#11=SHAPE_REPRESENTATION_RELATIONSHIP('SRR','None',#4164,#12);
#12=ADVANCED_BREP_SHAPE_REPRESENTATION('',(#72,#73,#74),#4156);
#13=ELLIPSE('',#2140,0.910683455994494,0.648231529802638);
#14=ELLIPSE('',#2143,0.447213595499958,0.4);
#15=ELLIPSE('',#2144,0.447213595499957,0.4);
#16=ELLIPSE('',#2146,0.447213595499957,0.4);
#17=ELLIPSE('',#2147,0.447213595499958,0.4);
#18=ELLIPSE('',#2150,0.447213595499957,0.4);
#19=ELLIPSE('',#2151,0.447213595499958,0.4);
#20=ELLIPSE('',#2153,0.447213595499957,0.4);
#21=ELLIPSE('',#2154,0.447213595499958,0.4);
#22=ELLIPSE('',#2166,0.872071720972403,0.751389021195691);
#23=ELLIPSE('',#2169,0.447213595499959,0.4);
#24=ELLIPSE('',#2170,0.447213595499958,0.4);
#25=ELLIPSE('',#2172,0.447213595499958,0.4);
#26=ELLIPSE('',#2173,0.447213595499958,0.4);
#27=ELLIPSE('',#2176,0.447213595499958,0.4);
#28=ELLIPSE('',#2177,0.447213595499958,0.4);
#29=ELLIPSE('',#2179,0.447213595499959,0.4);
#30=ELLIPSE('',#2180,0.447213595499958,0.4);
#31=B_SPLINE_CURVE_WITH_KNOTS('',3,(#3344,#3345,#3346,#3347,#3348,#3349,
#3350,#3351,#3352,#3353,#3354,#3355,#3356,#3357,#3358,#3359,#3360,#3361,
#3362,#3363,#3364,#3365,#3366,#3367,#3368,#3369,#3370,#3371,#3372,#3373,
#3374,#3375,#3376,#3377,#3378),.UNSPECIFIED.,.T.,.F.,(4,1,1,1,1,1,1,1,1,
1,1,1,1,1,1,1,1,1,1,1,1,1,1,1,1,1,1,1,1,1,1,1,4),(1.5707963267949,2.01959527730772,
2.46839422782055,2.69279370307697,2.80499344070517,2.91719317833338,3.02939291596159,
3.08549278477569,3.11354271918274,3.14159265358979,3.16964258799684,3.1976925224039,
3.253792391218,3.36599212884621,3.59039160410262,3.81479107935903,4.26359002987186,
5.16118793089752,5.60998688141034,5.83438635666676,6.05878583192317,6.17098556955138,
6.22708543836548,6.25513537277253,6.28318530717959,6.31123524158664,6.33928517599369,
6.39538504480779,6.4514849136219,6.507584782436,6.73198425769241,6.95638373294883,
7.85398163397448),.UNSPECIFIED.);
#32=B_SPLINE_CURVE_WITH_KNOTS('',3,(#3380,#3381,#3382,#3383,#3384,#3385,
#3386,#3387,#3388,#3389,#3390,#3391,#3392,#3393,#3394,#3395,#3396,#3397,
#3398,#3399,#3400,#3401,#3402,#3403,#3404,#3405,#3406),.UNSPECIFIED.,.F.,
 .F.,(4,1,1,1,1,1,1,1,1,1,1,1,1,1,1,1,1,1,1,1,1,1,1,1,4),(-7.85398163397448,
-6.95638373294883,-6.73198425769241,-6.507584782436,-6.4514849136219,-6.39538504480779,
-6.33928517599369,-6.31123524158664,-6.28318530717959,-6.25513537277253,
-6.22708543836548,-6.17098556955138,-6.05878583192317,-5.83438635666676,
-5.60998688141034,-5.16118793089752,-4.26359002987186,-3.81479107935903,
-3.59039160410262,-3.36599212884621,-3.253792391218,-3.1976925224039,-3.16964258799684,
-3.14159265358979,-3.14037656726612),.UNSPECIFIED.);
#33=B_SPLINE_CURVE_WITH_KNOTS('',3,(#3407,#3408,#3409,#3410,#3411,#3412,
#3413,#3414,#3415,#3416,#3417,#3418),.UNSPECIFIED.,.F.,.F.,(4,1,1,1,1,1,
1,1,1,4),(-3.14037656726612,-3.11354271918274,-3.08549278477569,-3.02939291596159,
-2.91719317833338,-2.80499344070517,-2.69279370307697,-2.46839422782055,
-2.01959527730772,-1.5707963267949),.UNSPECIFIED.);
#34=B_SPLINE_CURVE_WITH_KNOTS('',3,(#3699,#3700,#3701,#3702,#3703,#3704,
#3705,#3706,#3707,#3708,#3709,#3710,#3711,#3712,#3713,#3714,#3715,#3716,
#3717,#3718),.UNSPECIFIED.,.T.,.F.,(4,1,1,1,1,1,1,1,1,1,1,1,1,1,1,1,1,4),
(1.5707963267949,2.01959527730772,2.46839422782055,2.91719317833338,3.08549278477569,
3.36599212884621,3.70259134173083,4.26359002987186,5.16118793089752,5.55388701259624,
6.05878583192317,6.17098556955138,6.39538504480779,6.507584782436,6.95638373294883,
7.06858347057703,7.40518268346166,7.85398163397448),.UNSPECIFIED.);
#35=B_SPLINE_CURVE_WITH_KNOTS('',3,(#3720,#3721,#3722,#3723,#3724,#3725,
#3726,#3727,#3728,#3729,#3730,#3731,#3732,#3733,#3734,#3735),
 .UNSPECIFIED.,.F.,.F.,(4,1,1,1,1,1,1,1,1,1,1,1,1,4),(-7.85398163397448,
-7.40518268346166,-7.06858347057703,-6.95638373294883,-6.507584782436,-6.39538504480779,
-6.17098556955138,-6.05878583192317,-5.55388701259624,-5.16118793089752,
-4.26359002987186,-3.70259134173083,-3.36599212884621,-3.14042467207896),
 .UNSPECIFIED.);
#36=B_SPLINE_CURVE_WITH_KNOTS('',3,(#3736,#3737,#3738,#3739,#3740,#3741,
#3742,#3743),.UNSPECIFIED.,.F.,.F.,(4,1,1,1,1,4),(-3.14042467207896,-3.08549278477569,
-2.91719317833338,-2.46839422782055,-2.01959527730772,-1.5707963267949),
 .UNSPECIFIED.);
#37=B_SPLINE_SURFACE_WITH_KNOTS('',3,3,((#3166,#3167,#3168,#3169,#3170,
#3171,#3172,#3173,#3174,#3175,#3176,#3177,#3178,#3179,#3180,#3181,#3182,
#3183,#3184,#3185,#3186,#3187,#3188,#3189,#3190,#3191,#3192,#3193,#3194,
#3195,#3196,#3197,#3198,#3199,#3200),(#3201,#3202,#3203,#3204,#3205,#3206,
#3207,#3208,#3209,#3210,#3211,#3212,#3213,#3214,#3215,#3216,#3217,#3218,
#3219,#3220,#3221,#3222,#3223,#3224,#3225,#3226,#3227,#3228,#3229,#3230,
#3231,#3232,#3233,#3234,#3235),(#3236,#3237,#3238,#3239,#3240,#3241,#3242,
#3243,#3244,#3245,#3246,#3247,#3248,#3249,#3250,#3251,#3252,#3253,#3254,
#3255,#3256,#3257,#3258,#3259,#3260,#3261,#3262,#3263,#3264,#3265,#3266,
#3267,#3268,#3269,#3270),(#3271,#3272,#3273,#3274,#3275,#3276,#3277,#3278,
#3279,#3280,#3281,#3282,#3283,#3284,#3285,#3286,#3287,#3288,#3289,#3290,
#3291,#3292,#3293,#3294,#3295,#3296,#3297,#3298,#3299,#3300,#3301,#3302,
#3303,#3304,#3305),(#3306,#3307,#3308,#3309,#3310,#3311,#3312,#3313,#3314,
#3315,#3316,#3317,#3318,#3319,#3320,#3321,#3322,#3323,#3324,#3325,#3326,
#3327,#3328,#3329,#3330,#3331,#3332,#3333,#3334,#3335,#3336,#3337,#3338,
#3339,#3340)),.UNSPECIFIED.,.F.,.T.,.F.,(4,1,4),(4,1,1,1,1,1,1,1,1,1,1,
1,1,1,1,1,1,1,1,1,1,1,1,1,1,1,1,1,1,1,1,1,4),(0.,0.5,1.),(1.5707963267949,
2.01959527730772,2.46839422782055,2.69279370307697,2.80499344070517,2.91719317833338,
3.02939291596159,3.08549278477569,3.11354271918274,3.14159265358979,3.16964258799684,
3.1976925224039,3.253792391218,3.36599212884621,3.59039160410262,3.81479107935903,
4.26359002987186,5.16118793089752,5.60998688141034,5.83438635666676,6.05878583192317,
6.17098556955138,6.22708543836548,6.25513537277253,6.28318530717959,6.31123524158664,
6.33928517599369,6.39538504480779,6.4514849136219,6.507584782436,6.73198425769241,
6.95638373294883,7.85398163397448),.UNSPECIFIED.);
#38=B_SPLINE_SURFACE_WITH_KNOTS('',3,3,((#3441,#3442,#3443,#3444,#3445),
(#3446,#3447,#3448,#3449,#3450),(#3451,#3452,#3453,#3454,#3455),(#3456,
#3457,#3458,#3459,#3460),(#3461,#3462,#3463,#3464,#3465)),.UNSPECIFIED.,
 .F.,.F.,.F.,(4,1,4),(4,1,4),(0.,0.5,1.),(-1.5707963267949,-0.897597901025656,
1.19262238973406E-16),.UNSPECIFIED.);
#39=B_SPLINE_SURFACE_WITH_KNOTS('',3,3,((#3472,#3473,#3474,#3475,#3476),
(#3477,#3478,#3479,#3480,#3481),(#3482,#3483,#3484,#3485,#3486),(#3487,
#3488,#3489,#3490,#3491),(#3492,#3493,#3494,#3495,#3496)),.UNSPECIFIED.,
 .F.,.F.,.F.,(4,1,4),(4,1,4),(0.,0.5,1.),(-1.5707963267949,-0.673198425769242,
1.19262238973406E-16),.UNSPECIFIED.);
#40=B_SPLINE_SURFACE_WITH_KNOTS('',3,3,((#3506,#3507,#3508,#3509,#3510),
(#3511,#3512,#3513,#3514,#3515),(#3516,#3517,#3518,#3519,#3520),(#3521,
#3522,#3523,#3524,#3525),(#3526,#3527,#3528,#3529,#3530)),.UNSPECIFIED.,
 .F.,.F.,.F.,(4,1,4),(4,1,4),(0.,0.5,1.),(-1.5707963267949,-0.897597901025655,
1.19262238973406E-16),.UNSPECIFIED.);
#41=B_SPLINE_SURFACE_WITH_KNOTS('',3,3,((#3537,#3538,#3539,#3540,#3541),
(#3542,#3543,#3544,#3545,#3546),(#3547,#3548,#3549,#3550,#3551),(#3552,
#3553,#3554,#3555,#3556),(#3557,#3558,#3559,#3560,#3561)),.UNSPECIFIED.,
 .F.,.F.,.F.,(4,1,4),(4,1,4),(0.,0.5,1.),(-1.5707963267949,-0.897597901025655,
1.19262238973406E-16),.UNSPECIFIED.);
#42=B_SPLINE_SURFACE_WITH_KNOTS('',3,3,((#3596,#3597,#3598,#3599,#3600,
#3601,#3602,#3603,#3604,#3605,#3606,#3607,#3608,#3609,#3610,#3611,#3612,
#3613,#3614,#3615),(#3616,#3617,#3618,#3619,#3620,#3621,#3622,#3623,#3624,
#3625,#3626,#3627,#3628,#3629,#3630,#3631,#3632,#3633,#3634,#3635),(#3636,
#3637,#3638,#3639,#3640,#3641,#3642,#3643,#3644,#3645,#3646,#3647,#3648,
#3649,#3650,#3651,#3652,#3653,#3654,#3655),(#3656,#3657,#3658,#3659,#3660,
#3661,#3662,#3663,#3664,#3665,#3666,#3667,#3668,#3669,#3670,#3671,#3672,
#3673,#3674,#3675),(#3676,#3677,#3678,#3679,#3680,#3681,#3682,#3683,#3684,
#3685,#3686,#3687,#3688,#3689,#3690,#3691,#3692,#3693,#3694,#3695)),
 .UNSPECIFIED.,.F.,.T.,.F.,(4,1,4),(4,1,1,1,1,1,1,1,1,1,1,1,1,1,1,1,1,4),
(0.,0.5,1.),(1.5707963267949,2.01959527730772,2.46839422782055,2.91719317833338,
3.08549278477569,3.36599212884621,3.70259134173083,4.26359002987186,5.16118793089752,
5.55388701259624,6.05878583192317,6.17098556955138,6.39538504480779,6.507584782436,
6.95638373294883,7.06858347057703,7.40518268346166,7.85398163397448),
 .UNSPECIFIED.);
#43=B_SPLINE_SURFACE_WITH_KNOTS('',3,3,((#3766,#3767,#3768,#3769,#3770),
(#3771,#3772,#3773,#3774,#3775),(#3776,#3777,#3778,#3779,#3780),(#3781,
#3782,#3783,#3784,#3785),(#3786,#3787,#3788,#3789,#3790)),.UNSPECIFIED.,
 .F.,.F.,.F.,(4,1,4),(4,1,4),(0.,0.5,1.),(-1.5707963267949,-0.897597901025655,
5.96311194867027E-17),.UNSPECIFIED.);
#44=B_SPLINE_SURFACE_WITH_KNOTS('',3,3,((#3797,#3798,#3799,#3800,#3801),
(#3802,#3803,#3804,#3805,#3806),(#3807,#3808,#3809,#3810,#3811),(#3812,
#3813,#3814,#3815,#3816),(#3817,#3818,#3819,#3820,#3821)),.UNSPECIFIED.,
 .F.,.F.,.F.,(4,1,4),(4,1,4),(0.,0.5,1.),(-1.5707963267949,-0.897597901025655,
-5.96311194867027E-17),.UNSPECIFIED.);
#45=B_SPLINE_SURFACE_WITH_KNOTS('',3,3,((#3831,#3832,#3833,#3834,#3835),
(#3836,#3837,#3838,#3839,#3840),(#3841,#3842,#3843,#3844,#3845),(#3846,
#3847,#3848,#3849,#3850),(#3851,#3852,#3853,#3854,#3855)),.UNSPECIFIED.,
 .F.,.F.,.F.,(4,1,4),(4,1,4),(0.,0.5,1.),(-1.5707963267949,-0.897597901025656,
-1.19262238973406E-16),.UNSPECIFIED.);
#46=B_SPLINE_SURFACE_WITH_KNOTS('',3,3,((#3862,#3863,#3864,#3865,#3866),
(#3867,#3868,#3869,#3870,#3871),(#3872,#3873,#3874,#3875,#3876),(#3877,
#3878,#3879,#3880,#3881),(#3882,#3883,#3884,#3885,#3886)),.UNSPECIFIED.,
 .F.,.F.,.F.,(4,1,4),(4,1,4),(0.,0.5,1.),(-1.5707963267949,-0.897597901025655,
-5.96311194867024E-17),.UNSPECIFIED.);
#47=(
BOUNDED_SURFACE()
B_SPLINE_SURFACE(2,2,((#3026,#3027,#3028,#3029,#3030,#3031,#3032,#3033,
#3034),(#3035,#3036,#3037,#3038,#3039,#3040,#3041,#3042,#3043),(#3044,#3045,
#3046,#3047,#3048,#3049,#3050,#3051,#3052)),.UNSPECIFIED.,.F.,.T.,.F.)
B_SPLINE_SURFACE_WITH_KNOTS((3,3),(3,2,2,2,3),(-1.57874428902545,-1.19516999848231),
(-3.14159265358979,-1.5707963267949,0.,1.5707963267949,3.14159265358979),
 .UNSPECIFIED.)
GEOMETRIC_REPRESENTATION_ITEM()
RATIONAL_B_SPLINE_SURFACE(((1.,0.707106781186548,1.,0.707106781186548,1.,
0.707106781186548,1.,0.707106781186548,1.),(0.981665148810325,0.694142083578282,
0.981665148810325,0.694142083578282,0.981665148810325,0.694142083578282,
0.981665148810325,0.694142083578282,0.981665148810325),(1.,0.707106781186548,
1.,0.707106781186548,1.,0.707106781186548,1.,0.707106781186548,1.)))
REPRESENTATION_ITEM('')
SURFACE()
);
#48=(
BOUNDED_SURFACE()
B_SPLINE_SURFACE(2,2,((#3055,#3056,#3057,#3058,#3059,#3060,#3061,#3062,
#3063),(#3064,#3065,#3066,#3067,#3068,#3069,#3070,#3071,#3072),(#3073,#3074,
#3075,#3076,#3077,#3078,#3079,#3080,#3081)),.UNSPECIFIED.,.F.,.T.,.F.)
B_SPLINE_SURFACE_WITH_KNOTS((3,3),(3,2,2,2,3),(-1.57834594878142,-1.20481304383649),
(-3.14159265358979,-1.5707963267949,0.,1.5707963267949,3.14159265358979),
 .UNSPECIFIED.)
GEOMETRIC_REPRESENTATION_ITEM()
RATIONAL_B_SPLINE_SURFACE(((1.,0.707106781186548,1.,0.707106781186548,1.,
0.707106781186548,1.,0.707106781186548,1.),(0.98260978443596,0.694810041834919,
0.98260978443596,0.694810041834919,0.98260978443596,0.694810041834919,0.98260978443596,
0.694810041834919,0.98260978443596),(1.,0.707106781186548,1.,0.707106781186548,
1.,0.707106781186548,1.,0.707106781186548,1.)))
REPRESENTATION_ITEM('')
SURFACE()
);
#49=(
BOUNDED_SURFACE()
B_SPLINE_SURFACE(1,2,((#3419,#3420,#3421,#3422,#3423,#3424,#3425,#3426,
#3427),(#3428,#3429,#3430,#3431,#3432,#3433,#3434,#3435,#3436)),
 .UNSPECIFIED.,.F.,.T.,.F.)
B_SPLINE_SURFACE_WITH_KNOTS((2,2),(3,2,2,2,3),(-5.15842643379434E-31,0.109807638803317),
(-3.14159265358979,-1.5707963267949,0.,1.5707963267949,3.14159265358979),
 .UNSPECIFIED.)
GEOMETRIC_REPRESENTATION_ITEM()
RATIONAL_B_SPLINE_SURFACE(((1.,0.707106781186548,1.,0.707106781186548,1.,
0.707106781186548,1.,0.707106781186548,1.),(1.,0.707106781186548,1.,0.707106781186548,
1.,0.707106781186548,1.,0.707106781186548,1.)))
REPRESENTATION_ITEM('')
SURFACE()
);
#50=(
BOUNDED_SURFACE()
B_SPLINE_SURFACE(1,2,((#3744,#3745,#3746,#3747,#3748,#3749,#3750,#3751,
#3752),(#3753,#3754,#3755,#3756,#3757,#3758,#3759,#3760,#3761)),
 .UNSPECIFIED.,.F.,.T.,.F.)
B_SPLINE_SURFACE_WITH_KNOTS((2,2),(3,2,2,2,3),(-9.01767379753971E-31,0.114669467653985),
(-3.14159265358979,-1.5707963267949,0.,1.5707963267949,3.14159265358979),
 .UNSPECIFIED.)
GEOMETRIC_REPRESENTATION_ITEM()
RATIONAL_B_SPLINE_SURFACE(((1.,0.707106781186548,1.,0.707106781186548,1.,
0.707106781186548,1.,0.707106781186548,1.),(1.,0.707106781186548,1.,0.707106781186548,
1.,0.707106781186548,1.,0.707106781186548,1.)))
REPRESENTATION_ITEM('')
SURFACE()
);
#51=TOROIDAL_SURFACE('',#2068,3.4404773775344,2.12485689892578);
#52=TOROIDAL_SURFACE('',#2071,2.66789853354315,0.283926841034788);
#53=TOROIDAL_SURFACE('',#2074,2.06329088898133,0.467685171488458);
#54=TOROIDAL_SURFACE('',#2077,1.57473756580129,0.238742162336013);
#55=TOROIDAL_SURFACE('',#2080,1.02758419042261,0.779028282182493);
#56=TOROIDAL_SURFACE('',#2090,1.02758419042261,0.65417138325671);
#57=TOROIDAL_SURFACE('',#2093,1.57473756580129,0.363599061261792);
#58=TOROIDAL_SURFACE('',#2096,2.06329088898133,0.342828272562676);
#59=TOROIDAL_SURFACE('',#2099,2.66789853354315,0.408783739960571);
#60=TOROIDAL_SURFACE('',#2102,3.4404773775344,2.);
#61=TOROIDAL_SURFACE('',#2110,9.20432377226865,0.28);
#62=TOROIDAL_SURFACE('',#2121,9.20432377226865,0.0300000000000004);
#63=TOROIDAL_SURFACE('',#2128,9.6016946184267,0.37135795499545);
#64=TOROIDAL_SURFACE('',#2131,9.6016946184267,0.12135795499545);
#65=TOROIDAL_SURFACE('',#2265,9.4,0.25);
#66=TOROIDAL_SURFACE('',#2273,6.25,0.25);
#67=TOROIDAL_SURFACE('',#2279,8.9,0.25);
#68=TOROIDAL_SURFACE('',#2281,5.25,0.25);
#69=TOROIDAL_SURFACE('',#2288,9.75,0.25);
#70=CONICAL_SURFACE('',#2066,6.019856445327,1.51799662478947);
#71=CONICAL_SURFACE('',#2105,6.02479960229255,1.51799662478947);
#72=MANIFOLD_SOLID_BREP('Solid1',#2017);
#73=MANIFOLD_SOLID_BREP('Solid1',#2018);
#74=MANIFOLD_SOLID_BREP('Solid1',#2019);
#75=CYLINDRICAL_SURFACE('',#2049,7.875);
#76=CYLINDRICAL_SURFACE('',#2052,9.8);
#77=CYLINDRICAL_SURFACE('',#2055,1.95);
#78=CYLINDRICAL_SURFACE('',#2058,8.);
#79=CYLINDRICAL_SURFACE('',#2060,9.55);
#80=CYLINDRICAL_SURFACE('',#2109,9.58656071237079);
#81=CYLINDRICAL_SURFACE('',#2117,8.);
#82=CYLINDRICAL_SURFACE('',#2125,9.2310168014026);
#83=CYLINDRICAL_SURFACE('',#2136,9.4810168014026);
#84=CYLINDRICAL_SURFACE('',#2137,9.6);
#85=CYLINDRICAL_SURFACE('',#2148,0.4);
#86=CYLINDRICAL_SURFACE('',#2155,0.4);
#87=CYLINDRICAL_SURFACE('',#2156,0.4);
#88=CYLINDRICAL_SURFACE('',#2157,0.4);
#89=CYLINDRICAL_SURFACE('',#2159,0.200000000000001);
#90=CYLINDRICAL_SURFACE('',#2162,0.200000000000002);
#91=CYLINDRICAL_SURFACE('',#2174,0.4);
#92=CYLINDRICAL_SURFACE('',#2181,0.4);
#93=CYLINDRICAL_SURFACE('',#2182,0.4);
#94=CYLINDRICAL_SURFACE('',#2183,0.4);
#95=CYLINDRICAL_SURFACE('',#2185,0.2);
#96=CYLINDRICAL_SURFACE('',#2188,0.199999999999999);
#97=CYLINDRICAL_SURFACE('',#2192,0.2);
#98=CYLINDRICAL_SURFACE('',#2195,0.2);
#99=CYLINDRICAL_SURFACE('',#2198,0.200000000000001);
#100=CYLINDRICAL_SURFACE('',#2201,0.200000000000001);
#101=CYLINDRICAL_SURFACE('',#2213,0.250000000000003);
#102=CYLINDRICAL_SURFACE('',#2216,0.249999999999997);
#103=CYLINDRICAL_SURFACE('',#2219,8.75);
#104=CYLINDRICAL_SURFACE('',#2221,0.249999999999997);
#105=CYLINDRICAL_SURFACE('',#2225,0.250000000000002);
#106=CYLINDRICAL_SURFACE('',#2229,0.75);
#107=CYLINDRICAL_SURFACE('',#2232,0.75);
#108=CYLINDRICAL_SURFACE('',#2235,0.75);
#109=CYLINDRICAL_SURFACE('',#2238,0.75);
#110=CYLINDRICAL_SURFACE('',#2241,0.75);
#111=CYLINDRICAL_SURFACE('',#2244,0.75);
#112=CYLINDRICAL_SURFACE('',#2247,0.75);
#113=CYLINDRICAL_SURFACE('',#2250,0.75);
#114=CYLINDRICAL_SURFACE('',#2253,0.75);
#115=CYLINDRICAL_SURFACE('',#2256,0.75);
#116=CYLINDRICAL_SURFACE('',#2259,0.75);
#117=CYLINDRICAL_SURFACE('',#2262,0.75);
#118=CYLINDRICAL_SURFACE('',#2269,9.15);
#119=CYLINDRICAL_SURFACE('',#2285,5.5);
#120=CYLINDRICAL_SURFACE('',#2291,10.);
#121=CYLINDRICAL_SURFACE('',#2294,8.75);
#122=CYLINDRICAL_SURFACE('',#2298,9.6);
#123=CYLINDRICAL_SURFACE('',#2307,6.375);
#124=CYLINDRICAL_SURFACE('',#2309,8.725);
#125=FACE_BOUND('',#294,.T.);
#126=FACE_BOUND('',#296,.T.);
#127=FACE_BOUND('',#303,.T.);
#128=FACE_BOUND('',#307,.T.);
#129=FACE_BOUND('',#309,.T.);
#130=FACE_BOUND('',#317,.T.);
#131=FACE_BOUND('',#321,.T.);
#132=FACE_BOUND('',#329,.T.);
#133=FACE_BOUND('',#333,.T.);
#134=FACE_BOUND('',#336,.T.);
#135=FACE_BOUND('',#393,.T.);
#136=FACE_BOUND('',#394,.T.);
#137=FACE_BOUND('',#395,.T.);
#138=FACE_BOUND('',#396,.T.);
#139=FACE_BOUND('',#412,.T.);
#140=FACE_BOUND('',#415,.T.);
#141=FACE_BOUND('',#416,.T.);
#142=FACE_BOUND('',#417,.T.);
#143=FACE_BOUND('',#418,.T.);
#144=FACE_BOUND('',#419,.T.);
#145=FACE_BOUND('',#420,.T.);
#146=FACE_BOUND('',#421,.T.);
#147=FACE_BOUND('',#422,.T.);
#148=FACE_BOUND('',#423,.T.);
#149=FACE_BOUND('',#424,.T.);
#150=FACE_BOUND('',#425,.T.);
#151=FACE_BOUND('',#426,.T.);
#152=FACE_BOUND('',#427,.T.);
#153=FACE_BOUND('',#431,.T.);
#154=FACE_BOUND('',#436,.T.);
#155=FACE_BOUND('',#439,.T.);
#156=FACE_BOUND('',#440,.T.);
#157=FACE_BOUND('',#441,.T.);
#158=FACE_BOUND('',#442,.T.);
#159=FACE_BOUND('',#443,.T.);
#160=FACE_BOUND('',#444,.T.);
#161=FACE_BOUND('',#445,.T.);
#162=FACE_BOUND('',#446,.T.);
#163=FACE_BOUND('',#447,.T.);
#164=FACE_BOUND('',#448,.T.);
#165=FACE_BOUND('',#449,.T.);
#166=FACE_BOUND('',#450,.T.);
#167=FACE_BOUND('',#453,.T.);
#168=FACE_BOUND('',#455,.T.);
#169=FACE_BOUND('',#460,.T.);
#170=FACE_OUTER_BOUND('',#293,.T.);
#171=FACE_OUTER_BOUND('',#295,.T.);
#172=FACE_OUTER_BOUND('',#297,.T.);
#173=FACE_OUTER_BOUND('',#298,.T.);
#174=FACE_OUTER_BOUND('',#299,.T.);
#175=FACE_OUTER_BOUND('',#300,.T.);
#176=FACE_OUTER_BOUND('',#301,.T.);
#177=FACE_OUTER_BOUND('',#302,.T.);
#178=FACE_OUTER_BOUND('',#304,.T.);
#179=FACE_OUTER_BOUND('',#305,.T.);
#180=FACE_OUTER_BOUND('',#306,.T.);
#181=FACE_OUTER_BOUND('',#308,.T.);
#182=FACE_OUTER_BOUND('',#310,.T.);
#183=FACE_OUTER_BOUND('',#311,.T.);
#184=FACE_OUTER_BOUND('',#312,.T.);
#185=FACE_OUTER_BOUND('',#313,.T.);
#186=FACE_OUTER_BOUND('',#314,.T.);
#187=FACE_OUTER_BOUND('',#315,.T.);
#188=FACE_OUTER_BOUND('',#316,.T.);
#189=FACE_OUTER_BOUND('',#318,.T.);
#190=FACE_OUTER_BOUND('',#319,.T.);
#191=FACE_OUTER_BOUND('',#320,.T.);
#192=FACE_OUTER_BOUND('',#322,.T.);
#193=FACE_OUTER_BOUND('',#323,.T.);
#194=FACE_OUTER_BOUND('',#324,.T.);
#195=FACE_OUTER_BOUND('',#325,.T.);
#196=FACE_OUTER_BOUND('',#326,.T.);
#197=FACE_OUTER_BOUND('',#327,.T.);
#198=FACE_OUTER_BOUND('',#328,.T.);
#199=FACE_OUTER_BOUND('',#330,.T.);
#200=FACE_OUTER_BOUND('',#331,.T.);
#201=FACE_OUTER_BOUND('',#332,.T.);
#202=FACE_OUTER_BOUND('',#334,.T.);
#203=FACE_OUTER_BOUND('',#335,.T.);
#204=FACE_OUTER_BOUND('',#337,.T.);
#205=FACE_OUTER_BOUND('',#338,.T.);
#206=FACE_OUTER_BOUND('',#339,.T.);
#207=FACE_OUTER_BOUND('',#340,.T.);
#208=FACE_OUTER_BOUND('',#341,.T.);
#209=FACE_OUTER_BOUND('',#342,.T.);
#210=FACE_OUTER_BOUND('',#343,.T.);
#211=FACE_OUTER_BOUND('',#344,.T.);
#212=FACE_OUTER_BOUND('',#345,.T.);
#213=FACE_OUTER_BOUND('',#346,.T.);
#214=FACE_OUTER_BOUND('',#347,.T.);
#215=FACE_OUTER_BOUND('',#348,.T.);
#216=FACE_OUTER_BOUND('',#349,.T.);
#217=FACE_OUTER_BOUND('',#350,.T.);
#218=FACE_OUTER_BOUND('',#351,.T.);
#219=FACE_OUTER_BOUND('',#352,.T.);
#220=FACE_OUTER_BOUND('',#353,.T.);
#221=FACE_OUTER_BOUND('',#354,.T.);
#222=FACE_OUTER_BOUND('',#355,.T.);
#223=FACE_OUTER_BOUND('',#356,.T.);
#224=FACE_OUTER_BOUND('',#357,.T.);
#225=FACE_OUTER_BOUND('',#358,.T.);
#226=FACE_OUTER_BOUND('',#359,.T.);
#227=FACE_OUTER_BOUND('',#360,.T.);
#228=FACE_OUTER_BOUND('',#361,.T.);
#229=FACE_OUTER_BOUND('',#362,.T.);
#230=FACE_OUTER_BOUND('',#363,.T.);
#231=FACE_OUTER_BOUND('',#364,.T.);
#232=FACE_OUTER_BOUND('',#365,.T.);
#233=FACE_OUTER_BOUND('',#366,.T.);
#234=FACE_OUTER_BOUND('',#367,.T.);
#235=FACE_OUTER_BOUND('',#368,.T.);
#236=FACE_OUTER_BOUND('',#369,.T.);
#237=FACE_OUTER_BOUND('',#370,.T.);
#238=FACE_OUTER_BOUND('',#371,.T.);
#239=FACE_OUTER_BOUND('',#372,.T.);
#240=FACE_OUTER_BOUND('',#373,.T.);
#241=FACE_OUTER_BOUND('',#374,.T.);
#242=FACE_OUTER_BOUND('',#375,.T.);
#243=FACE_OUTER_BOUND('',#376,.T.);
#244=FACE_OUTER_BOUND('',#377,.T.);
#245=FACE_OUTER_BOUND('',#378,.T.);
#246=FACE_OUTER_BOUND('',#379,.T.);
#247=FACE_OUTER_BOUND('',#380,.T.);
#248=FACE_OUTER_BOUND('',#381,.T.);
#249=FACE_OUTER_BOUND('',#382,.T.);
#250=FACE_OUTER_BOUND('',#383,.T.);
#251=FACE_OUTER_BOUND('',#384,.T.);
#252=FACE_OUTER_BOUND('',#385,.T.);
#253=FACE_OUTER_BOUND('',#386,.T.);
#254=FACE_OUTER_BOUND('',#387,.T.);
#255=FACE_OUTER_BOUND('',#388,.T.);
#256=FACE_OUTER_BOUND('',#389,.T.);
#257=FACE_OUTER_BOUND('',#390,.T.);
#258=FACE_OUTER_BOUND('',#391,.T.);
#259=FACE_OUTER_BOUND('',#392,.T.);
#260=FACE_OUTER_BOUND('',#397,.T.);
#261=FACE_OUTER_BOUND('',#398,.T.);
#262=FACE_OUTER_BOUND('',#399,.T.);
#263=FACE_OUTER_BOUND('',#400,.T.);
#264=FACE_OUTER_BOUND('',#401,.T.);
#265=FACE_OUTER_BOUND('',#402,.T.);
#266=FACE_OUTER_BOUND('',#403,.T.);
#267=FACE_OUTER_BOUND('',#404,.T.);
#268=FACE_OUTER_BOUND('',#405,.T.);
#269=FACE_OUTER_BOUND('',#406,.T.);
#270=FACE_OUTER_BOUND('',#407,.T.);
#271=FACE_OUTER_BOUND('',#408,.T.);
#272=FACE_OUTER_BOUND('',#409,.T.);
#273=FACE_OUTER_BOUND('',#410,.T.);
#274=FACE_OUTER_BOUND('',#411,.T.);
#275=FACE_OUTER_BOUND('',#413,.T.);
#276=FACE_OUTER_BOUND('',#414,.T.);
#277=FACE_OUTER_BOUND('',#428,.T.);
#278=FACE_OUTER_BOUND('',#429,.T.);
#279=FACE_OUTER_BOUND('',#430,.T.);
#280=FACE_OUTER_BOUND('',#432,.T.);
#281=FACE_OUTER_BOUND('',#433,.T.);
#282=FACE_OUTER_BOUND('',#434,.T.);
#283=FACE_OUTER_BOUND('',#435,.T.);
#284=FACE_OUTER_BOUND('',#437,.T.);
#285=FACE_OUTER_BOUND('',#438,.T.);
#286=FACE_OUTER_BOUND('',#451,.T.);
#287=FACE_OUTER_BOUND('',#452,.T.);
#288=FACE_OUTER_BOUND('',#454,.T.);
#289=FACE_OUTER_BOUND('',#456,.T.);
#290=FACE_OUTER_BOUND('',#457,.T.);
#291=FACE_OUTER_BOUND('',#458,.T.);
#292=FACE_OUTER_BOUND('',#459,.T.);
#293=EDGE_LOOP('',(#1210,#1211,#1212,#1213));
#294=EDGE_LOOP('',(#1214));
#295=EDGE_LOOP('',(#1215));
#296=EDGE_LOOP('',(#1216));
#297=EDGE_LOOP('',(#1217,#1218,#1219,#1220));
#298=EDGE_LOOP('',(#1221,#1222,#1223,#1224));
#299=EDGE_LOOP('',(#1225,#1226,#1227,#1228));
#300=EDGE_LOOP('',(#1229,#1230,#1231,#1232));
#301=EDGE_LOOP('',(#1233,#1234,#1235,#1236));
#302=EDGE_LOOP('',(#1237,#1238,#1239,#1240));
#303=EDGE_LOOP('',(#1241));
#304=EDGE_LOOP('',(#1242,#1243,#1244,#1245));
#305=EDGE_LOOP('',(#1246,#1247,#1248,#1249));
#306=EDGE_LOOP('',(#1250));
#307=EDGE_LOOP('',(#1251));
#308=EDGE_LOOP('',(#1252));
#309=EDGE_LOOP('',(#1253));
#310=EDGE_LOOP('',(#1254,#1255,#1256,#1257));
#311=EDGE_LOOP('',(#1258,#1259,#1260,#1261));
#312=EDGE_LOOP('',(#1262,#1263,#1264,#1265));
#313=EDGE_LOOP('',(#1266,#1267,#1268,#1269));
#314=EDGE_LOOP('',(#1270,#1271,#1272,#1273));
#315=EDGE_LOOP('',(#1274,#1275,#1276,#1277));
#316=EDGE_LOOP('',(#1278));
#317=EDGE_LOOP('',(#1279));
#318=EDGE_LOOP('',(#1280,#1281,#1282));
#319=EDGE_LOOP('',(#1283,#1284,#1285));
#320=EDGE_LOOP('',(#1286));
#321=EDGE_LOOP('',(#1287));
#322=EDGE_LOOP('',(#1288,#1289,#1290,#1291));
#323=EDGE_LOOP('',(#1292,#1293,#1294,#1295));
#324=EDGE_LOOP('',(#1296,#1297,#1298,#1299));
#325=EDGE_LOOP('',(#1300,#1301,#1302,#1303));
#326=EDGE_LOOP('',(#1304,#1305,#1306,#1307));
#327=EDGE_LOOP('',(#1308,#1309,#1310,#1311));
#328=EDGE_LOOP('',(#1312));
#329=EDGE_LOOP('',(#1313));
#330=EDGE_LOOP('',(#1314,#1315,#1316,#1317));
#331=EDGE_LOOP('',(#1318,#1319,#1320,#1321,#1322));
#332=EDGE_LOOP('',(#1323));
#333=EDGE_LOOP('',(#1324));
#334=EDGE_LOOP('',(#1325,#1326,#1327,#1328));
#335=EDGE_LOOP('',(#1329));
#336=EDGE_LOOP('',(#1330));
#337=EDGE_LOOP('',(#1331,#1332,#1333,#1334,#1335));
#338=EDGE_LOOP('',(#1336,#1337,#1338,#1339,#1340,#1341));
#339=EDGE_LOOP('',(#1342,#1343,#1344,#1345,#1346));
#340=EDGE_LOOP('',(#1347,#1348,#1349,#1350,#1351));
#341=EDGE_LOOP('',(#1352,#1353,#1354,#1355,#1356,#1357));
#342=EDGE_LOOP('',(#1358,#1359,#1360,#1361));
#343=EDGE_LOOP('',(#1362,#1363,#1364,#1365,#1366));
#344=EDGE_LOOP('',(#1367,#1368,#1369,#1370,#1371));
#345=EDGE_LOOP('',(#1372));
#346=EDGE_LOOP('',(#1373,#1374,#1375));
#347=EDGE_LOOP('',(#1376,#1377,#1378));
#348=EDGE_LOOP('',(#1379,#1380,#1381,#1382));
#349=EDGE_LOOP('',(#1383,#1384,#1385));
#350=EDGE_LOOP('',(#1386,#1387,#1388));
#351=EDGE_LOOP('',(#1389,#1390,#1391,#1392));
#352=EDGE_LOOP('',(#1393,#1394,#1395,#1396));
#353=EDGE_LOOP('',(#1397,#1398,#1399,#1400));
#354=EDGE_LOOP('',(#1401,#1402,#1403,#1404));
#355=EDGE_LOOP('',(#1405,#1406,#1407,#1408));
#356=EDGE_LOOP('',(#1409,#1410,#1411,#1412));
#357=EDGE_LOOP('',(#1413,#1414,#1415,#1416));
#358=EDGE_LOOP('',(#1417,#1418,#1419,#1420));
#359=EDGE_LOOP('',(#1421,#1422,#1423,#1424,#1425));
#360=EDGE_LOOP('',(#1426,#1427,#1428,#1429,#1430));
#361=EDGE_LOOP('',(#1431));
#362=EDGE_LOOP('',(#1432,#1433,#1434));
#363=EDGE_LOOP('',(#1435,#1436,#1437));
#364=EDGE_LOOP('',(#1438,#1439,#1440,#1441));
#365=EDGE_LOOP('',(#1442,#1443,#1444));
#366=EDGE_LOOP('',(#1445,#1446,#1447));
#367=EDGE_LOOP('',(#1448,#1449,#1450,#1451));
#368=EDGE_LOOP('',(#1452,#1453,#1454,#1455));
#369=EDGE_LOOP('',(#1456,#1457,#1458,#1459));
#370=EDGE_LOOP('',(#1460,#1461,#1462,#1463));
#371=EDGE_LOOP('',(#1464,#1465,#1466,#1467));
#372=EDGE_LOOP('',(#1468,#1469,#1470,#1471));
#373=EDGE_LOOP('',(#1472,#1473,#1474,#1475));
#374=EDGE_LOOP('',(#1476,#1477,#1478,#1479));
#375=EDGE_LOOP('',(#1480,#1481,#1482,#1483));
#376=EDGE_LOOP('',(#1484,#1485,#1486,#1487));
#377=EDGE_LOOP('',(#1488,#1489,#1490,#1491));
#378=EDGE_LOOP('',(#1492,#1493,#1494,#1495));
#379=EDGE_LOOP('',(#1496,#1497,#1498,#1499));
#380=EDGE_LOOP('',(#1500,#1501,#1502,#1503));
#381=EDGE_LOOP('',(#1504,#1505,#1506,#1507));
#382=EDGE_LOOP('',(#1508,#1509,#1510,#1511));
#383=EDGE_LOOP('',(#1512,#1513,#1514,#1515));
#384=EDGE_LOOP('',(#1516,#1517,#1518,#1519,#1520,#1521));
#385=EDGE_LOOP('',(#1522,#1523,#1524,#1525));
#386=EDGE_LOOP('',(#1526,#1527,#1528,#1529,#1530));
#387=EDGE_LOOP('',(#1531,#1532,#1533,#1534,#1535));
#388=EDGE_LOOP('',(#1536,#1537,#1538,#1539));
#389=EDGE_LOOP('',(#1540,#1541,#1542,#1543,#1544));
#390=EDGE_LOOP('',(#1545,#1546,#1547,#1548,#1549));
#391=EDGE_LOOP('',(#1550,#1551,#1552,#1553));
#392=EDGE_LOOP('',(#1554,#1555,#1556,#1557,#1558,#1559,#1560,#1561));
#393=EDGE_LOOP('',(#1562,#1563,#1564,#1565,#1566,#1567,#1568,#1569));
#394=EDGE_LOOP('',(#1570));
#395=EDGE_LOOP('',(#1571,#1572,#1573,#1574,#1575,#1576,#1577,#1578));
#396=EDGE_LOOP('',(#1579));
#397=EDGE_LOOP('',(#1580,#1581,#1582,#1583));
#398=EDGE_LOOP('',(#1584,#1585,#1586,#1587));
#399=EDGE_LOOP('',(#1588,#1589,#1590,#1591));
#400=EDGE_LOOP('',(#1592,#1593,#1594,#1595));
#401=EDGE_LOOP('',(#1596,#1597,#1598,#1599));
#402=EDGE_LOOP('',(#1600,#1601,#1602,#1603));
#403=EDGE_LOOP('',(#1604,#1605,#1606,#1607));
#404=EDGE_LOOP('',(#1608,#1609,#1610,#1611));
#405=EDGE_LOOP('',(#1612,#1613,#1614,#1615));
#406=EDGE_LOOP('',(#1616,#1617,#1618,#1619));
#407=EDGE_LOOP('',(#1620,#1621,#1622,#1623));
#408=EDGE_LOOP('',(#1624,#1625,#1626,#1627));
#409=EDGE_LOOP('',(#1628,#1629,#1630,#1631));
#410=EDGE_LOOP('',(#1632,#1633,#1634,#1635));
#411=EDGE_LOOP('',(#1636));
#412=EDGE_LOOP('',(#1637));
#413=EDGE_LOOP('',(#1638,#1639,#1640,#1641));
#414=EDGE_LOOP('',(#1642));
#415=EDGE_LOOP('',(#1643));
#416=EDGE_LOOP('',(#1644));
#417=EDGE_LOOP('',(#1645));
#418=EDGE_LOOP('',(#1646));
#419=EDGE_LOOP('',(#1647));
#420=EDGE_LOOP('',(#1648));
#421=EDGE_LOOP('',(#1649));
#422=EDGE_LOOP('',(#1650));
#423=EDGE_LOOP('',(#1651));
#424=EDGE_LOOP('',(#1652));
#425=EDGE_LOOP('',(#1653));
#426=EDGE_LOOP('',(#1654));
#427=EDGE_LOOP('',(#1655));
#428=EDGE_LOOP('',(#1656,#1657,#1658,#1659));
#429=EDGE_LOOP('',(#1660,#1661,#1662,#1663));
#430=EDGE_LOOP('',(#1664,#1665,#1666,#1667));
#431=EDGE_LOOP('',(#1668,#1669,#1670,#1671));
#432=EDGE_LOOP('',(#1672));
#433=EDGE_LOOP('',(#1673,#1674,#1675,#1676));
#434=EDGE_LOOP('',(#1677,#1678,#1679,#1680));
#435=EDGE_LOOP('',(#1681));
#436=EDGE_LOOP('',(#1682));
#437=EDGE_LOOP('',(#1683,#1684,#1685,#1686));
#438=EDGE_LOOP('',(#1687));
#439=EDGE_LOOP('',(#1688));
#440=EDGE_LOOP('',(#1689));
#441=EDGE_LOOP('',(#1690));
#442=EDGE_LOOP('',(#1691));
#443=EDGE_LOOP('',(#1692));
#444=EDGE_LOOP('',(#1693));
#445=EDGE_LOOP('',(#1694));
#446=EDGE_LOOP('',(#1695));
#447=EDGE_LOOP('',(#1696));
#448=EDGE_LOOP('',(#1697));
#449=EDGE_LOOP('',(#1698));
#450=EDGE_LOOP('',(#1699));
#451=EDGE_LOOP('',(#1700,#1701,#1702,#1703));
#452=EDGE_LOOP('',(#1704));
#453=EDGE_LOOP('',(#1705));
#454=EDGE_LOOP('',(#1706));
#455=EDGE_LOOP('',(#1707));
#456=EDGE_LOOP('',(#1708,#1709,#1710,#1711,#1712,#1713,#1714,#1715));
#457=EDGE_LOOP('',(#1716,#1717,#1718,#1719,#1720,#1721));
#458=EDGE_LOOP('',(#1722,#1723,#1724,#1725,#1726,#1727));
#459=EDGE_LOOP('',(#1728));
#460=EDGE_LOOP('',(#1729));
#461=LINE('',#2953,#554);
#462=LINE('',#2956,#555);
#463=LINE('',#2966,#556);
#464=LINE('',#2971,#557);
#465=LINE('',#2972,#558);
#466=LINE('',#2973,#559);
#467=LINE('',#2977,#560);
#468=LINE('',#2980,#561);
#469=LINE('',#2981,#562);
#470=LINE('',#2988,#563);
#471=LINE('',#2991,#564);
#472=LINE('',#3001,#565);
#473=LINE('',#3112,#566);
#474=LINE('',#3117,#567);
#475=LINE('',#3131,#568);
#476=LINE('',#3144,#569);
#477=LINE('',#3161,#570);
#478=LINE('',#3165,#571);
#479=LINE('',#3438,#572);
#480=LINE('',#3504,#573);
#481=LINE('',#3505,#574);
#482=LINE('',#3569,#575);
#483=LINE('',#3570,#576);
#484=LINE('',#3572,#577);
#485=LINE('',#3573,#578);
#486=LINE('',#3575,#579);
#487=LINE('',#3576,#580);
#488=LINE('',#3579,#581);
#489=LINE('',#3581,#582);
#490=LINE('',#3582,#583);
#491=LINE('',#3585,#584);
#492=LINE('',#3589,#585);
#493=LINE('',#3590,#586);
#494=LINE('',#3593,#587);
#495=LINE('',#3763,#588);
#496=LINE('',#3829,#589);
#497=LINE('',#3830,#590);
#498=LINE('',#3894,#591);
#499=LINE('',#3895,#592);
#500=LINE('',#3897,#593);
#501=LINE('',#3898,#594);
#502=LINE('',#3900,#595);
#503=LINE('',#3901,#596);
#504=LINE('',#3904,#597);
#505=LINE('',#3906,#598);
#506=LINE('',#3907,#599);
#507=LINE('',#3910,#600);
#508=LINE('',#3914,#601);
#509=LINE('',#3915,#602);
#510=LINE('',#3918,#603);
#511=LINE('',#3923,#604);
#512=LINE('',#3924,#605);
#513=LINE('',#3927,#606);
#514=LINE('',#3931,#607);
#515=LINE('',#3932,#608);
#516=LINE('',#3937,#609);
#517=LINE('',#3938,#610);
#518=LINE('',#3941,#611);
#519=LINE('',#3945,#612);
#520=LINE('',#3946,#613);
#521=LINE('',#3963,#614);
#522=LINE('',#3970,#615);
#523=LINE('',#3975,#616);
#524=LINE('',#3976,#617);
#525=LINE('',#3979,#618);
#526=LINE('',#3981,#619);
#527=LINE('',#3982,#620);
#528=LINE('',#3986,#621);
#529=LINE('',#3991,#622);
#530=LINE('',#3996,#623);
#531=LINE('',#4000,#624);
#532=LINE('',#4001,#625);
#533=LINE('',#4002,#626);
#534=LINE('',#4006,#627);
#535=LINE('',#4013,#628);
#536=LINE('',#4019,#629);
#537=LINE('',#4025,#630);
#538=LINE('',#4031,#631);
#539=LINE('',#4037,#632);
#540=LINE('',#4043,#633);
#541=LINE('',#4049,#634);
#542=LINE('',#4055,#635);
#543=LINE('',#4061,#636);
#544=LINE('',#4067,#637);
#545=LINE('',#4073,#638);
#546=LINE('',#4079,#639);
#547=LINE('',#4090,#640);
#548=LINE('',#4113,#641);
#549=LINE('',#4122,#642);
#550=LINE('',#4129,#643);
#551=LINE('',#4134,#644);
#552=LINE('',#4148,#645);
#553=LINE('',#4151,#646);
#554=VECTOR('',#2318,10.);
#555=VECTOR('',#2321,10.);
#556=VECTOR('',#2332,7.875);
#557=VECTOR('',#2337,10.);
#558=VECTOR('',#2338,10.);
#559=VECTOR('',#2339,10.);
#560=VECTOR('',#2344,10.);
#561=VECTOR('',#2347,10.);
#562=VECTOR('',#2348,10.);
#563=VECTOR('',#2359,8.);
#564=VECTOR('',#2362,9.55);
#565=VECTOR('',#2375,6.019856445327);
#566=VECTOR('',#2456,6.02479960229255);
#567=VECTOR('',#2463,9.58656071237079);
#568=VECTOR('',#2480,8.);
#569=VECTOR('',#2497,9.2310168014026);
#570=VECTOR('',#2520,9.4810168014026);
#571=VECTOR('',#2525,10.);
#572=VECTOR('',#2528,0.910683455994494);
#573=VECTOR('',#2547,10.);
#574=VECTOR('',#2548,10.);
#575=VECTOR('',#2563,10.);
#576=VECTOR('',#2564,10.);
#577=VECTOR('',#2567,10.);
#578=VECTOR('',#2568,10.);
#579=VECTOR('',#2571,10.);
#580=VECTOR('',#2572,10.);
#581=VECTOR('',#2575,10.);
#582=VECTOR('',#2576,10.);
#583=VECTOR('',#2577,10.);
#584=VECTOR('',#2580,10.);
#585=VECTOR('',#2585,10.);
#586=VECTOR('',#2586,10.);
#587=VECTOR('',#2589,10.);
#588=VECTOR('',#2596,0.872071720972403);
#589=VECTOR('',#2615,10.);
#590=VECTOR('',#2616,10.);
#591=VECTOR('',#2631,10.);
#592=VECTOR('',#2632,10.);
#593=VECTOR('',#2635,10.);
#594=VECTOR('',#2636,10.);
#595=VECTOR('',#2639,10.);
#596=VECTOR('',#2640,10.);
#597=VECTOR('',#2643,10.);
#598=VECTOR('',#2644,10.);
#599=VECTOR('',#2645,10.);
#600=VECTOR('',#2648,10.);
#601=VECTOR('',#2653,10.);
#602=VECTOR('',#2654,10.);
#603=VECTOR('',#2657,10.);
#604=VECTOR('',#2664,10.);
#605=VECTOR('',#2665,10.);
#606=VECTOR('',#2668,10.);
#607=VECTOR('',#2673,10.);
#608=VECTOR('',#2674,10.);
#609=VECTOR('',#2681,10.);
#610=VECTOR('',#2682,10.);
#611=VECTOR('',#2685,10.);
#612=VECTOR('',#2690,10.);
#613=VECTOR('',#2691,10.);
#614=VECTOR('',#2710,10.);
#615=VECTOR('',#2717,10.);
#616=VECTOR('',#2722,10.);
#617=VECTOR('',#2723,10.);
#618=VECTOR('',#2726,10.);
#619=VECTOR('',#2727,10.);
#620=VECTOR('',#2728,10.);
#621=VECTOR('',#2733,10.);
#622=VECTOR('',#2740,10.);
#623=VECTOR('',#2745,10.);
#624=VECTOR('',#2750,10.);
#625=VECTOR('',#2751,10.);
#626=VECTOR('',#2752,10.);
#627=VECTOR('',#2757,10.);
#628=VECTOR('',#2766,0.75);
#629=VECTOR('',#2773,0.75);
#630=VECTOR('',#2780,0.75);
#631=VECTOR('',#2787,0.75);
#632=VECTOR('',#2794,0.75);
#633=VECTOR('',#2801,0.75);
#634=VECTOR('',#2808,0.75);
#635=VECTOR('',#2815,0.75);
#636=VECTOR('',#2822,0.75);
#637=VECTOR('',#2829,0.75);
#638=VECTOR('',#2836,0.75);
#639=VECTOR('',#2843,0.75);
#640=VECTOR('',#2858,9.15);
#641=VECTOR('',#2889,5.5);
#642=VECTOR('',#2902,10.);
#643=VECTOR('',#2911,9.15);
#644=VECTOR('',#2918,10.);
#645=VECTOR('',#2939,6.375);
#646=VECTOR('',#2942,8.725);
#647=CIRCLE('',#2043,1.95);
#648=CIRCLE('',#2044,9.8);
#649=CIRCLE('',#2045,9.55);
#650=CIRCLE('',#2047,8.);
#651=CIRCLE('',#2048,7.875);
#652=CIRCLE('',#2050,7.875);
#653=CIRCLE('',#2053,9.8);
#654=CIRCLE('',#2056,1.95);
#655=CIRCLE('',#2059,8.);
#656=CIRCLE('',#2061,9.55);
#657=CIRCLE('',#2064,9.58656071237079);
#658=CIRCLE('',#2065,8.71137520323807);
#659=CIRCLE('',#2067,3.32833768741593);
#660=CIRCLE('',#2069,2.75896352496839);
#661=CIRCLE('',#2070,2.12485689892578);
#662=CIRCLE('',#2072,0.283926841034788);
#663=CIRCLE('',#2073,2.43950364931342);
#664=CIRCLE('',#2075,1.73984765031768);
#665=CIRCLE('',#2076,0.467685171488458);
#666=CIRCLE('',#2078,0.238742162336013);
#667=CIRCLE('',#2079,1.4463897829875);
#668=CIRCLE('',#2081,1.02758419042261);
#669=CIRCLE('',#2082,0.779028282182493);
#670=CIRCLE('',#2084,0.886942980577164);
#671=CIRCLE('',#2085,2.36642356539722);
#672=CIRCLE('',#2086,0.910356681884114);
#673=CIRCLE('',#2087,2.49128046427252);
#674=CIRCLE('',#2089,1.02758419042261);
#675=CIRCLE('',#2091,0.65417138325671);
#676=CIRCLE('',#2092,1.37926671603808);
#677=CIRCLE('',#2094,1.82619659234107);
#678=CIRCLE('',#2095,0.363599061261792);
#679=CIRCLE('',#2097,0.342828272562676);
#680=CIRCLE('',#2098,2.33906694219723);
#681=CIRCLE('',#2100,2.79900937758527);
#682=CIRCLE('',#2101,0.408783739960571);
#683=CIRCLE('',#2103,2.);
#684=CIRCLE('',#2104,3.33492703183803);
#685=CIRCLE('',#2106,8.71467217274708);
#686=CIRCLE('',#2108,9.58656071237079);
#687=CIRCLE('',#2111,9.20432377226865);
#688=CIRCLE('',#2112,0.28);
#689=CIRCLE('',#2113,9.4810168014026);
#690=CIRCLE('',#2114,9.4810168014026);
#691=CIRCLE('',#2116,8.);
#692=CIRCLE('',#2118,8.);
#693=CIRCLE('',#2120,9.20432377226865);
#694=CIRCLE('',#2122,0.0300000000000004);
#695=CIRCLE('',#2123,9.23101680140259);
#696=CIRCLE('',#2124,9.23101680140259);
#697=CIRCLE('',#2126,9.2310168014026);
#698=CIRCLE('',#2127,9.2310168014026);
#699=CIRCLE('',#2129,9.6);
#700=CIRCLE('',#2130,0.37135795499545);
#701=CIRCLE('',#2132,9.6);
#702=CIRCLE('',#2133,0.12135795499545);
#703=CIRCLE('',#2134,9.48101680140259);
#704=CIRCLE('',#2135,9.48101680140259);
#705=CIRCLE('',#2138,9.6);
#706=CIRCLE('',#2139,0.4);
#707=CIRCLE('',#2142,0.2);
#708=CIRCLE('',#2145,0.200000000000001);
#709=CIRCLE('',#2149,0.200000000000002);
#710=CIRCLE('',#2152,0.200000000000002);
#711=CIRCLE('',#2160,0.200000000000001);
#712=CIRCLE('',#2163,0.200000000000002);
#713=CIRCLE('',#2165,0.400000000000001);
#714=CIRCLE('',#2168,0.199999999999998);
#715=CIRCLE('',#2171,0.2);
#716=CIRCLE('',#2175,0.199999999999999);
#717=CIRCLE('',#2178,0.199999999999998);
#718=CIRCLE('',#2186,0.2);
#719=CIRCLE('',#2189,0.199999999999999);
#720=CIRCLE('',#2193,0.2);
#721=CIRCLE('',#2196,0.2);
#722=CIRCLE('',#2199,0.200000000000001);
#723=CIRCLE('',#2202,0.200000000000001);
#724=CIRCLE('',#2204,8.725);
#725=CIRCLE('',#2205,0.249999999999997);
#726=CIRCLE('',#2206,8.75);
#727=CIRCLE('',#2207,0.249999999999997);
#728=CIRCLE('',#2209,6.375);
#729=CIRCLE('',#2210,0.250000000000002);
#730=CIRCLE('',#2211,5.5);
#731=CIRCLE('',#2212,0.250000000000003);
#732=CIRCLE('',#2214,0.250000000000003);
#733=CIRCLE('',#2217,0.249999999999997);
#734=CIRCLE('',#2218,0.249999999999997);
#735=CIRCLE('',#2220,8.75);
#736=CIRCLE('',#2222,0.249999999999997);
#737=CIRCLE('',#2223,0.249999999999997);
#738=CIRCLE('',#2226,0.250000000000002);
#739=CIRCLE('',#2228,5.5);
#740=CIRCLE('',#2230,0.75);
#741=CIRCLE('',#2231,0.75);
#742=CIRCLE('',#2233,0.75);
#743=CIRCLE('',#2234,0.75);
#744=CIRCLE('',#2236,0.75);
#745=CIRCLE('',#2237,0.75);
#746=CIRCLE('',#2239,0.75);
#747=CIRCLE('',#2240,0.75);
#748=CIRCLE('',#2242,0.75);
#749=CIRCLE('',#2243,0.75);
#750=CIRCLE('',#2245,0.75);
#751=CIRCLE('',#2246,0.75);
#752=CIRCLE('',#2248,0.75);
#753=CIRCLE('',#2249,0.75);
#754=CIRCLE('',#2251,0.75);
#755=CIRCLE('',#2252,0.75);
#756=CIRCLE('',#2254,0.75);
#757=CIRCLE('',#2255,0.75);
#758=CIRCLE('',#2257,0.75);
#759=CIRCLE('',#2258,0.75);
#760=CIRCLE('',#2260,0.75);
#761=CIRCLE('',#2261,0.75);
#762=CIRCLE('',#2263,0.75);
#763=CIRCLE('',#2264,0.75);
#764=CIRCLE('',#2266,9.15);
#765=CIRCLE('',#2267,0.25);
#766=CIRCLE('',#2268,9.4);
#767=CIRCLE('',#2270,9.15);
#768=CIRCLE('',#2272,9.75);
#769=CIRCLE('',#2274,6.25);
#770=CIRCLE('',#2275,0.25);
#771=CIRCLE('',#2276,6.);
#772=CIRCLE('',#2278,8.9);
#773=CIRCLE('',#2280,0.25);
#774=CIRCLE('',#2282,5.5);
#775=CIRCLE('',#2283,0.25);
#776=CIRCLE('',#2284,5.25);
#777=CIRCLE('',#2286,5.5);
#778=CIRCLE('',#2289,10.);
#779=CIRCLE('',#2290,0.25);
#780=CIRCLE('',#2292,10.);
#781=CIRCLE('',#2295,8.75);
#782=CIRCLE('',#2296,8.75);
#783=CIRCLE('',#2299,9.6);
#784=CIRCLE('',#2303,8.725);
#785=CIRCLE('',#2304,8.725);
#786=CIRCLE('',#2305,6.375);
#787=CIRCLE('',#2306,6.375);
#788=CIRCLE('',#2308,6.375);
#789=CIRCLE('',#2310,8.725);
#790=VERTEX_POINT('',#2949);
#791=VERTEX_POINT('',#2950);
#792=VERTEX_POINT('',#2952);
#793=VERTEX_POINT('',#2954);
#794=VERTEX_POINT('',#2957);
#795=VERTEX_POINT('',#2960);
#796=VERTEX_POINT('',#2962);
#797=VERTEX_POINT('',#2965);
#798=VERTEX_POINT('',#2969);
#799=VERTEX_POINT('',#2970);
#800=VERTEX_POINT('',#2975);
#801=VERTEX_POINT('',#2979);
#802=VERTEX_POINT('',#2986);
#803=VERTEX_POINT('',#2990);
#804=VERTEX_POINT('',#2995);
#805=VERTEX_POINT('',#2997);
#806=VERTEX_POINT('',#3000);
#807=VERTEX_POINT('',#3004);
#808=VERTEX_POINT('',#3008);
#809=VERTEX_POINT('',#3012);
#810=VERTEX_POINT('',#3016);
#811=VERTEX_POINT('',#3020);
#812=VERTEX_POINT('',#3024);
#813=VERTEX_POINT('',#3053);
#814=VERTEX_POINT('',#3082);
#815=VERTEX_POINT('',#3084);
#816=VERTEX_POINT('',#3087);
#817=VERTEX_POINT('',#3090);
#818=VERTEX_POINT('',#3094);
#819=VERTEX_POINT('',#3098);
#820=VERTEX_POINT('',#3102);
#821=VERTEX_POINT('',#3106);
#822=VERTEX_POINT('',#3110);
#823=VERTEX_POINT('',#3114);
#824=VERTEX_POINT('',#3119);
#825=VERTEX_POINT('',#3121);
#826=VERTEX_POINT('',#3123);
#827=VERTEX_POINT('',#3127);
#828=VERTEX_POINT('',#3130);
#829=VERTEX_POINT('',#3134);
#830=VERTEX_POINT('',#3137);
#831=VERTEX_POINT('',#3139);
#832=VERTEX_POINT('',#3143);
#833=VERTEX_POINT('',#3145);
#834=VERTEX_POINT('',#3149);
#835=VERTEX_POINT('',#3153);
#836=VERTEX_POINT('',#3155);
#837=VERTEX_POINT('',#3157);
#838=VERTEX_POINT('',#3163);
#839=VERTEX_POINT('',#3341);
#840=VERTEX_POINT('',#3342);
#841=VERTEX_POINT('',#3379);
#842=VERTEX_POINT('',#3437);
#843=VERTEX_POINT('',#3466);
#844=VERTEX_POINT('',#3467);
#845=VERTEX_POINT('',#3469);
#846=VERTEX_POINT('',#3497);
#847=VERTEX_POINT('',#3498);
#848=VERTEX_POINT('',#3500);
#849=VERTEX_POINT('',#3531);
#850=VERTEX_POINT('',#3532);
#851=VERTEX_POINT('',#3534);
#852=VERTEX_POINT('',#3562);
#853=VERTEX_POINT('',#3563);
#854=VERTEX_POINT('',#3565);
#855=VERTEX_POINT('',#3578);
#856=VERTEX_POINT('',#3580);
#857=VERTEX_POINT('',#3584);
#858=VERTEX_POINT('',#3588);
#859=VERTEX_POINT('',#3592);
#860=VERTEX_POINT('',#3696);
#861=VERTEX_POINT('',#3697);
#862=VERTEX_POINT('',#3719);
#863=VERTEX_POINT('',#3762);
#864=VERTEX_POINT('',#3791);
#865=VERTEX_POINT('',#3792);
#866=VERTEX_POINT('',#3794);
#867=VERTEX_POINT('',#3822);
#868=VERTEX_POINT('',#3823);
#869=VERTEX_POINT('',#3825);
#870=VERTEX_POINT('',#3856);
#871=VERTEX_POINT('',#3857);
#872=VERTEX_POINT('',#3859);
#873=VERTEX_POINT('',#3887);
#874=VERTEX_POINT('',#3888);
#875=VERTEX_POINT('',#3890);
#876=VERTEX_POINT('',#3903);
#877=VERTEX_POINT('',#3905);
#878=VERTEX_POINT('',#3909);
#879=VERTEX_POINT('',#3913);
#880=VERTEX_POINT('',#3917);
#881=VERTEX_POINT('',#3922);
#882=VERTEX_POINT('',#3926);
#883=VERTEX_POINT('',#3930);
#884=VERTEX_POINT('',#3936);
#885=VERTEX_POINT('',#3940);
#886=VERTEX_POINT('',#3944);
#887=VERTEX_POINT('',#3950);
#888=VERTEX_POINT('',#3951);
#889=VERTEX_POINT('',#3953);
#890=VERTEX_POINT('',#3955);
#891=VERTEX_POINT('',#3959);
#892=VERTEX_POINT('',#3960);
#893=VERTEX_POINT('',#3962);
#894=VERTEX_POINT('',#3964);
#895=VERTEX_POINT('',#3966);
#896=VERTEX_POINT('',#3968);
#897=VERTEX_POINT('',#3972);
#898=VERTEX_POINT('',#3973);
#899=VERTEX_POINT('',#3978);
#900=VERTEX_POINT('',#3980);
#901=VERTEX_POINT('',#3984);
#902=VERTEX_POINT('',#3989);
#903=VERTEX_POINT('',#3993);
#904=VERTEX_POINT('',#3995);
#905=VERTEX_POINT('',#3999);
#906=VERTEX_POINT('',#4004);
#907=VERTEX_POINT('',#4010);
#908=VERTEX_POINT('',#4012);
#909=VERTEX_POINT('',#4016);
#910=VERTEX_POINT('',#4018);
#911=VERTEX_POINT('',#4022);
#912=VERTEX_POINT('',#4024);
#913=VERTEX_POINT('',#4028);
#914=VERTEX_POINT('',#4030);
#915=VERTEX_POINT('',#4034);
#916=VERTEX_POINT('',#4036);
#917=VERTEX_POINT('',#4040);
#918=VERTEX_POINT('',#4042);
#919=VERTEX_POINT('',#4046);
#920=VERTEX_POINT('',#4048);
#921=VERTEX_POINT('',#4052);
#922=VERTEX_POINT('',#4054);
#923=VERTEX_POINT('',#4058);
#924=VERTEX_POINT('',#4060);
#925=VERTEX_POINT('',#4064);
#926=VERTEX_POINT('',#4066);
#927=VERTEX_POINT('',#4070);
#928=VERTEX_POINT('',#4072);
#929=VERTEX_POINT('',#4076);
#930=VERTEX_POINT('',#4078);
#931=VERTEX_POINT('',#4082);
#932=VERTEX_POINT('',#4084);
#933=VERTEX_POINT('',#4088);
#934=VERTEX_POINT('',#4092);
#935=VERTEX_POINT('',#4095);
#936=VERTEX_POINT('',#4097);
#937=VERTEX_POINT('',#4101);
#938=VERTEX_POINT('',#4106);
#939=VERTEX_POINT('',#4108);
#940=VERTEX_POINT('',#4112);
#941=VERTEX_POINT('',#4117);
#942=VERTEX_POINT('',#4121);
#943=VERTEX_POINT('',#4126);
#944=VERTEX_POINT('',#4128);
#945=VERTEX_POINT('',#4133);
#946=VERTEX_POINT('',#4139);
#947=VERTEX_POINT('',#4142);
#948=VERTEX_POINT('',#4146);
#949=VERTEX_POINT('',#4150);
#950=EDGE_CURVE('',#790,#791,#647,.T.);
#951=EDGE_CURVE('',#791,#792,#461,.T.);
#952=EDGE_CURVE('',#792,#793,#648,.T.);
#953=EDGE_CURVE('',#793,#790,#462,.T.);
#954=EDGE_CURVE('',#794,#794,#649,.T.);
#955=EDGE_CURVE('',#795,#795,#650,.T.);
#956=EDGE_CURVE('',#796,#796,#651,.T.);
#957=EDGE_CURVE('',#796,#797,#463,.T.);
#958=EDGE_CURVE('',#797,#797,#652,.T.);
#959=EDGE_CURVE('',#798,#799,#464,.T.);
#960=EDGE_CURVE('',#792,#799,#465,.T.);
#961=EDGE_CURVE('',#791,#798,#466,.T.);
#962=EDGE_CURVE('',#799,#800,#653,.T.);
#963=EDGE_CURVE('',#793,#800,#467,.T.);
#964=EDGE_CURVE('',#800,#801,#468,.T.);
#965=EDGE_CURVE('',#790,#801,#469,.T.);
#966=EDGE_CURVE('',#801,#798,#654,.T.);
#967=EDGE_CURVE('',#802,#802,#655,.T.);
#968=EDGE_CURVE('',#802,#795,#470,.T.);
#969=EDGE_CURVE('',#794,#803,#471,.T.);
#970=EDGE_CURVE('',#803,#803,#656,.T.);
#971=EDGE_CURVE('',#804,#804,#657,.T.);
#972=EDGE_CURVE('',#805,#805,#658,.T.);
#973=EDGE_CURVE('',#805,#806,#472,.T.);
#974=EDGE_CURVE('',#806,#806,#659,.T.);
#975=EDGE_CURVE('',#807,#807,#660,.T.);
#976=EDGE_CURVE('',#807,#806,#661,.T.);
#977=EDGE_CURVE('',#807,#808,#662,.T.);
#978=EDGE_CURVE('',#808,#808,#663,.T.);
#979=EDGE_CURVE('',#809,#809,#664,.T.);
#980=EDGE_CURVE('',#809,#808,#665,.T.);
#981=EDGE_CURVE('',#809,#810,#666,.T.);
#982=EDGE_CURVE('',#810,#810,#667,.T.);
#983=EDGE_CURVE('',#811,#811,#668,.T.);
#984=EDGE_CURVE('',#811,#810,#669,.T.);
#985=EDGE_CURVE('',#812,#812,#670,.T.);
#986=EDGE_CURVE('',#812,#813,#671,.T.);
#987=EDGE_CURVE('',#814,#814,#672,.T.);
#988=EDGE_CURVE('',#814,#815,#673,.T.);
#989=EDGE_CURVE('',#816,#816,#674,.T.);
#990=EDGE_CURVE('',#816,#817,#675,.T.);
#991=EDGE_CURVE('',#817,#817,#676,.T.);
#992=EDGE_CURVE('',#818,#818,#677,.T.);
#993=EDGE_CURVE('',#818,#817,#678,.T.);
#994=EDGE_CURVE('',#818,#819,#679,.T.);
#995=EDGE_CURVE('',#819,#819,#680,.T.);
#996=EDGE_CURVE('',#820,#820,#681,.T.);
#997=EDGE_CURVE('',#820,#819,#682,.T.);
#998=EDGE_CURVE('',#820,#821,#683,.T.);
#999=EDGE_CURVE('',#821,#821,#684,.T.);
#1000=EDGE_CURVE('',#822,#822,#685,.T.);
#1001=EDGE_CURVE('',#822,#821,#473,.T.);
#1002=EDGE_CURVE('',#823,#823,#686,.T.);
#1003=EDGE_CURVE('',#804,#823,#474,.T.);
#1004=EDGE_CURVE('',#824,#824,#687,.T.);
#1005=EDGE_CURVE('',#824,#825,#688,.T.);
#1006=EDGE_CURVE('',#825,#826,#689,.T.);
#1007=EDGE_CURVE('',#826,#825,#690,.T.);
#1008=EDGE_CURVE('',#827,#827,#691,.T.);
#1009=EDGE_CURVE('',#827,#828,#475,.T.);
#1010=EDGE_CURVE('',#828,#828,#692,.T.);
#1011=EDGE_CURVE('',#829,#829,#693,.T.);
#1012=EDGE_CURVE('',#829,#830,#694,.T.);
#1013=EDGE_CURVE('',#831,#830,#695,.T.);
#1014=EDGE_CURVE('',#830,#831,#696,.T.);
#1015=EDGE_CURVE('',#831,#832,#476,.T.);
#1016=EDGE_CURVE('',#833,#832,#697,.T.);
#1017=EDGE_CURVE('',#832,#833,#698,.T.);
#1018=EDGE_CURVE('',#834,#834,#699,.T.);
#1019=EDGE_CURVE('',#834,#833,#700,.T.);
#1020=EDGE_CURVE('',#835,#835,#701,.T.);
#1021=EDGE_CURVE('',#835,#836,#702,.T.);
#1022=EDGE_CURVE('',#837,#836,#703,.T.);
#1023=EDGE_CURVE('',#836,#837,#704,.T.);
#1024=EDGE_CURVE('',#826,#837,#477,.T.);
#1025=EDGE_CURVE('',#838,#838,#705,.T.);
#1026=EDGE_CURVE('',#838,#835,#478,.T.);
#1027=EDGE_CURVE('',#839,#840,#706,.T.);
#1028=EDGE_CURVE('',#840,#840,#31,.T.);
#1029=EDGE_CURVE('',#839,#841,#32,.T.);
#1030=EDGE_CURVE('',#841,#839,#33,.T.);
#1031=EDGE_CURVE('',#841,#842,#479,.T.);
#1032=EDGE_CURVE('',#842,#842,#13,.T.);
#1033=EDGE_CURVE('',#843,#844,#707,.T.);
#1034=EDGE_CURVE('',#844,#845,#14,.T.);
#1035=EDGE_CURVE('',#845,#843,#15,.T.);
#1036=EDGE_CURVE('',#846,#847,#708,.T.);
#1037=EDGE_CURVE('',#847,#848,#16,.T.);
#1038=EDGE_CURVE('',#848,#846,#17,.T.);
#1039=EDGE_CURVE('',#845,#848,#480,.T.);
#1040=EDGE_CURVE('',#847,#843,#481,.T.);
#1041=EDGE_CURVE('',#849,#850,#709,.T.);
#1042=EDGE_CURVE('',#850,#851,#18,.T.);
#1043=EDGE_CURVE('',#851,#849,#19,.T.);
#1044=EDGE_CURVE('',#852,#853,#710,.T.);
#1045=EDGE_CURVE('',#853,#854,#20,.T.);
#1046=EDGE_CURVE('',#854,#852,#21,.T.);
#1047=EDGE_CURVE('',#848,#854,#482,.T.);
#1048=EDGE_CURVE('',#853,#846,#483,.T.);
#1049=EDGE_CURVE('',#850,#852,#484,.T.);
#1050=EDGE_CURVE('',#854,#851,#485,.T.);
#1051=EDGE_CURVE('',#844,#849,#486,.T.);
#1052=EDGE_CURVE('',#851,#845,#487,.T.);
#1053=EDGE_CURVE('',#855,#847,#488,.T.);
#1054=EDGE_CURVE('',#856,#855,#489,.T.);
#1055=EDGE_CURVE('',#856,#843,#490,.T.);
#1056=EDGE_CURVE('',#857,#846,#491,.T.);
#1057=EDGE_CURVE('',#855,#857,#711,.T.);
#1058=EDGE_CURVE('',#858,#853,#492,.T.);
#1059=EDGE_CURVE('',#857,#858,#493,.T.);
#1060=EDGE_CURVE('',#859,#852,#494,.T.);
#1061=EDGE_CURVE('',#858,#859,#712,.T.);
#1062=EDGE_CURVE('',#860,#861,#713,.T.);
#1063=EDGE_CURVE('',#861,#861,#34,.T.);
#1064=EDGE_CURVE('',#860,#862,#35,.T.);
#1065=EDGE_CURVE('',#862,#860,#36,.T.);
#1066=EDGE_CURVE('',#862,#863,#495,.T.);
#1067=EDGE_CURVE('',#863,#863,#22,.T.);
#1068=EDGE_CURVE('',#864,#865,#714,.T.);
#1069=EDGE_CURVE('',#865,#866,#23,.T.);
#1070=EDGE_CURVE('',#866,#864,#24,.T.);
#1071=EDGE_CURVE('',#867,#868,#715,.T.);
#1072=EDGE_CURVE('',#868,#869,#25,.T.);
#1073=EDGE_CURVE('',#869,#867,#26,.T.);
#1074=EDGE_CURVE('',#866,#869,#496,.T.);
#1075=EDGE_CURVE('',#868,#864,#497,.T.);
#1076=EDGE_CURVE('',#870,#871,#716,.T.);
#1077=EDGE_CURVE('',#871,#872,#27,.T.);
#1078=EDGE_CURVE('',#872,#870,#28,.T.);
#1079=EDGE_CURVE('',#873,#874,#717,.T.);
#1080=EDGE_CURVE('',#874,#875,#29,.T.);
#1081=EDGE_CURVE('',#875,#873,#30,.T.);
#1082=EDGE_CURVE('',#869,#875,#498,.T.);
#1083=EDGE_CURVE('',#874,#867,#499,.T.);
#1084=EDGE_CURVE('',#871,#873,#500,.T.);
#1085=EDGE_CURVE('',#875,#872,#501,.T.);
#1086=EDGE_CURVE('',#865,#870,#502,.T.);
#1087=EDGE_CURVE('',#872,#866,#503,.T.);
#1088=EDGE_CURVE('',#876,#868,#504,.T.);
#1089=EDGE_CURVE('',#877,#876,#505,.T.);
#1090=EDGE_CURVE('',#877,#864,#506,.T.);
#1091=EDGE_CURVE('',#878,#867,#507,.T.);
#1092=EDGE_CURVE('',#876,#878,#718,.T.);
#1093=EDGE_CURVE('',#879,#874,#508,.T.);
#1094=EDGE_CURVE('',#878,#879,#509,.T.);
#1095=EDGE_CURVE('',#880,#873,#510,.T.);
#1096=EDGE_CURVE('',#879,#880,#719,.T.);
#1097=EDGE_CURVE('',#881,#871,#511,.T.);
#1098=EDGE_CURVE('',#880,#881,#512,.T.);
#1099=EDGE_CURVE('',#882,#870,#513,.T.);
#1100=EDGE_CURVE('',#881,#882,#720,.T.);
#1101=EDGE_CURVE('',#883,#865,#514,.T.);
#1102=EDGE_CURVE('',#882,#883,#515,.T.);
#1103=EDGE_CURVE('',#883,#877,#721,.T.);
#1104=EDGE_CURVE('',#884,#850,#516,.T.);
#1105=EDGE_CURVE('',#859,#884,#517,.T.);
#1106=EDGE_CURVE('',#885,#849,#518,.T.);
#1107=EDGE_CURVE('',#884,#885,#722,.T.);
#1108=EDGE_CURVE('',#886,#844,#519,.T.);
#1109=EDGE_CURVE('',#885,#886,#520,.T.);
#1110=EDGE_CURVE('',#886,#856,#723,.T.);
#1111=EDGE_CURVE('',#887,#888,#724,.T.);
#1112=EDGE_CURVE('',#887,#889,#725,.T.);
#1113=EDGE_CURVE('',#889,#890,#726,.T.);
#1114=EDGE_CURVE('',#890,#888,#727,.T.);
#1115=EDGE_CURVE('',#891,#892,#728,.T.);
#1116=EDGE_CURVE('',#892,#893,#521,.T.);
#1117=EDGE_CURVE('',#893,#894,#729,.T.);
#1118=EDGE_CURVE('',#895,#894,#730,.T.);
#1119=EDGE_CURVE('',#895,#896,#731,.T.);
#1120=EDGE_CURVE('',#896,#891,#522,.T.);
#1121=EDGE_CURVE('',#897,#898,#732,.T.);
#1122=EDGE_CURVE('',#896,#898,#523,.T.);
#1123=EDGE_CURVE('',#895,#897,#524,.T.);
#1124=EDGE_CURVE('',#898,#899,#525,.T.);
#1125=EDGE_CURVE('',#900,#899,#526,.T.);
#1126=EDGE_CURVE('',#891,#900,#527,.T.);
#1127=EDGE_CURVE('',#899,#901,#733,.T.);
#1128=EDGE_CURVE('',#889,#901,#528,.T.);
#1129=EDGE_CURVE('',#900,#887,#734,.T.);
#1130=EDGE_CURVE('',#901,#902,#735,.T.);
#1131=EDGE_CURVE('',#890,#902,#529,.T.);
#1132=EDGE_CURVE('',#902,#903,#736,.T.);
#1133=EDGE_CURVE('',#904,#903,#530,.T.);
#1134=EDGE_CURVE('',#888,#904,#737,.T.);
#1135=EDGE_CURVE('',#903,#905,#531,.T.);
#1136=EDGE_CURVE('',#893,#905,#532,.T.);
#1137=EDGE_CURVE('',#904,#892,#533,.T.);
#1138=EDGE_CURVE('',#905,#906,#738,.T.);
#1139=EDGE_CURVE('',#894,#906,#534,.T.);
#1140=EDGE_CURVE('',#906,#897,#739,.T.);
#1141=EDGE_CURVE('',#907,#907,#740,.T.);
#1142=EDGE_CURVE('',#907,#908,#535,.T.);
#1143=EDGE_CURVE('',#908,#908,#741,.T.);
#1144=EDGE_CURVE('',#909,#909,#742,.T.);
#1145=EDGE_CURVE('',#909,#910,#536,.T.);
#1146=EDGE_CURVE('',#910,#910,#743,.T.);
#1147=EDGE_CURVE('',#911,#911,#744,.T.);
#1148=EDGE_CURVE('',#911,#912,#537,.T.);
#1149=EDGE_CURVE('',#912,#912,#745,.T.);
#1150=EDGE_CURVE('',#913,#913,#746,.T.);
#1151=EDGE_CURVE('',#913,#914,#538,.T.);
#1152=EDGE_CURVE('',#914,#914,#747,.T.);
#1153=EDGE_CURVE('',#915,#915,#748,.T.);
#1154=EDGE_CURVE('',#915,#916,#539,.T.);
#1155=EDGE_CURVE('',#916,#916,#749,.T.);
#1156=EDGE_CURVE('',#917,#917,#750,.T.);
#1157=EDGE_CURVE('',#917,#918,#540,.T.);
#1158=EDGE_CURVE('',#918,#918,#751,.T.);
#1159=EDGE_CURVE('',#919,#919,#752,.T.);
#1160=EDGE_CURVE('',#919,#920,#541,.T.);
#1161=EDGE_CURVE('',#920,#920,#753,.T.);
#1162=EDGE_CURVE('',#921,#921,#754,.T.);
#1163=EDGE_CURVE('',#921,#922,#542,.T.);
#1164=EDGE_CURVE('',#922,#922,#755,.T.);
#1165=EDGE_CURVE('',#923,#923,#756,.T.);
#1166=EDGE_CURVE('',#923,#924,#543,.T.);
#1167=EDGE_CURVE('',#924,#924,#757,.T.);
#1168=EDGE_CURVE('',#925,#925,#758,.T.);
#1169=EDGE_CURVE('',#925,#926,#544,.T.);
#1170=EDGE_CURVE('',#926,#926,#759,.T.);
#1171=EDGE_CURVE('',#927,#927,#760,.T.);
#1172=EDGE_CURVE('',#927,#928,#545,.T.);
#1173=EDGE_CURVE('',#928,#928,#761,.T.);
#1174=EDGE_CURVE('',#929,#929,#762,.T.);
#1175=EDGE_CURVE('',#929,#930,#546,.T.);
#1176=EDGE_CURVE('',#930,#930,#763,.T.);
#1177=EDGE_CURVE('',#931,#931,#764,.T.);
#1178=EDGE_CURVE('',#931,#932,#765,.T.);
#1179=EDGE_CURVE('',#932,#932,#766,.T.);
#1180=EDGE_CURVE('',#933,#933,#767,.T.);
#1181=EDGE_CURVE('',#933,#931,#547,.T.);
#1182=EDGE_CURVE('',#934,#934,#768,.T.);
#1183=EDGE_CURVE('',#935,#935,#769,.T.);
#1184=EDGE_CURVE('',#935,#936,#770,.T.);
#1185=EDGE_CURVE('',#936,#936,#771,.T.);
#1186=EDGE_CURVE('',#937,#937,#772,.T.);
#1187=EDGE_CURVE('',#933,#937,#773,.T.);
#1188=EDGE_CURVE('',#938,#938,#774,.T.);
#1189=EDGE_CURVE('',#938,#939,#775,.T.);
#1190=EDGE_CURVE('',#939,#939,#776,.T.);
#1191=EDGE_CURVE('',#938,#940,#548,.T.);
#1192=EDGE_CURVE('',#940,#940,#777,.T.);
#1193=EDGE_CURVE('',#941,#941,#778,.T.);
#1194=EDGE_CURVE('',#941,#934,#779,.T.);
#1195=EDGE_CURVE('',#941,#942,#549,.T.);
#1196=EDGE_CURVE('',#942,#942,#780,.T.);
#1197=EDGE_CURVE('',#943,#943,#781,.F.);
#1198=EDGE_CURVE('',#943,#944,#550,.T.);
#1199=EDGE_CURVE('',#944,#944,#782,.F.);
#1200=EDGE_CURVE('',#834,#945,#551,.T.);
#1201=EDGE_CURVE('',#945,#945,#783,.F.);
#1202=EDGE_CURVE('',#946,#887,#784,.T.);
#1203=EDGE_CURVE('',#888,#946,#785,.T.);
#1204=EDGE_CURVE('',#892,#947,#786,.T.);
#1205=EDGE_CURVE('',#947,#891,#787,.T.);
#1206=EDGE_CURVE('',#948,#948,#788,.T.);
#1207=EDGE_CURVE('',#948,#947,#552,.T.);
#1208=EDGE_CURVE('',#946,#949,#553,.T.);
#1209=EDGE_CURVE('',#949,#949,#789,.T.);
#1210=ORIENTED_EDGE('',*,*,#950,.T.);
#1211=ORIENTED_EDGE('',*,*,#951,.T.);
#1212=ORIENTED_EDGE('',*,*,#952,.T.);
#1213=ORIENTED_EDGE('',*,*,#953,.T.);
#1214=ORIENTED_EDGE('',*,*,#954,.F.);
#1215=ORIENTED_EDGE('',*,*,#955,.T.);
#1216=ORIENTED_EDGE('',*,*,#956,.T.);
#1217=ORIENTED_EDGE('',*,*,#956,.F.);
#1218=ORIENTED_EDGE('',*,*,#957,.T.);
#1219=ORIENTED_EDGE('',*,*,#958,.F.);
#1220=ORIENTED_EDGE('',*,*,#957,.F.);
#1221=ORIENTED_EDGE('',*,*,#959,.T.);
#1222=ORIENTED_EDGE('',*,*,#960,.F.);
#1223=ORIENTED_EDGE('',*,*,#951,.F.);
#1224=ORIENTED_EDGE('',*,*,#961,.T.);
#1225=ORIENTED_EDGE('',*,*,#962,.T.);
#1226=ORIENTED_EDGE('',*,*,#963,.F.);
#1227=ORIENTED_EDGE('',*,*,#952,.F.);
#1228=ORIENTED_EDGE('',*,*,#960,.T.);
#1229=ORIENTED_EDGE('',*,*,#964,.T.);
#1230=ORIENTED_EDGE('',*,*,#965,.F.);
#1231=ORIENTED_EDGE('',*,*,#953,.F.);
#1232=ORIENTED_EDGE('',*,*,#963,.T.);
#1233=ORIENTED_EDGE('',*,*,#966,.T.);
#1234=ORIENTED_EDGE('',*,*,#961,.F.);
#1235=ORIENTED_EDGE('',*,*,#950,.F.);
#1236=ORIENTED_EDGE('',*,*,#965,.T.);
#1237=ORIENTED_EDGE('',*,*,#959,.F.);
#1238=ORIENTED_EDGE('',*,*,#966,.F.);
#1239=ORIENTED_EDGE('',*,*,#964,.F.);
#1240=ORIENTED_EDGE('',*,*,#962,.F.);
#1241=ORIENTED_EDGE('',*,*,#958,.T.);
#1242=ORIENTED_EDGE('',*,*,#967,.F.);
#1243=ORIENTED_EDGE('',*,*,#968,.T.);
#1244=ORIENTED_EDGE('',*,*,#955,.F.);
#1245=ORIENTED_EDGE('',*,*,#968,.F.);
#1246=ORIENTED_EDGE('',*,*,#954,.T.);
#1247=ORIENTED_EDGE('',*,*,#969,.T.);
#1248=ORIENTED_EDGE('',*,*,#970,.F.);
#1249=ORIENTED_EDGE('',*,*,#969,.F.);
#1250=ORIENTED_EDGE('',*,*,#970,.T.);
#1251=ORIENTED_EDGE('',*,*,#967,.T.);
#1252=ORIENTED_EDGE('',*,*,#971,.T.);
#1253=ORIENTED_EDGE('',*,*,#972,.F.);
#1254=ORIENTED_EDGE('',*,*,#972,.T.);
#1255=ORIENTED_EDGE('',*,*,#973,.T.);
#1256=ORIENTED_EDGE('',*,*,#974,.F.);
#1257=ORIENTED_EDGE('',*,*,#973,.F.);
#1258=ORIENTED_EDGE('',*,*,#975,.F.);
#1259=ORIENTED_EDGE('',*,*,#976,.T.);
#1260=ORIENTED_EDGE('',*,*,#974,.T.);
#1261=ORIENTED_EDGE('',*,*,#976,.F.);
#1262=ORIENTED_EDGE('',*,*,#975,.T.);
#1263=ORIENTED_EDGE('',*,*,#977,.T.);
#1264=ORIENTED_EDGE('',*,*,#978,.F.);
#1265=ORIENTED_EDGE('',*,*,#977,.F.);
#1266=ORIENTED_EDGE('',*,*,#979,.F.);
#1267=ORIENTED_EDGE('',*,*,#980,.T.);
#1268=ORIENTED_EDGE('',*,*,#978,.T.);
#1269=ORIENTED_EDGE('',*,*,#980,.F.);
#1270=ORIENTED_EDGE('',*,*,#979,.T.);
#1271=ORIENTED_EDGE('',*,*,#981,.T.);
#1272=ORIENTED_EDGE('',*,*,#982,.F.);
#1273=ORIENTED_EDGE('',*,*,#981,.F.);
#1274=ORIENTED_EDGE('',*,*,#983,.F.);
#1275=ORIENTED_EDGE('',*,*,#984,.T.);
#1276=ORIENTED_EDGE('',*,*,#982,.T.);
#1277=ORIENTED_EDGE('',*,*,#984,.F.);
#1278=ORIENTED_EDGE('',*,*,#983,.T.);
#1279=ORIENTED_EDGE('',*,*,#985,.F.);
#1280=ORIENTED_EDGE('',*,*,#985,.T.);
#1281=ORIENTED_EDGE('',*,*,#986,.T.);
#1282=ORIENTED_EDGE('',*,*,#986,.F.);
#1283=ORIENTED_EDGE('',*,*,#987,.F.);
#1284=ORIENTED_EDGE('',*,*,#988,.T.);
#1285=ORIENTED_EDGE('',*,*,#988,.F.);
#1286=ORIENTED_EDGE('',*,*,#989,.F.);
#1287=ORIENTED_EDGE('',*,*,#987,.T.);
#1288=ORIENTED_EDGE('',*,*,#989,.T.);
#1289=ORIENTED_EDGE('',*,*,#990,.T.);
#1290=ORIENTED_EDGE('',*,*,#991,.F.);
#1291=ORIENTED_EDGE('',*,*,#990,.F.);
#1292=ORIENTED_EDGE('',*,*,#992,.F.);
#1293=ORIENTED_EDGE('',*,*,#993,.T.);
#1294=ORIENTED_EDGE('',*,*,#991,.T.);
#1295=ORIENTED_EDGE('',*,*,#993,.F.);
#1296=ORIENTED_EDGE('',*,*,#992,.T.);
#1297=ORIENTED_EDGE('',*,*,#994,.T.);
#1298=ORIENTED_EDGE('',*,*,#995,.F.);
#1299=ORIENTED_EDGE('',*,*,#994,.F.);
#1300=ORIENTED_EDGE('',*,*,#996,.F.);
#1301=ORIENTED_EDGE('',*,*,#997,.T.);
#1302=ORIENTED_EDGE('',*,*,#995,.T.);
#1303=ORIENTED_EDGE('',*,*,#997,.F.);
#1304=ORIENTED_EDGE('',*,*,#996,.T.);
#1305=ORIENTED_EDGE('',*,*,#998,.T.);
#1306=ORIENTED_EDGE('',*,*,#999,.F.);
#1307=ORIENTED_EDGE('',*,*,#998,.F.);
#1308=ORIENTED_EDGE('',*,*,#1000,.F.);
#1309=ORIENTED_EDGE('',*,*,#1001,.T.);
#1310=ORIENTED_EDGE('',*,*,#999,.T.);
#1311=ORIENTED_EDGE('',*,*,#1001,.F.);
#1312=ORIENTED_EDGE('',*,*,#1002,.F.);
#1313=ORIENTED_EDGE('',*,*,#1000,.T.);
#1314=ORIENTED_EDGE('',*,*,#971,.F.);
#1315=ORIENTED_EDGE('',*,*,#1003,.T.);
#1316=ORIENTED_EDGE('',*,*,#1002,.T.);
#1317=ORIENTED_EDGE('',*,*,#1003,.F.);
#1318=ORIENTED_EDGE('',*,*,#1004,.F.);
#1319=ORIENTED_EDGE('',*,*,#1005,.T.);
#1320=ORIENTED_EDGE('',*,*,#1006,.T.);
#1321=ORIENTED_EDGE('',*,*,#1007,.T.);
#1322=ORIENTED_EDGE('',*,*,#1005,.F.);
#1323=ORIENTED_EDGE('',*,*,#1004,.T.);
#1324=ORIENTED_EDGE('',*,*,#1008,.F.);
#1325=ORIENTED_EDGE('',*,*,#1008,.T.);
#1326=ORIENTED_EDGE('',*,*,#1009,.T.);
#1327=ORIENTED_EDGE('',*,*,#1010,.F.);
#1328=ORIENTED_EDGE('',*,*,#1009,.F.);
#1329=ORIENTED_EDGE('',*,*,#1011,.F.);
#1330=ORIENTED_EDGE('',*,*,#1010,.T.);
#1331=ORIENTED_EDGE('',*,*,#1011,.T.);
#1332=ORIENTED_EDGE('',*,*,#1012,.T.);
#1333=ORIENTED_EDGE('',*,*,#1013,.F.);
#1334=ORIENTED_EDGE('',*,*,#1014,.F.);
#1335=ORIENTED_EDGE('',*,*,#1012,.F.);
#1336=ORIENTED_EDGE('',*,*,#1013,.T.);
#1337=ORIENTED_EDGE('',*,*,#1014,.T.);
#1338=ORIENTED_EDGE('',*,*,#1015,.T.);
#1339=ORIENTED_EDGE('',*,*,#1016,.F.);
#1340=ORIENTED_EDGE('',*,*,#1017,.F.);
#1341=ORIENTED_EDGE('',*,*,#1015,.F.);
#1342=ORIENTED_EDGE('',*,*,#1018,.F.);
#1343=ORIENTED_EDGE('',*,*,#1019,.T.);
#1344=ORIENTED_EDGE('',*,*,#1016,.T.);
#1345=ORIENTED_EDGE('',*,*,#1017,.T.);
#1346=ORIENTED_EDGE('',*,*,#1019,.F.);
#1347=ORIENTED_EDGE('',*,*,#1020,.F.);
#1348=ORIENTED_EDGE('',*,*,#1021,.T.);
#1349=ORIENTED_EDGE('',*,*,#1022,.F.);
#1350=ORIENTED_EDGE('',*,*,#1023,.F.);
#1351=ORIENTED_EDGE('',*,*,#1021,.F.);
#1352=ORIENTED_EDGE('',*,*,#1007,.F.);
#1353=ORIENTED_EDGE('',*,*,#1024,.T.);
#1354=ORIENTED_EDGE('',*,*,#1022,.T.);
#1355=ORIENTED_EDGE('',*,*,#1023,.T.);
#1356=ORIENTED_EDGE('',*,*,#1024,.F.);
#1357=ORIENTED_EDGE('',*,*,#1006,.F.);
#1358=ORIENTED_EDGE('',*,*,#1025,.F.);
#1359=ORIENTED_EDGE('',*,*,#1026,.T.);
#1360=ORIENTED_EDGE('',*,*,#1020,.T.);
#1361=ORIENTED_EDGE('',*,*,#1026,.F.);
#1362=ORIENTED_EDGE('',*,*,#1027,.T.);
#1363=ORIENTED_EDGE('',*,*,#1028,.T.);
#1364=ORIENTED_EDGE('',*,*,#1027,.F.);
#1365=ORIENTED_EDGE('',*,*,#1029,.T.);
#1366=ORIENTED_EDGE('',*,*,#1030,.T.);
#1367=ORIENTED_EDGE('',*,*,#1029,.F.);
#1368=ORIENTED_EDGE('',*,*,#1030,.F.);
#1369=ORIENTED_EDGE('',*,*,#1031,.T.);
#1370=ORIENTED_EDGE('',*,*,#1032,.F.);
#1371=ORIENTED_EDGE('',*,*,#1031,.F.);
#1372=ORIENTED_EDGE('',*,*,#1028,.F.);
#1373=ORIENTED_EDGE('',*,*,#1033,.T.);
#1374=ORIENTED_EDGE('',*,*,#1034,.T.);
#1375=ORIENTED_EDGE('',*,*,#1035,.T.);
#1376=ORIENTED_EDGE('',*,*,#1036,.T.);
#1377=ORIENTED_EDGE('',*,*,#1037,.T.);
#1378=ORIENTED_EDGE('',*,*,#1038,.T.);
#1379=ORIENTED_EDGE('',*,*,#1035,.F.);
#1380=ORIENTED_EDGE('',*,*,#1039,.T.);
#1381=ORIENTED_EDGE('',*,*,#1037,.F.);
#1382=ORIENTED_EDGE('',*,*,#1040,.T.);
#1383=ORIENTED_EDGE('',*,*,#1041,.T.);
#1384=ORIENTED_EDGE('',*,*,#1042,.T.);
#1385=ORIENTED_EDGE('',*,*,#1043,.T.);
#1386=ORIENTED_EDGE('',*,*,#1044,.T.);
#1387=ORIENTED_EDGE('',*,*,#1045,.T.);
#1388=ORIENTED_EDGE('',*,*,#1046,.T.);
#1389=ORIENTED_EDGE('',*,*,#1038,.F.);
#1390=ORIENTED_EDGE('',*,*,#1047,.T.);
#1391=ORIENTED_EDGE('',*,*,#1045,.F.);
#1392=ORIENTED_EDGE('',*,*,#1048,.T.);
#1393=ORIENTED_EDGE('',*,*,#1042,.F.);
#1394=ORIENTED_EDGE('',*,*,#1049,.T.);
#1395=ORIENTED_EDGE('',*,*,#1046,.F.);
#1396=ORIENTED_EDGE('',*,*,#1050,.T.);
#1397=ORIENTED_EDGE('',*,*,#1034,.F.);
#1398=ORIENTED_EDGE('',*,*,#1051,.T.);
#1399=ORIENTED_EDGE('',*,*,#1043,.F.);
#1400=ORIENTED_EDGE('',*,*,#1052,.T.);
#1401=ORIENTED_EDGE('',*,*,#1040,.F.);
#1402=ORIENTED_EDGE('',*,*,#1053,.F.);
#1403=ORIENTED_EDGE('',*,*,#1054,.F.);
#1404=ORIENTED_EDGE('',*,*,#1055,.T.);
#1405=ORIENTED_EDGE('',*,*,#1036,.F.);
#1406=ORIENTED_EDGE('',*,*,#1056,.F.);
#1407=ORIENTED_EDGE('',*,*,#1057,.F.);
#1408=ORIENTED_EDGE('',*,*,#1053,.T.);
#1409=ORIENTED_EDGE('',*,*,#1048,.F.);
#1410=ORIENTED_EDGE('',*,*,#1058,.F.);
#1411=ORIENTED_EDGE('',*,*,#1059,.F.);
#1412=ORIENTED_EDGE('',*,*,#1056,.T.);
#1413=ORIENTED_EDGE('',*,*,#1044,.F.);
#1414=ORIENTED_EDGE('',*,*,#1060,.F.);
#1415=ORIENTED_EDGE('',*,*,#1061,.F.);
#1416=ORIENTED_EDGE('',*,*,#1058,.T.);
#1417=ORIENTED_EDGE('',*,*,#1039,.F.);
#1418=ORIENTED_EDGE('',*,*,#1052,.F.);
#1419=ORIENTED_EDGE('',*,*,#1050,.F.);
#1420=ORIENTED_EDGE('',*,*,#1047,.F.);
#1421=ORIENTED_EDGE('',*,*,#1062,.T.);
#1422=ORIENTED_EDGE('',*,*,#1063,.T.);
#1423=ORIENTED_EDGE('',*,*,#1062,.F.);
#1424=ORIENTED_EDGE('',*,*,#1064,.T.);
#1425=ORIENTED_EDGE('',*,*,#1065,.T.);
#1426=ORIENTED_EDGE('',*,*,#1064,.F.);
#1427=ORIENTED_EDGE('',*,*,#1065,.F.);
#1428=ORIENTED_EDGE('',*,*,#1066,.T.);
#1429=ORIENTED_EDGE('',*,*,#1067,.F.);
#1430=ORIENTED_EDGE('',*,*,#1066,.F.);
#1431=ORIENTED_EDGE('',*,*,#1063,.F.);
#1432=ORIENTED_EDGE('',*,*,#1068,.T.);
#1433=ORIENTED_EDGE('',*,*,#1069,.T.);
#1434=ORIENTED_EDGE('',*,*,#1070,.T.);
#1435=ORIENTED_EDGE('',*,*,#1071,.T.);
#1436=ORIENTED_EDGE('',*,*,#1072,.T.);
#1437=ORIENTED_EDGE('',*,*,#1073,.T.);
#1438=ORIENTED_EDGE('',*,*,#1070,.F.);
#1439=ORIENTED_EDGE('',*,*,#1074,.T.);
#1440=ORIENTED_EDGE('',*,*,#1072,.F.);
#1441=ORIENTED_EDGE('',*,*,#1075,.T.);
#1442=ORIENTED_EDGE('',*,*,#1076,.T.);
#1443=ORIENTED_EDGE('',*,*,#1077,.T.);
#1444=ORIENTED_EDGE('',*,*,#1078,.T.);
#1445=ORIENTED_EDGE('',*,*,#1079,.T.);
#1446=ORIENTED_EDGE('',*,*,#1080,.T.);
#1447=ORIENTED_EDGE('',*,*,#1081,.T.);
#1448=ORIENTED_EDGE('',*,*,#1073,.F.);
#1449=ORIENTED_EDGE('',*,*,#1082,.T.);
#1450=ORIENTED_EDGE('',*,*,#1080,.F.);
#1451=ORIENTED_EDGE('',*,*,#1083,.T.);
#1452=ORIENTED_EDGE('',*,*,#1077,.F.);
#1453=ORIENTED_EDGE('',*,*,#1084,.T.);
#1454=ORIENTED_EDGE('',*,*,#1081,.F.);
#1455=ORIENTED_EDGE('',*,*,#1085,.T.);
#1456=ORIENTED_EDGE('',*,*,#1069,.F.);
#1457=ORIENTED_EDGE('',*,*,#1086,.T.);
#1458=ORIENTED_EDGE('',*,*,#1078,.F.);
#1459=ORIENTED_EDGE('',*,*,#1087,.T.);
#1460=ORIENTED_EDGE('',*,*,#1075,.F.);
#1461=ORIENTED_EDGE('',*,*,#1088,.F.);
#1462=ORIENTED_EDGE('',*,*,#1089,.F.);
#1463=ORIENTED_EDGE('',*,*,#1090,.T.);
#1464=ORIENTED_EDGE('',*,*,#1071,.F.);
#1465=ORIENTED_EDGE('',*,*,#1091,.F.);
#1466=ORIENTED_EDGE('',*,*,#1092,.F.);
#1467=ORIENTED_EDGE('',*,*,#1088,.T.);
#1468=ORIENTED_EDGE('',*,*,#1083,.F.);
#1469=ORIENTED_EDGE('',*,*,#1093,.F.);
#1470=ORIENTED_EDGE('',*,*,#1094,.F.);
#1471=ORIENTED_EDGE('',*,*,#1091,.T.);
#1472=ORIENTED_EDGE('',*,*,#1079,.F.);
#1473=ORIENTED_EDGE('',*,*,#1095,.F.);
#1474=ORIENTED_EDGE('',*,*,#1096,.F.);
#1475=ORIENTED_EDGE('',*,*,#1093,.T.);
#1476=ORIENTED_EDGE('',*,*,#1074,.F.);
#1477=ORIENTED_EDGE('',*,*,#1087,.F.);
#1478=ORIENTED_EDGE('',*,*,#1085,.F.);
#1479=ORIENTED_EDGE('',*,*,#1082,.F.);
#1480=ORIENTED_EDGE('',*,*,#1084,.F.);
#1481=ORIENTED_EDGE('',*,*,#1097,.F.);
#1482=ORIENTED_EDGE('',*,*,#1098,.F.);
#1483=ORIENTED_EDGE('',*,*,#1095,.T.);
#1484=ORIENTED_EDGE('',*,*,#1076,.F.);
#1485=ORIENTED_EDGE('',*,*,#1099,.F.);
#1486=ORIENTED_EDGE('',*,*,#1100,.F.);
#1487=ORIENTED_EDGE('',*,*,#1097,.T.);
#1488=ORIENTED_EDGE('',*,*,#1086,.F.);
#1489=ORIENTED_EDGE('',*,*,#1101,.F.);
#1490=ORIENTED_EDGE('',*,*,#1102,.F.);
#1491=ORIENTED_EDGE('',*,*,#1099,.T.);
#1492=ORIENTED_EDGE('',*,*,#1068,.F.);
#1493=ORIENTED_EDGE('',*,*,#1090,.F.);
#1494=ORIENTED_EDGE('',*,*,#1103,.F.);
#1495=ORIENTED_EDGE('',*,*,#1101,.T.);
#1496=ORIENTED_EDGE('',*,*,#1049,.F.);
#1497=ORIENTED_EDGE('',*,*,#1104,.F.);
#1498=ORIENTED_EDGE('',*,*,#1105,.F.);
#1499=ORIENTED_EDGE('',*,*,#1060,.T.);
#1500=ORIENTED_EDGE('',*,*,#1041,.F.);
#1501=ORIENTED_EDGE('',*,*,#1106,.F.);
#1502=ORIENTED_EDGE('',*,*,#1107,.F.);
#1503=ORIENTED_EDGE('',*,*,#1104,.T.);
#1504=ORIENTED_EDGE('',*,*,#1051,.F.);
#1505=ORIENTED_EDGE('',*,*,#1108,.F.);
#1506=ORIENTED_EDGE('',*,*,#1109,.F.);
#1507=ORIENTED_EDGE('',*,*,#1106,.T.);
#1508=ORIENTED_EDGE('',*,*,#1033,.F.);
#1509=ORIENTED_EDGE('',*,*,#1055,.F.);
#1510=ORIENTED_EDGE('',*,*,#1110,.F.);
#1511=ORIENTED_EDGE('',*,*,#1108,.T.);
#1512=ORIENTED_EDGE('',*,*,#1111,.F.);
#1513=ORIENTED_EDGE('',*,*,#1112,.T.);
#1514=ORIENTED_EDGE('',*,*,#1113,.T.);
#1515=ORIENTED_EDGE('',*,*,#1114,.T.);
#1516=ORIENTED_EDGE('',*,*,#1115,.T.);
#1517=ORIENTED_EDGE('',*,*,#1116,.T.);
#1518=ORIENTED_EDGE('',*,*,#1117,.T.);
#1519=ORIENTED_EDGE('',*,*,#1118,.F.);
#1520=ORIENTED_EDGE('',*,*,#1119,.T.);
#1521=ORIENTED_EDGE('',*,*,#1120,.T.);
#1522=ORIENTED_EDGE('',*,*,#1121,.T.);
#1523=ORIENTED_EDGE('',*,*,#1122,.F.);
#1524=ORIENTED_EDGE('',*,*,#1119,.F.);
#1525=ORIENTED_EDGE('',*,*,#1123,.T.);
#1526=ORIENTED_EDGE('',*,*,#1124,.T.);
#1527=ORIENTED_EDGE('',*,*,#1125,.F.);
#1528=ORIENTED_EDGE('',*,*,#1126,.F.);
#1529=ORIENTED_EDGE('',*,*,#1120,.F.);
#1530=ORIENTED_EDGE('',*,*,#1122,.T.);
#1531=ORIENTED_EDGE('',*,*,#1127,.T.);
#1532=ORIENTED_EDGE('',*,*,#1128,.F.);
#1533=ORIENTED_EDGE('',*,*,#1112,.F.);
#1534=ORIENTED_EDGE('',*,*,#1129,.F.);
#1535=ORIENTED_EDGE('',*,*,#1125,.T.);
#1536=ORIENTED_EDGE('',*,*,#1130,.T.);
#1537=ORIENTED_EDGE('',*,*,#1131,.F.);
#1538=ORIENTED_EDGE('',*,*,#1113,.F.);
#1539=ORIENTED_EDGE('',*,*,#1128,.T.);
#1540=ORIENTED_EDGE('',*,*,#1132,.T.);
#1541=ORIENTED_EDGE('',*,*,#1133,.F.);
#1542=ORIENTED_EDGE('',*,*,#1134,.F.);
#1543=ORIENTED_EDGE('',*,*,#1114,.F.);
#1544=ORIENTED_EDGE('',*,*,#1131,.T.);
#1545=ORIENTED_EDGE('',*,*,#1135,.T.);
#1546=ORIENTED_EDGE('',*,*,#1136,.F.);
#1547=ORIENTED_EDGE('',*,*,#1116,.F.);
#1548=ORIENTED_EDGE('',*,*,#1137,.F.);
#1549=ORIENTED_EDGE('',*,*,#1133,.T.);
#1550=ORIENTED_EDGE('',*,*,#1138,.T.);
#1551=ORIENTED_EDGE('',*,*,#1139,.F.);
#1552=ORIENTED_EDGE('',*,*,#1117,.F.);
#1553=ORIENTED_EDGE('',*,*,#1136,.T.);
#1554=ORIENTED_EDGE('',*,*,#1140,.F.);
#1555=ORIENTED_EDGE('',*,*,#1138,.F.);
#1556=ORIENTED_EDGE('',*,*,#1135,.F.);
#1557=ORIENTED_EDGE('',*,*,#1132,.F.);
#1558=ORIENTED_EDGE('',*,*,#1130,.F.);
#1559=ORIENTED_EDGE('',*,*,#1127,.F.);
#1560=ORIENTED_EDGE('',*,*,#1124,.F.);
#1561=ORIENTED_EDGE('',*,*,#1121,.F.);
#1562=ORIENTED_EDGE('',*,*,#1089,.T.);
#1563=ORIENTED_EDGE('',*,*,#1092,.T.);
#1564=ORIENTED_EDGE('',*,*,#1094,.T.);
#1565=ORIENTED_EDGE('',*,*,#1096,.T.);
#1566=ORIENTED_EDGE('',*,*,#1098,.T.);
#1567=ORIENTED_EDGE('',*,*,#1100,.T.);
#1568=ORIENTED_EDGE('',*,*,#1102,.T.);
#1569=ORIENTED_EDGE('',*,*,#1103,.T.);
#1570=ORIENTED_EDGE('',*,*,#1067,.T.);
#1571=ORIENTED_EDGE('',*,*,#1105,.T.);
#1572=ORIENTED_EDGE('',*,*,#1107,.T.);
#1573=ORIENTED_EDGE('',*,*,#1109,.T.);
#1574=ORIENTED_EDGE('',*,*,#1110,.T.);
#1575=ORIENTED_EDGE('',*,*,#1054,.T.);
#1576=ORIENTED_EDGE('',*,*,#1057,.T.);
#1577=ORIENTED_EDGE('',*,*,#1059,.T.);
#1578=ORIENTED_EDGE('',*,*,#1061,.T.);
#1579=ORIENTED_EDGE('',*,*,#1032,.T.);
#1580=ORIENTED_EDGE('',*,*,#1141,.F.);
#1581=ORIENTED_EDGE('',*,*,#1142,.T.);
#1582=ORIENTED_EDGE('',*,*,#1143,.F.);
#1583=ORIENTED_EDGE('',*,*,#1142,.F.);
#1584=ORIENTED_EDGE('',*,*,#1144,.F.);
#1585=ORIENTED_EDGE('',*,*,#1145,.T.);
#1586=ORIENTED_EDGE('',*,*,#1146,.F.);
#1587=ORIENTED_EDGE('',*,*,#1145,.F.);
#1588=ORIENTED_EDGE('',*,*,#1147,.F.);
#1589=ORIENTED_EDGE('',*,*,#1148,.T.);
#1590=ORIENTED_EDGE('',*,*,#1149,.F.);
#1591=ORIENTED_EDGE('',*,*,#1148,.F.);
#1592=ORIENTED_EDGE('',*,*,#1150,.F.);
#1593=ORIENTED_EDGE('',*,*,#1151,.T.);
#1594=ORIENTED_EDGE('',*,*,#1152,.F.);
#1595=ORIENTED_EDGE('',*,*,#1151,.F.);
#1596=ORIENTED_EDGE('',*,*,#1153,.F.);
#1597=ORIENTED_EDGE('',*,*,#1154,.T.);
#1598=ORIENTED_EDGE('',*,*,#1155,.F.);
#1599=ORIENTED_EDGE('',*,*,#1154,.F.);
#1600=ORIENTED_EDGE('',*,*,#1156,.F.);
#1601=ORIENTED_EDGE('',*,*,#1157,.T.);
#1602=ORIENTED_EDGE('',*,*,#1158,.F.);
#1603=ORIENTED_EDGE('',*,*,#1157,.F.);
#1604=ORIENTED_EDGE('',*,*,#1159,.F.);
#1605=ORIENTED_EDGE('',*,*,#1160,.T.);
#1606=ORIENTED_EDGE('',*,*,#1161,.F.);
#1607=ORIENTED_EDGE('',*,*,#1160,.F.);
#1608=ORIENTED_EDGE('',*,*,#1162,.F.);
#1609=ORIENTED_EDGE('',*,*,#1163,.T.);
#1610=ORIENTED_EDGE('',*,*,#1164,.F.);
#1611=ORIENTED_EDGE('',*,*,#1163,.F.);
#1612=ORIENTED_EDGE('',*,*,#1165,.F.);
#1613=ORIENTED_EDGE('',*,*,#1166,.T.);
#1614=ORIENTED_EDGE('',*,*,#1167,.F.);
#1615=ORIENTED_EDGE('',*,*,#1166,.F.);
#1616=ORIENTED_EDGE('',*,*,#1168,.F.);
#1617=ORIENTED_EDGE('',*,*,#1169,.T.);
#1618=ORIENTED_EDGE('',*,*,#1170,.F.);
#1619=ORIENTED_EDGE('',*,*,#1169,.F.);
#1620=ORIENTED_EDGE('',*,*,#1171,.F.);
#1621=ORIENTED_EDGE('',*,*,#1172,.T.);
#1622=ORIENTED_EDGE('',*,*,#1173,.F.);
#1623=ORIENTED_EDGE('',*,*,#1172,.F.);
#1624=ORIENTED_EDGE('',*,*,#1174,.F.);
#1625=ORIENTED_EDGE('',*,*,#1175,.T.);
#1626=ORIENTED_EDGE('',*,*,#1176,.F.);
#1627=ORIENTED_EDGE('',*,*,#1175,.F.);
#1628=ORIENTED_EDGE('',*,*,#1177,.T.);
#1629=ORIENTED_EDGE('',*,*,#1178,.T.);
#1630=ORIENTED_EDGE('',*,*,#1179,.T.);
#1631=ORIENTED_EDGE('',*,*,#1178,.F.);
#1632=ORIENTED_EDGE('',*,*,#1180,.F.);
#1633=ORIENTED_EDGE('',*,*,#1181,.T.);
#1634=ORIENTED_EDGE('',*,*,#1177,.F.);
#1635=ORIENTED_EDGE('',*,*,#1181,.F.);
#1636=ORIENTED_EDGE('',*,*,#1182,.F.);
#1637=ORIENTED_EDGE('',*,*,#1179,.F.);
#1638=ORIENTED_EDGE('',*,*,#1183,.T.);
#1639=ORIENTED_EDGE('',*,*,#1184,.T.);
#1640=ORIENTED_EDGE('',*,*,#1185,.F.);
#1641=ORIENTED_EDGE('',*,*,#1184,.F.);
#1642=ORIENTED_EDGE('',*,*,#1186,.F.);
#1643=ORIENTED_EDGE('',*,*,#1141,.T.);
#1644=ORIENTED_EDGE('',*,*,#1144,.T.);
#1645=ORIENTED_EDGE('',*,*,#1147,.T.);
#1646=ORIENTED_EDGE('',*,*,#1150,.T.);
#1647=ORIENTED_EDGE('',*,*,#1153,.T.);
#1648=ORIENTED_EDGE('',*,*,#1156,.T.);
#1649=ORIENTED_EDGE('',*,*,#1159,.T.);
#1650=ORIENTED_EDGE('',*,*,#1162,.T.);
#1651=ORIENTED_EDGE('',*,*,#1165,.T.);
#1652=ORIENTED_EDGE('',*,*,#1168,.T.);
#1653=ORIENTED_EDGE('',*,*,#1171,.T.);
#1654=ORIENTED_EDGE('',*,*,#1174,.T.);
#1655=ORIENTED_EDGE('',*,*,#1183,.F.);
#1656=ORIENTED_EDGE('',*,*,#1180,.T.);
#1657=ORIENTED_EDGE('',*,*,#1187,.T.);
#1658=ORIENTED_EDGE('',*,*,#1186,.T.);
#1659=ORIENTED_EDGE('',*,*,#1187,.F.);
#1660=ORIENTED_EDGE('',*,*,#1188,.T.);
#1661=ORIENTED_EDGE('',*,*,#1189,.T.);
#1662=ORIENTED_EDGE('',*,*,#1190,.T.);
#1663=ORIENTED_EDGE('',*,*,#1189,.F.);
#1664=ORIENTED_EDGE('',*,*,#1188,.F.);
#1665=ORIENTED_EDGE('',*,*,#1191,.T.);
#1666=ORIENTED_EDGE('',*,*,#1192,.T.);
#1667=ORIENTED_EDGE('',*,*,#1191,.F.);
#1668=ORIENTED_EDGE('',*,*,#1139,.T.);
#1669=ORIENTED_EDGE('',*,*,#1140,.T.);
#1670=ORIENTED_EDGE('',*,*,#1123,.F.);
#1671=ORIENTED_EDGE('',*,*,#1118,.T.);
#1672=ORIENTED_EDGE('',*,*,#1190,.F.);
#1673=ORIENTED_EDGE('',*,*,#1193,.T.);
#1674=ORIENTED_EDGE('',*,*,#1194,.T.);
#1675=ORIENTED_EDGE('',*,*,#1182,.T.);
#1676=ORIENTED_EDGE('',*,*,#1194,.F.);
#1677=ORIENTED_EDGE('',*,*,#1193,.F.);
#1678=ORIENTED_EDGE('',*,*,#1195,.T.);
#1679=ORIENTED_EDGE('',*,*,#1196,.F.);
#1680=ORIENTED_EDGE('',*,*,#1195,.F.);
#1681=ORIENTED_EDGE('',*,*,#1185,.T.);
#1682=ORIENTED_EDGE('',*,*,#1192,.F.);
#1683=ORIENTED_EDGE('',*,*,#1197,.T.);
#1684=ORIENTED_EDGE('',*,*,#1198,.T.);
#1685=ORIENTED_EDGE('',*,*,#1199,.F.);
#1686=ORIENTED_EDGE('',*,*,#1198,.F.);
#1687=ORIENTED_EDGE('',*,*,#1199,.T.);
#1688=ORIENTED_EDGE('',*,*,#1143,.T.);
#1689=ORIENTED_EDGE('',*,*,#1146,.T.);
#1690=ORIENTED_EDGE('',*,*,#1149,.T.);
#1691=ORIENTED_EDGE('',*,*,#1152,.T.);
#1692=ORIENTED_EDGE('',*,*,#1155,.T.);
#1693=ORIENTED_EDGE('',*,*,#1158,.T.);
#1694=ORIENTED_EDGE('',*,*,#1161,.T.);
#1695=ORIENTED_EDGE('',*,*,#1164,.T.);
#1696=ORIENTED_EDGE('',*,*,#1167,.T.);
#1697=ORIENTED_EDGE('',*,*,#1170,.T.);
#1698=ORIENTED_EDGE('',*,*,#1173,.T.);
#1699=ORIENTED_EDGE('',*,*,#1176,.T.);
#1700=ORIENTED_EDGE('',*,*,#1018,.T.);
#1701=ORIENTED_EDGE('',*,*,#1200,.T.);
#1702=ORIENTED_EDGE('',*,*,#1201,.F.);
#1703=ORIENTED_EDGE('',*,*,#1200,.F.);
#1704=ORIENTED_EDGE('',*,*,#1201,.T.);
#1705=ORIENTED_EDGE('',*,*,#1197,.F.);
#1706=ORIENTED_EDGE('',*,*,#1196,.T.);
#1707=ORIENTED_EDGE('',*,*,#1025,.T.);
#1708=ORIENTED_EDGE('',*,*,#1126,.T.);
#1709=ORIENTED_EDGE('',*,*,#1129,.T.);
#1710=ORIENTED_EDGE('',*,*,#1202,.F.);
#1711=ORIENTED_EDGE('',*,*,#1203,.F.);
#1712=ORIENTED_EDGE('',*,*,#1134,.T.);
#1713=ORIENTED_EDGE('',*,*,#1137,.T.);
#1714=ORIENTED_EDGE('',*,*,#1204,.T.);
#1715=ORIENTED_EDGE('',*,*,#1205,.T.);
#1716=ORIENTED_EDGE('',*,*,#1206,.F.);
#1717=ORIENTED_EDGE('',*,*,#1207,.T.);
#1718=ORIENTED_EDGE('',*,*,#1204,.F.);
#1719=ORIENTED_EDGE('',*,*,#1115,.F.);
#1720=ORIENTED_EDGE('',*,*,#1205,.F.);
#1721=ORIENTED_EDGE('',*,*,#1207,.F.);
#1722=ORIENTED_EDGE('',*,*,#1203,.T.);
#1723=ORIENTED_EDGE('',*,*,#1208,.T.);
#1724=ORIENTED_EDGE('',*,*,#1209,.F.);
#1725=ORIENTED_EDGE('',*,*,#1208,.F.);
#1726=ORIENTED_EDGE('',*,*,#1202,.T.);
#1727=ORIENTED_EDGE('',*,*,#1111,.T.);
#1728=ORIENTED_EDGE('',*,*,#1209,.T.);
#1729=ORIENTED_EDGE('',*,*,#1206,.T.);
#1730=PLANE('',#2042);
#1731=PLANE('',#2046);
#1732=PLANE('',#2051);
#1733=PLANE('',#2054);
#1734=PLANE('',#2057);
#1735=PLANE('',#2062);
#1736=PLANE('',#2063);
#1737=PLANE('',#2083);
#1738=PLANE('',#2088);
#1739=PLANE('',#2107);
#1740=PLANE('',#2115);
#1741=PLANE('',#2119);
#1742=PLANE('',#2141);
#1743=PLANE('',#2158);
#1744=PLANE('',#2161);
#1745=PLANE('',#2164);
#1746=PLANE('',#2167);
#1747=PLANE('',#2184);
#1748=PLANE('',#2187);
#1749=PLANE('',#2190);
#1750=PLANE('',#2191);
#1751=PLANE('',#2194);
#1752=PLANE('',#2197);
#1753=PLANE('',#2200);
#1754=PLANE('',#2203);
#1755=PLANE('',#2208);
#1756=PLANE('',#2215);
#1757=PLANE('',#2224);
#1758=PLANE('',#2227);
#1759=PLANE('',#2271);
#1760=PLANE('',#2277);
#1761=PLANE('',#2287);
#1762=PLANE('',#2293);
#1763=PLANE('',#2297);
#1764=PLANE('',#2300);
#1765=PLANE('',#2301);
#1766=PLANE('',#2302);
#1767=PLANE('',#2311);
#1768=STYLED_ITEM('',(#4174),#1894);
#1769=STYLED_ITEM('',(#4174),#1895);
#1770=STYLED_ITEM('',(#4174),#1896);
#1771=STYLED_ITEM('',(#4174),#1897);
#1772=STYLED_ITEM('',(#4174),#1898);
#1773=STYLED_ITEM('',(#4174),#1899);
#1774=STYLED_ITEM('',(#4174),#1900);
#1775=STYLED_ITEM('',(#4174),#1901);
#1776=STYLED_ITEM('',(#4175),#1902);
#1777=STYLED_ITEM('',(#4175),#1903);
#1778=STYLED_ITEM('',(#4175),#1904);
#1779=STYLED_ITEM('',(#4176),#1905);
#1780=STYLED_ITEM('',(#4176),#1906);
#1781=STYLED_ITEM('',(#4176),#1907);
#1782=STYLED_ITEM('',(#4176),#1908);
#1783=STYLED_ITEM('',(#4176),#1909);
#1784=STYLED_ITEM('',(#4176),#1910);
#1785=STYLED_ITEM('',(#4176),#1911);
#1786=STYLED_ITEM('',(#4176),#1912);
#1787=STYLED_ITEM('',(#4176),#1913);
#1788=STYLED_ITEM('',(#4176),#1914);
#1789=STYLED_ITEM('',(#4176),#1915);
#1790=STYLED_ITEM('',(#4176),#1916);
#1791=STYLED_ITEM('',(#4176),#1917);
#1792=STYLED_ITEM('',(#4176),#1918);
#1793=STYLED_ITEM('',(#4176),#1919);
#1794=STYLED_ITEM('',(#4176),#1920);
#1795=STYLED_ITEM('',(#4176),#1921);
#1796=STYLED_ITEM('',(#4176),#1922);
#1797=STYLED_ITEM('',(#4176),#1923);
#1798=STYLED_ITEM('',(#4177),#1924);
#1799=STYLED_ITEM('',(#4177),#1925);
#1800=STYLED_ITEM('',(#4177),#1926);
#1801=STYLED_ITEM('',(#4177),#1927);
#1802=STYLED_ITEM('',(#4177),#1928);
#1803=STYLED_ITEM('',(#4177),#1929);
#1804=STYLED_ITEM('',(#4177),#1930);
#1805=STYLED_ITEM('',(#4177),#1931);
#1806=STYLED_ITEM('',(#4177),#1932);
#1807=STYLED_ITEM('',(#4177),#1933);
#1808=STYLED_ITEM('',(#4176),#1934);
#1809=STYLED_ITEM('',(#4176),#1935);
#1810=STYLED_ITEM('',(#4176),#1936);
#1811=STYLED_ITEM('',(#4177),#1937);
#1812=STYLED_ITEM('',(#4177),#1938);
#1813=STYLED_ITEM('',(#4177),#1939);
#1814=STYLED_ITEM('',(#4177),#1940);
#1815=STYLED_ITEM('',(#4177),#1941);
#1816=STYLED_ITEM('',(#4177),#1942);
#1817=STYLED_ITEM('',(#4177),#1943);
#1818=STYLED_ITEM('',(#4177),#1944);
#1819=STYLED_ITEM('',(#4177),#1945);
#1820=STYLED_ITEM('',(#4177),#1946);
#1821=STYLED_ITEM('',(#4177),#1947);
#1822=STYLED_ITEM('',(#4177),#1948);
#1823=STYLED_ITEM('',(#4177),#1949);
#1824=STYLED_ITEM('',(#4176),#1950);
#1825=STYLED_ITEM('',(#4176),#1951);
#1826=STYLED_ITEM('',(#4176),#1952);
#1827=STYLED_ITEM('',(#4177),#1953);
#1828=STYLED_ITEM('',(#4177),#1954);
#1829=STYLED_ITEM('',(#4177),#1955);
#1830=STYLED_ITEM('',(#4177),#1956);
#1831=STYLED_ITEM('',(#4177),#1957);
#1832=STYLED_ITEM('',(#4177),#1958);
#1833=STYLED_ITEM('',(#4177),#1959);
#1834=STYLED_ITEM('',(#4177),#1960);
#1835=STYLED_ITEM('',(#4177),#1961);
#1836=STYLED_ITEM('',(#4177),#1962);
#1837=STYLED_ITEM('',(#4177),#1963);
#1838=STYLED_ITEM('',(#4177),#1964);
#1839=STYLED_ITEM('',(#4177),#1965);
#1840=STYLED_ITEM('',(#4177),#1966);
#1841=STYLED_ITEM('',(#4177),#1967);
#1842=STYLED_ITEM('',(#4177),#1968);
#1843=STYLED_ITEM('',(#4177),#1969);
#1844=STYLED_ITEM('',(#4177),#1970);
#1845=STYLED_ITEM('',(#4177),#1971);
#1846=STYLED_ITEM('',(#4177),#1972);
#1847=STYLED_ITEM('',(#4177),#1973);
#1848=STYLED_ITEM('',(#4178),#1974);
#1849=STYLED_ITEM('',(#4178),#1975);
#1850=STYLED_ITEM('',(#4178),#1976);
#1851=STYLED_ITEM('',(#4178),#1977);
#1852=STYLED_ITEM('',(#4178),#1978);
#1853=STYLED_ITEM('',(#4178),#1979);
#1854=STYLED_ITEM('',(#4178),#1980);
#1855=STYLED_ITEM('',(#4178),#1981);
#1856=STYLED_ITEM('',(#4178),#1982);
#1857=STYLED_ITEM('',(#4178),#1983);
#1858=STYLED_ITEM('',(#4177),#1984);
#1859=STYLED_ITEM('',(#4177),#1985);
#1860=STYLED_ITEM('',(#4177),#1986);
#1861=STYLED_ITEM('',(#4177),#1987);
#1862=STYLED_ITEM('',(#4177),#1988);
#1863=STYLED_ITEM('',(#4177),#1989);
#1864=STYLED_ITEM('',(#4177),#1990);
#1865=STYLED_ITEM('',(#4177),#1991);
#1866=STYLED_ITEM('',(#4177),#1992);
#1867=STYLED_ITEM('',(#4177),#1993);
#1868=STYLED_ITEM('',(#4177),#1994);
#1869=STYLED_ITEM('',(#4177),#1995);
#1870=STYLED_ITEM('',(#4177),#1996);
#1871=STYLED_ITEM('',(#4177),#1997);
#1872=STYLED_ITEM('',(#4177),#1998);
#1873=STYLED_ITEM('',(#4177),#1999);
#1874=STYLED_ITEM('',(#4177),#2000);
#1875=STYLED_ITEM('',(#4177),#2001);
#1876=STYLED_ITEM('',(#4177),#2002);
#1877=STYLED_ITEM('',(#4177),#2003);
#1878=STYLED_ITEM('',(#4177),#2004);
#1879=STYLED_ITEM('',(#4177),#2005);
#1880=STYLED_ITEM('',(#4177),#2006);
#1881=STYLED_ITEM('',(#4177),#2007);
#1882=STYLED_ITEM('',(#4177),#2008);
#1883=STYLED_ITEM('',(#4177),#2009);
#1884=STYLED_ITEM('',(#4177),#2010);
#1885=STYLED_ITEM('',(#4177),#2011);
#1886=STYLED_ITEM('',(#4177),#2012);
#1887=STYLED_ITEM('',(#4179),#2013);
#1888=STYLED_ITEM('',(#4179),#2014);
#1889=STYLED_ITEM('',(#4179),#2015);
#1890=STYLED_ITEM('',(#4179),#2016);
#1891=STYLED_ITEM('',(#4173),#72);
#1892=STYLED_ITEM('',(#4173),#73);
#1893=STYLED_ITEM('',(#4173),#74);
#1894=ADVANCED_FACE('',(#170,#125),#1730,.T.);
#1895=ADVANCED_FACE('',(#171,#126),#1731,.T.);
#1896=ADVANCED_FACE('',(#172),#75,.F.);
#1897=ADVANCED_FACE('',(#173),#1732,.T.);
#1898=ADVANCED_FACE('',(#174),#76,.T.);
#1899=ADVANCED_FACE('',(#175),#1733,.T.);
#1900=ADVANCED_FACE('',(#176),#77,.T.);
#1901=ADVANCED_FACE('',(#177,#127),#1734,.F.);
#1902=ADVANCED_FACE('',(#178),#78,.F.);
#1903=ADVANCED_FACE('',(#179),#79,.T.);
#1904=ADVANCED_FACE('',(#180,#128),#1735,.T.);
#1905=ADVANCED_FACE('',(#181,#129),#1736,.T.);
#1906=ADVANCED_FACE('',(#182),#70,.F.);
#1907=ADVANCED_FACE('',(#183),#51,.T.);
#1908=ADVANCED_FACE('',(#184),#52,.F.);
#1909=ADVANCED_FACE('',(#185),#53,.T.);
#1910=ADVANCED_FACE('',(#186),#54,.F.);
#1911=ADVANCED_FACE('',(#187),#55,.T.);
#1912=ADVANCED_FACE('',(#188,#130),#1737,.T.);
#1913=ADVANCED_FACE('',(#189),#47,.T.);
#1914=ADVANCED_FACE('',(#190),#48,.F.);
#1915=ADVANCED_FACE('',(#191,#131),#1738,.T.);
#1916=ADVANCED_FACE('',(#192),#56,.F.);
#1917=ADVANCED_FACE('',(#193),#57,.T.);
#1918=ADVANCED_FACE('',(#194),#58,.F.);
#1919=ADVANCED_FACE('',(#195),#59,.T.);
#1920=ADVANCED_FACE('',(#196),#60,.F.);
#1921=ADVANCED_FACE('',(#197),#71,.T.);
#1922=ADVANCED_FACE('',(#198,#132),#1739,.T.);
#1923=ADVANCED_FACE('',(#199),#80,.T.);
#1924=ADVANCED_FACE('',(#200),#61,.T.);
#1925=ADVANCED_FACE('',(#201,#133),#1740,.T.);
#1926=ADVANCED_FACE('',(#202),#81,.F.);
#1927=ADVANCED_FACE('',(#203,#134),#1741,.T.);
#1928=ADVANCED_FACE('',(#204),#62,.F.);
#1929=ADVANCED_FACE('',(#205),#82,.F.);
#1930=ADVANCED_FACE('',(#206),#63,.T.);
#1931=ADVANCED_FACE('',(#207),#64,.F.);
#1932=ADVANCED_FACE('',(#208),#83,.T.);
#1933=ADVANCED_FACE('',(#209),#84,.F.);
#1934=ADVANCED_FACE('',(#210),#37,.F.);
#1935=ADVANCED_FACE('',(#211),#49,.F.);
#1936=ADVANCED_FACE('',(#212),#1742,.F.);
#1937=ADVANCED_FACE('',(#213),#38,.F.);
#1938=ADVANCED_FACE('',(#214),#39,.F.);
#1939=ADVANCED_FACE('',(#215),#85,.T.);
#1940=ADVANCED_FACE('',(#216),#40,.F.);
#1941=ADVANCED_FACE('',(#217),#41,.F.);
#1942=ADVANCED_FACE('',(#218),#86,.T.);
#1943=ADVANCED_FACE('',(#219),#87,.T.);
#1944=ADVANCED_FACE('',(#220),#88,.T.);
#1945=ADVANCED_FACE('',(#221),#1743,.T.);
#1946=ADVANCED_FACE('',(#222),#89,.T.);
#1947=ADVANCED_FACE('',(#223),#1744,.T.);
#1948=ADVANCED_FACE('',(#224),#90,.T.);
#1949=ADVANCED_FACE('',(#225),#1745,.T.);
#1950=ADVANCED_FACE('',(#226),#42,.F.);
#1951=ADVANCED_FACE('',(#227),#50,.F.);
#1952=ADVANCED_FACE('',(#228),#1746,.F.);
#1953=ADVANCED_FACE('',(#229),#43,.F.);
#1954=ADVANCED_FACE('',(#230),#44,.F.);
#1955=ADVANCED_FACE('',(#231),#91,.T.);
#1956=ADVANCED_FACE('',(#232),#45,.F.);
#1957=ADVANCED_FACE('',(#233),#46,.F.);
#1958=ADVANCED_FACE('',(#234),#92,.T.);
#1959=ADVANCED_FACE('',(#235),#93,.T.);
#1960=ADVANCED_FACE('',(#236),#94,.T.);
#1961=ADVANCED_FACE('',(#237),#1747,.T.);
#1962=ADVANCED_FACE('',(#238),#95,.T.);
#1963=ADVANCED_FACE('',(#239),#1748,.T.);
#1964=ADVANCED_FACE('',(#240),#96,.T.);
#1965=ADVANCED_FACE('',(#241),#1749,.T.);
#1966=ADVANCED_FACE('',(#242),#1750,.T.);
#1967=ADVANCED_FACE('',(#243),#97,.T.);
#1968=ADVANCED_FACE('',(#244),#1751,.T.);
#1969=ADVANCED_FACE('',(#245),#98,.T.);
#1970=ADVANCED_FACE('',(#246),#1752,.T.);
#1971=ADVANCED_FACE('',(#247),#99,.T.);
#1972=ADVANCED_FACE('',(#248),#1753,.T.);
#1973=ADVANCED_FACE('',(#249),#100,.T.);
#1974=ADVANCED_FACE('',(#250),#1754,.F.);
#1975=ADVANCED_FACE('',(#251),#1755,.F.);
#1976=ADVANCED_FACE('',(#252),#101,.T.);
#1977=ADVANCED_FACE('',(#253),#1756,.T.);
#1978=ADVANCED_FACE('',(#254),#102,.T.);
#1979=ADVANCED_FACE('',(#255),#103,.T.);
#1980=ADVANCED_FACE('',(#256),#104,.T.);
#1981=ADVANCED_FACE('',(#257),#1757,.T.);
#1982=ADVANCED_FACE('',(#258),#105,.T.);
#1983=ADVANCED_FACE('',(#259,#135,#136,#137,#138),#1758,.T.);
#1984=ADVANCED_FACE('',(#260),#106,.F.);
#1985=ADVANCED_FACE('',(#261),#107,.F.);
#1986=ADVANCED_FACE('',(#262),#108,.F.);
#1987=ADVANCED_FACE('',(#263),#109,.F.);
#1988=ADVANCED_FACE('',(#264),#110,.F.);
#1989=ADVANCED_FACE('',(#265),#111,.F.);
#1990=ADVANCED_FACE('',(#266),#112,.F.);
#1991=ADVANCED_FACE('',(#267),#113,.F.);
#1992=ADVANCED_FACE('',(#268),#114,.F.);
#1993=ADVANCED_FACE('',(#269),#115,.F.);
#1994=ADVANCED_FACE('',(#270),#116,.F.);
#1995=ADVANCED_FACE('',(#271),#117,.F.);
#1996=ADVANCED_FACE('',(#272),#65,.F.);
#1997=ADVANCED_FACE('',(#273),#118,.T.);
#1998=ADVANCED_FACE('',(#274,#139),#1759,.F.);
#1999=ADVANCED_FACE('',(#275),#66,.T.);
#2000=ADVANCED_FACE('',(#276,#140,#141,#142,#143,#144,#145,#146,#147,#148,
#149,#150,#151,#152),#1760,.F.);
#2001=ADVANCED_FACE('',(#277),#67,.T.);
#2002=ADVANCED_FACE('',(#278),#68,.T.);
#2003=ADVANCED_FACE('',(#279,#153),#119,.T.);
#2004=ADVANCED_FACE('',(#280),#1761,.F.);
#2005=ADVANCED_FACE('',(#281),#69,.T.);
#2006=ADVANCED_FACE('',(#282),#120,.T.);
#2007=ADVANCED_FACE('',(#283,#154),#1762,.F.);
#2008=ADVANCED_FACE('',(#284),#121,.F.);
#2009=ADVANCED_FACE('',(#285,#155,#156,#157,#158,#159,#160,#161,#162,#163,
#164,#165,#166),#1763,.T.);
#2010=ADVANCED_FACE('',(#286),#122,.F.);
#2011=ADVANCED_FACE('',(#287,#167),#1764,.T.);
#2012=ADVANCED_FACE('',(#288,#168),#1765,.T.);
#2013=ADVANCED_FACE('',(#289),#1766,.F.);
#2014=ADVANCED_FACE('',(#290),#123,.F.);
#2015=ADVANCED_FACE('',(#291),#124,.T.);
#2016=ADVANCED_FACE('',(#292,#169),#1767,.T.);
#2017=CLOSED_SHELL('',(#1894,#1895,#1896,#1897,#1898,#1899,#1900,#1901,
#1902,#1903,#1904));
#2018=CLOSED_SHELL('',(#1905,#1906,#1907,#1908,#1909,#1910,#1911,#1912,
#1913,#1914,#1915,#1916,#1917,#1918,#1919,#1920,#1921,#1922,#1923));
#2019=CLOSED_SHELL('',(#1924,#1925,#1926,#1927,#1928,#1929,#1930,#1931,
#1932,#1933,#1934,#1935,#1936,#1937,#1938,#1939,#1940,#1941,#1942,#1943,
#1944,#1945,#1946,#1947,#1948,#1949,#1950,#1951,#1952,#1953,#1954,#1955,
#1956,#1957,#1958,#1959,#1960,#1961,#1962,#1963,#1964,#1965,#1966,#1967,
#1968,#1969,#1970,#1971,#1972,#1973,#1974,#1975,#1976,#1977,#1978,#1979,
#1980,#1981,#1982,#1983,#1984,#1985,#1986,#1987,#1988,#1989,#1990,#1991,
#1992,#1993,#1994,#1995,#1996,#1997,#1998,#1999,#2000,#2001,#2002,#2003,
#2004,#2005,#2006,#2007,#2008,#2009,#2010,#2011,#2012,#2013,#2014,#2015,
#2016));
#2020=DERIVED_UNIT_ELEMENT(#2023,1.);
#2021=DERIVED_UNIT_ELEMENT(#4159,-3.);
#2022=DIMENSIONAL_EXPONENTS(0.,1.,0.,0.,0.,0.,0.);
#2023=(
CONVERSION_BASED_UNIT('gram',#2025)
MASS_UNIT()
NAMED_UNIT(#2022)
);
#2024=(
MASS_UNIT()
NAMED_UNIT(*)
SI_UNIT(.KILO.,.GRAM.)
);
#2025=MASS_MEASURE_WITH_UNIT(MASS_MEASURE(0.001),#2024);
#2026=DERIVED_UNIT((#2020,#2021));
#2027=MEASURE_REPRESENTATION_ITEM('density measure',
POSITIVE_RATIO_MEASURE(1.),#2026);
#2028=PROPERTY_DEFINITION_REPRESENTATION(#2033,#2030);
#2029=PROPERTY_DEFINITION_REPRESENTATION(#2034,#2031);
#2030=REPRESENTATION('material name',(#2032),#4156);
#2031=REPRESENTATION('density',(#2027),#4156);
#2032=DESCRIPTIVE_REPRESENTATION_ITEM('Generic','Generic');
#2033=PROPERTY_DEFINITION('material property','material name',#4166);
#2034=PROPERTY_DEFINITION('material property','density of part',#4166);
#2035=DATE_TIME_ROLE('creation_date');
#2036=APPLIED_DATE_AND_TIME_ASSIGNMENT(#2037,#2035,(#4166));
#2037=DATE_AND_TIME(#2038,#2039);
#2038=CALENDAR_DATE(2007,12,11);
#2039=LOCAL_TIME(0,0,0.,#2040);
#2040=COORDINATED_UNIVERSAL_TIME_OFFSET(0,0,.BEHIND.);
#2041=AXIS2_PLACEMENT_3D('',#2947,#2312,#2313);
#2042=AXIS2_PLACEMENT_3D('',#2948,#2314,#2315);
#2043=AXIS2_PLACEMENT_3D('',#2951,#2316,#2317);
#2044=AXIS2_PLACEMENT_3D('',#2955,#2319,#2320);
#2045=AXIS2_PLACEMENT_3D('',#2958,#2322,#2323);
#2046=AXIS2_PLACEMENT_3D('',#2959,#2324,#2325);
#2047=AXIS2_PLACEMENT_3D('',#2961,#2326,#2327);
#2048=AXIS2_PLACEMENT_3D('',#2963,#2328,#2329);
#2049=AXIS2_PLACEMENT_3D('',#2964,#2330,#2331);
#2050=AXIS2_PLACEMENT_3D('',#2967,#2333,#2334);
#2051=AXIS2_PLACEMENT_3D('',#2968,#2335,#2336);
#2052=AXIS2_PLACEMENT_3D('',#2974,#2340,#2341);
#2053=AXIS2_PLACEMENT_3D('',#2976,#2342,#2343);
#2054=AXIS2_PLACEMENT_3D('',#2978,#2345,#2346);
#2055=AXIS2_PLACEMENT_3D('',#2982,#2349,#2350);
#2056=AXIS2_PLACEMENT_3D('',#2983,#2351,#2352);
#2057=AXIS2_PLACEMENT_3D('',#2984,#2353,#2354);
#2058=AXIS2_PLACEMENT_3D('',#2985,#2355,#2356);
#2059=AXIS2_PLACEMENT_3D('',#2987,#2357,#2358);
#2060=AXIS2_PLACEMENT_3D('',#2989,#2360,#2361);
#2061=AXIS2_PLACEMENT_3D('',#2992,#2363,#2364);
#2062=AXIS2_PLACEMENT_3D('',#2993,#2365,#2366);
#2063=AXIS2_PLACEMENT_3D('',#2994,#2367,#2368);
#2064=AXIS2_PLACEMENT_3D('',#2996,#2369,#2370);
#2065=AXIS2_PLACEMENT_3D('',#2998,#2371,#2372);
#2066=AXIS2_PLACEMENT_3D('',#2999,#2373,#2374);
#2067=AXIS2_PLACEMENT_3D('',#3002,#2376,#2377);
#2068=AXIS2_PLACEMENT_3D('',#3003,#2378,#2379);
#2069=AXIS2_PLACEMENT_3D('',#3005,#2380,#2381);
#2070=AXIS2_PLACEMENT_3D('',#3006,#2382,#2383);
#2071=AXIS2_PLACEMENT_3D('',#3007,#2384,#2385);
#2072=AXIS2_PLACEMENT_3D('',#3009,#2386,#2387);
#2073=AXIS2_PLACEMENT_3D('',#3010,#2388,#2389);
#2074=AXIS2_PLACEMENT_3D('',#3011,#2390,#2391);
#2075=AXIS2_PLACEMENT_3D('',#3013,#2392,#2393);
#2076=AXIS2_PLACEMENT_3D('',#3014,#2394,#2395);
#2077=AXIS2_PLACEMENT_3D('',#3015,#2396,#2397);
#2078=AXIS2_PLACEMENT_3D('',#3017,#2398,#2399);
#2079=AXIS2_PLACEMENT_3D('',#3018,#2400,#2401);
#2080=AXIS2_PLACEMENT_3D('',#3019,#2402,#2403);
#2081=AXIS2_PLACEMENT_3D('',#3021,#2404,#2405);
#2082=AXIS2_PLACEMENT_3D('',#3022,#2406,#2407);
#2083=AXIS2_PLACEMENT_3D('',#3023,#2408,#2409);
#2084=AXIS2_PLACEMENT_3D('',#3025,#2410,#2411);
#2085=AXIS2_PLACEMENT_3D('',#3054,#2412,#2413);
#2086=AXIS2_PLACEMENT_3D('',#3083,#2414,#2415);
#2087=AXIS2_PLACEMENT_3D('',#3085,#2416,#2417);
#2088=AXIS2_PLACEMENT_3D('',#3086,#2418,#2419);
#2089=AXIS2_PLACEMENT_3D('',#3088,#2420,#2421);
#2090=AXIS2_PLACEMENT_3D('',#3089,#2422,#2423);
#2091=AXIS2_PLACEMENT_3D('',#3091,#2424,#2425);
#2092=AXIS2_PLACEMENT_3D('',#3092,#2426,#2427);
#2093=AXIS2_PLACEMENT_3D('',#3093,#2428,#2429);
#2094=AXIS2_PLACEMENT_3D('',#3095,#2430,#2431);
#2095=AXIS2_PLACEMENT_3D('',#3096,#2432,#2433);
#2096=AXIS2_PLACEMENT_3D('',#3097,#2434,#2435);
#2097=AXIS2_PLACEMENT_3D('',#3099,#2436,#2437);
#2098=AXIS2_PLACEMENT_3D('',#3100,#2438,#2439);
#2099=AXIS2_PLACEMENT_3D('',#3101,#2440,#2441);
#2100=AXIS2_PLACEMENT_3D('',#3103,#2442,#2443);
#2101=AXIS2_PLACEMENT_3D('',#3104,#2444,#2445);
#2102=AXIS2_PLACEMENT_3D('',#3105,#2446,#2447);
#2103=AXIS2_PLACEMENT_3D('',#3107,#2448,#2449);
#2104=AXIS2_PLACEMENT_3D('',#3108,#2450,#2451);
#2105=AXIS2_PLACEMENT_3D('',#3109,#2452,#2453);
#2106=AXIS2_PLACEMENT_3D('',#3111,#2454,#2455);
#2107=AXIS2_PLACEMENT_3D('',#3113,#2457,#2458);
#2108=AXIS2_PLACEMENT_3D('',#3115,#2459,#2460);
#2109=AXIS2_PLACEMENT_3D('',#3116,#2461,#2462);
#2110=AXIS2_PLACEMENT_3D('',#3118,#2464,#2465);
#2111=AXIS2_PLACEMENT_3D('',#3120,#2466,#2467);
#2112=AXIS2_PLACEMENT_3D('',#3122,#2468,#2469);
#2113=AXIS2_PLACEMENT_3D('',#3124,#2470,#2471);
#2114=AXIS2_PLACEMENT_3D('',#3125,#2472,#2473);
#2115=AXIS2_PLACEMENT_3D('',#3126,#2474,#2475);
#2116=AXIS2_PLACEMENT_3D('',#3128,#2476,#2477);
#2117=AXIS2_PLACEMENT_3D('',#3129,#2478,#2479);
#2118=AXIS2_PLACEMENT_3D('',#3132,#2481,#2482);
#2119=AXIS2_PLACEMENT_3D('',#3133,#2483,#2484);
#2120=AXIS2_PLACEMENT_3D('',#3135,#2485,#2486);
#2121=AXIS2_PLACEMENT_3D('',#3136,#2487,#2488);
#2122=AXIS2_PLACEMENT_3D('',#3138,#2489,#2490);
#2123=AXIS2_PLACEMENT_3D('',#3140,#2491,#2492);
#2124=AXIS2_PLACEMENT_3D('',#3141,#2493,#2494);
#2125=AXIS2_PLACEMENT_3D('',#3142,#2495,#2496);
#2126=AXIS2_PLACEMENT_3D('',#3146,#2498,#2499);
#2127=AXIS2_PLACEMENT_3D('',#3147,#2500,#2501);
#2128=AXIS2_PLACEMENT_3D('',#3148,#2502,#2503);
#2129=AXIS2_PLACEMENT_3D('',#3150,#2504,#2505);
#2130=AXIS2_PLACEMENT_3D('',#3151,#2506,#2507);
#2131=AXIS2_PLACEMENT_3D('',#3152,#2508,#2509);
#2132=AXIS2_PLACEMENT_3D('',#3154,#2510,#2511);
#2133=AXIS2_PLACEMENT_3D('',#3156,#2512,#2513);
#2134=AXIS2_PLACEMENT_3D('',#3158,#2514,#2515);
#2135=AXIS2_PLACEMENT_3D('',#3159,#2516,#2517);
#2136=AXIS2_PLACEMENT_3D('',#3160,#2518,#2519);
#2137=AXIS2_PLACEMENT_3D('',#3162,#2521,#2522);
#2138=AXIS2_PLACEMENT_3D('',#3164,#2523,#2524);
#2139=AXIS2_PLACEMENT_3D('',#3343,#2526,#2527);
#2140=AXIS2_PLACEMENT_3D('',#3439,#2529,#2530);
#2141=AXIS2_PLACEMENT_3D('',#3440,#2531,#2532);
#2142=AXIS2_PLACEMENT_3D('',#3468,#2533,#2534);
#2143=AXIS2_PLACEMENT_3D('',#3470,#2535,#2536);
#2144=AXIS2_PLACEMENT_3D('',#3471,#2537,#2538);
#2145=AXIS2_PLACEMENT_3D('',#3499,#2539,#2540);
#2146=AXIS2_PLACEMENT_3D('',#3501,#2541,#2542);
#2147=AXIS2_PLACEMENT_3D('',#3502,#2543,#2544);
#2148=AXIS2_PLACEMENT_3D('',#3503,#2545,#2546);
#2149=AXIS2_PLACEMENT_3D('',#3533,#2549,#2550);
#2150=AXIS2_PLACEMENT_3D('',#3535,#2551,#2552);
#2151=AXIS2_PLACEMENT_3D('',#3536,#2553,#2554);
#2152=AXIS2_PLACEMENT_3D('',#3564,#2555,#2556);
#2153=AXIS2_PLACEMENT_3D('',#3566,#2557,#2558);
#2154=AXIS2_PLACEMENT_3D('',#3567,#2559,#2560);
#2155=AXIS2_PLACEMENT_3D('',#3568,#2561,#2562);
#2156=AXIS2_PLACEMENT_3D('',#3571,#2565,#2566);
#2157=AXIS2_PLACEMENT_3D('',#3574,#2569,#2570);
#2158=AXIS2_PLACEMENT_3D('',#3577,#2573,#2574);
#2159=AXIS2_PLACEMENT_3D('',#3583,#2578,#2579);
#2160=AXIS2_PLACEMENT_3D('',#3586,#2581,#2582);
#2161=AXIS2_PLACEMENT_3D('',#3587,#2583,#2584);
#2162=AXIS2_PLACEMENT_3D('',#3591,#2587,#2588);
#2163=AXIS2_PLACEMENT_3D('',#3594,#2590,#2591);
#2164=AXIS2_PLACEMENT_3D('',#3595,#2592,#2593);
#2165=AXIS2_PLACEMENT_3D('',#3698,#2594,#2595);
#2166=AXIS2_PLACEMENT_3D('',#3764,#2597,#2598);
#2167=AXIS2_PLACEMENT_3D('',#3765,#2599,#2600);
#2168=AXIS2_PLACEMENT_3D('',#3793,#2601,#2602);
#2169=AXIS2_PLACEMENT_3D('',#3795,#2603,#2604);
#2170=AXIS2_PLACEMENT_3D('',#3796,#2605,#2606);
#2171=AXIS2_PLACEMENT_3D('',#3824,#2607,#2608);
#2172=AXIS2_PLACEMENT_3D('',#3826,#2609,#2610);
#2173=AXIS2_PLACEMENT_3D('',#3827,#2611,#2612);
#2174=AXIS2_PLACEMENT_3D('',#3828,#2613,#2614);
#2175=AXIS2_PLACEMENT_3D('',#3858,#2617,#2618);
#2176=AXIS2_PLACEMENT_3D('',#3860,#2619,#2620);
#2177=AXIS2_PLACEMENT_3D('',#3861,#2621,#2622);
#2178=AXIS2_PLACEMENT_3D('',#3889,#2623,#2624);
#2179=AXIS2_PLACEMENT_3D('',#3891,#2625,#2626);
#2180=AXIS2_PLACEMENT_3D('',#3892,#2627,#2628);
#2181=AXIS2_PLACEMENT_3D('',#3893,#2629,#2630);
#2182=AXIS2_PLACEMENT_3D('',#3896,#2633,#2634);
#2183=AXIS2_PLACEMENT_3D('',#3899,#2637,#2638);
#2184=AXIS2_PLACEMENT_3D('',#3902,#2641,#2642);
#2185=AXIS2_PLACEMENT_3D('',#3908,#2646,#2647);
#2186=AXIS2_PLACEMENT_3D('',#3911,#2649,#2650);
#2187=AXIS2_PLACEMENT_3D('',#3912,#2651,#2652);
#2188=AXIS2_PLACEMENT_3D('',#3916,#2655,#2656);
#2189=AXIS2_PLACEMENT_3D('',#3919,#2658,#2659);
#2190=AXIS2_PLACEMENT_3D('',#3920,#2660,#2661);
#2191=AXIS2_PLACEMENT_3D('',#3921,#2662,#2663);
#2192=AXIS2_PLACEMENT_3D('',#3925,#2666,#2667);
#2193=AXIS2_PLACEMENT_3D('',#3928,#2669,#2670);
#2194=AXIS2_PLACEMENT_3D('',#3929,#2671,#2672);
#2195=AXIS2_PLACEMENT_3D('',#3933,#2675,#2676);
#2196=AXIS2_PLACEMENT_3D('',#3934,#2677,#2678);
#2197=AXIS2_PLACEMENT_3D('',#3935,#2679,#2680);
#2198=AXIS2_PLACEMENT_3D('',#3939,#2683,#2684);
#2199=AXIS2_PLACEMENT_3D('',#3942,#2686,#2687);
#2200=AXIS2_PLACEMENT_3D('',#3943,#2688,#2689);
#2201=AXIS2_PLACEMENT_3D('',#3947,#2692,#2693);
#2202=AXIS2_PLACEMENT_3D('',#3948,#2694,#2695);
#2203=AXIS2_PLACEMENT_3D('',#3949,#2696,#2697);
#2204=AXIS2_PLACEMENT_3D('',#3952,#2698,#2699);
#2205=AXIS2_PLACEMENT_3D('',#3954,#2700,#2701);
#2206=AXIS2_PLACEMENT_3D('',#3956,#2702,#2703);
#2207=AXIS2_PLACEMENT_3D('',#3957,#2704,#2705);
#2208=AXIS2_PLACEMENT_3D('',#3958,#2706,#2707);
#2209=AXIS2_PLACEMENT_3D('',#3961,#2708,#2709);
#2210=AXIS2_PLACEMENT_3D('',#3965,#2711,#2712);
#2211=AXIS2_PLACEMENT_3D('',#3967,#2713,#2714);
#2212=AXIS2_PLACEMENT_3D('',#3969,#2715,#2716);
#2213=AXIS2_PLACEMENT_3D('',#3971,#2718,#2719);
#2214=AXIS2_PLACEMENT_3D('',#3974,#2720,#2721);
#2215=AXIS2_PLACEMENT_3D('',#3977,#2724,#2725);
#2216=AXIS2_PLACEMENT_3D('',#3983,#2729,#2730);
#2217=AXIS2_PLACEMENT_3D('',#3985,#2731,#2732);
#2218=AXIS2_PLACEMENT_3D('',#3987,#2734,#2735);
#2219=AXIS2_PLACEMENT_3D('',#3988,#2736,#2737);
#2220=AXIS2_PLACEMENT_3D('',#3990,#2738,#2739);
#2221=AXIS2_PLACEMENT_3D('',#3992,#2741,#2742);
#2222=AXIS2_PLACEMENT_3D('',#3994,#2743,#2744);
#2223=AXIS2_PLACEMENT_3D('',#3997,#2746,#2747);
#2224=AXIS2_PLACEMENT_3D('',#3998,#2748,#2749);
#2225=AXIS2_PLACEMENT_3D('',#4003,#2753,#2754);
#2226=AXIS2_PLACEMENT_3D('',#4005,#2755,#2756);
#2227=AXIS2_PLACEMENT_3D('',#4007,#2758,#2759);
#2228=AXIS2_PLACEMENT_3D('',#4008,#2760,#2761);
#2229=AXIS2_PLACEMENT_3D('',#4009,#2762,#2763);
#2230=AXIS2_PLACEMENT_3D('',#4011,#2764,#2765);
#2231=AXIS2_PLACEMENT_3D('',#4014,#2767,#2768);
#2232=AXIS2_PLACEMENT_3D('',#4015,#2769,#2770);
#2233=AXIS2_PLACEMENT_3D('',#4017,#2771,#2772);
#2234=AXIS2_PLACEMENT_3D('',#4020,#2774,#2775);
#2235=AXIS2_PLACEMENT_3D('',#4021,#2776,#2777);
#2236=AXIS2_PLACEMENT_3D('',#4023,#2778,#2779);
#2237=AXIS2_PLACEMENT_3D('',#4026,#2781,#2782);
#2238=AXIS2_PLACEMENT_3D('',#4027,#2783,#2784);
#2239=AXIS2_PLACEMENT_3D('',#4029,#2785,#2786);
#2240=AXIS2_PLACEMENT_3D('',#4032,#2788,#2789);
#2241=AXIS2_PLACEMENT_3D('',#4033,#2790,#2791);
#2242=AXIS2_PLACEMENT_3D('',#4035,#2792,#2793);
#2243=AXIS2_PLACEMENT_3D('',#4038,#2795,#2796);
#2244=AXIS2_PLACEMENT_3D('',#4039,#2797,#2798);
#2245=AXIS2_PLACEMENT_3D('',#4041,#2799,#2800);
#2246=AXIS2_PLACEMENT_3D('',#4044,#2802,#2803);
#2247=AXIS2_PLACEMENT_3D('',#4045,#2804,#2805);
#2248=AXIS2_PLACEMENT_3D('',#4047,#2806,#2807);
#2249=AXIS2_PLACEMENT_3D('',#4050,#2809,#2810);
#2250=AXIS2_PLACEMENT_3D('',#4051,#2811,#2812);
#2251=AXIS2_PLACEMENT_3D('',#4053,#2813,#2814);
#2252=AXIS2_PLACEMENT_3D('',#4056,#2816,#2817);
#2253=AXIS2_PLACEMENT_3D('',#4057,#2818,#2819);
#2254=AXIS2_PLACEMENT_3D('',#4059,#2820,#2821);
#2255=AXIS2_PLACEMENT_3D('',#4062,#2823,#2824);
#2256=AXIS2_PLACEMENT_3D('',#4063,#2825,#2826);
#2257=AXIS2_PLACEMENT_3D('',#4065,#2827,#2828);
#2258=AXIS2_PLACEMENT_3D('',#4068,#2830,#2831);
#2259=AXIS2_PLACEMENT_3D('',#4069,#2832,#2833);
#2260=AXIS2_PLACEMENT_3D('',#4071,#2834,#2835);
#2261=AXIS2_PLACEMENT_3D('',#4074,#2837,#2838);
#2262=AXIS2_PLACEMENT_3D('',#4075,#2839,#2840);
#2263=AXIS2_PLACEMENT_3D('',#4077,#2841,#2842);
#2264=AXIS2_PLACEMENT_3D('',#4080,#2844,#2845);
#2265=AXIS2_PLACEMENT_3D('',#4081,#2846,#2847);
#2266=AXIS2_PLACEMENT_3D('',#4083,#2848,#2849);
#2267=AXIS2_PLACEMENT_3D('',#4085,#2850,#2851);
#2268=AXIS2_PLACEMENT_3D('',#4086,#2852,#2853);
#2269=AXIS2_PLACEMENT_3D('',#4087,#2854,#2855);
#2270=AXIS2_PLACEMENT_3D('',#4089,#2856,#2857);
#2271=AXIS2_PLACEMENT_3D('',#4091,#2859,#2860);
#2272=AXIS2_PLACEMENT_3D('',#4093,#2861,#2862);
#2273=AXIS2_PLACEMENT_3D('',#4094,#2863,#2864);
#2274=AXIS2_PLACEMENT_3D('',#4096,#2865,#2866);
#2275=AXIS2_PLACEMENT_3D('',#4098,#2867,#2868);
#2276=AXIS2_PLACEMENT_3D('',#4099,#2869,#2870);
#2277=AXIS2_PLACEMENT_3D('',#4100,#2871,#2872);
#2278=AXIS2_PLACEMENT_3D('',#4102,#2873,#2874);
#2279=AXIS2_PLACEMENT_3D('',#4103,#2875,#2876);
#2280=AXIS2_PLACEMENT_3D('',#4104,#2877,#2878);
#2281=AXIS2_PLACEMENT_3D('',#4105,#2879,#2880);
#2282=AXIS2_PLACEMENT_3D('',#4107,#2881,#2882);
#2283=AXIS2_PLACEMENT_3D('',#4109,#2883,#2884);
#2284=AXIS2_PLACEMENT_3D('',#4110,#2885,#2886);
#2285=AXIS2_PLACEMENT_3D('',#4111,#2887,#2888);
#2286=AXIS2_PLACEMENT_3D('',#4114,#2890,#2891);
#2287=AXIS2_PLACEMENT_3D('',#4115,#2892,#2893);
#2288=AXIS2_PLACEMENT_3D('',#4116,#2894,#2895);
#2289=AXIS2_PLACEMENT_3D('',#4118,#2896,#2897);
#2290=AXIS2_PLACEMENT_3D('',#4119,#2898,#2899);
#2291=AXIS2_PLACEMENT_3D('',#4120,#2900,#2901);
#2292=AXIS2_PLACEMENT_3D('',#4123,#2903,#2904);
#2293=AXIS2_PLACEMENT_3D('',#4124,#2905,#2906);
#2294=AXIS2_PLACEMENT_3D('',#4125,#2907,#2908);
#2295=AXIS2_PLACEMENT_3D('',#4127,#2909,#2910);
#2296=AXIS2_PLACEMENT_3D('',#4130,#2912,#2913);
#2297=AXIS2_PLACEMENT_3D('',#4131,#2914,#2915);
#2298=AXIS2_PLACEMENT_3D('',#4132,#2916,#2917);
#2299=AXIS2_PLACEMENT_3D('',#4135,#2919,#2920);
#2300=AXIS2_PLACEMENT_3D('',#4136,#2921,#2922);
#2301=AXIS2_PLACEMENT_3D('',#4137,#2923,#2924);
#2302=AXIS2_PLACEMENT_3D('',#4138,#2925,#2926);
#2303=AXIS2_PLACEMENT_3D('',#4140,#2927,#2928);
#2304=AXIS2_PLACEMENT_3D('',#4141,#2929,#2930);
#2305=AXIS2_PLACEMENT_3D('',#4143,#2931,#2932);
#2306=AXIS2_PLACEMENT_3D('',#4144,#2933,#2934);
#2307=AXIS2_PLACEMENT_3D('',#4145,#2935,#2936);
#2308=AXIS2_PLACEMENT_3D('',#4147,#2937,#2938);
#2309=AXIS2_PLACEMENT_3D('',#4149,#2940,#2941);
#2310=AXIS2_PLACEMENT_3D('',#4152,#2943,#2944);
#2311=AXIS2_PLACEMENT_3D('',#4153,#2945,#2946);
#2312=DIRECTION('axis',(0.,0.,1.));
#2313=DIRECTION('refdir',(1.,0.,0.));
#2314=DIRECTION('center_axis',(-3.06443466573188E-33,-1.4769246117466E-32,
1.));
#2315=DIRECTION('ref_axis',(1.,0.,3.06443466573188E-33));
#2316=DIRECTION('center_axis',(0.,0.,1.));
#2317=DIRECTION('ref_axis',(1.,0.,0.));
#2318=DIRECTION('',(2.31686044522104E-16,-1.,0.));
#2319=DIRECTION('center_axis',(0.,0.,1.));
#2320=DIRECTION('ref_axis',(-0.198979591836734,-0.980003633683308,0.));
#2321=DIRECTION('',(-2.31686044522104E-16,1.,0.));
#2322=DIRECTION('center_axis',(0.,0.,1.));
#2323=DIRECTION('ref_axis',(1.,0.,0.));
#2324=DIRECTION('center_axis',(-3.06443466573188E-33,-1.4769246117466E-32,
1.));
#2325=DIRECTION('ref_axis',(1.,0.,3.06443466573188E-33));
#2326=DIRECTION('center_axis',(0.,0.,1.));
#2327=DIRECTION('ref_axis',(1.,0.,0.));
#2328=DIRECTION('center_axis',(3.06443466573188E-33,1.4769246117466E-32,
-1.));
#2329=DIRECTION('ref_axis',(1.,0.,0.));
#2330=DIRECTION('center_axis',(0.,0.,-1.));
#2331=DIRECTION('ref_axis',(1.,0.,0.));
#2332=DIRECTION('',(0.,0.,-1.));
#2333=DIRECTION('center_axis',(4.0859128876425E-33,-3.50296222016821E-33,
1.));
#2334=DIRECTION('ref_axis',(1.,0.,0.));
#2335=DIRECTION('center_axis',(-1.,-2.31686044522104E-16,0.));
#2336=DIRECTION('ref_axis',(0.,0.,1.));
#2337=DIRECTION('',(2.31686044522104E-16,-1.,0.));
#2338=DIRECTION('',(0.,0.,-1.));
#2339=DIRECTION('',(0.,0.,-1.));
#2340=DIRECTION('center_axis',(0.,0.,-1.));
#2341=DIRECTION('ref_axis',(-0.198979591836734,-0.980003633683308,0.));
#2342=DIRECTION('center_axis',(0.,0.,1.));
#2343=DIRECTION('ref_axis',(-0.198979591836734,-0.980003633683308,0.));
#2344=DIRECTION('',(0.,0.,-1.));
#2345=DIRECTION('center_axis',(1.,2.31686044522104E-16,0.));
#2346=DIRECTION('ref_axis',(0.,0.,-1.));
#2347=DIRECTION('',(-2.31686044522104E-16,1.,0.));
#2348=DIRECTION('',(0.,0.,-1.));
#2349=DIRECTION('center_axis',(0.,0.,-1.));
#2350=DIRECTION('ref_axis',(1.,0.,0.));
#2351=DIRECTION('center_axis',(0.,0.,1.));
#2352=DIRECTION('ref_axis',(1.,0.,0.));
#2353=DIRECTION('center_axis',(4.0859128876425E-33,-3.50296222016821E-33,
1.));
#2354=DIRECTION('ref_axis',(1.,0.,-4.0859128876425E-33));
#2355=DIRECTION('center_axis',(0.,0.,-1.));
#2356=DIRECTION('ref_axis',(1.,0.,0.));
#2357=DIRECTION('center_axis',(0.,0.,-1.));
#2358=DIRECTION('ref_axis',(1.,0.,0.));
#2359=DIRECTION('',(0.,0.,-1.));
#2360=DIRECTION('center_axis',(0.,0.,-1.));
#2361=DIRECTION('ref_axis',(1.,0.,0.));
#2362=DIRECTION('',(0.,0.,1.));
#2363=DIRECTION('center_axis',(0.,0.,1.));
#2364=DIRECTION('ref_axis',(1.,0.,0.));
#2365=DIRECTION('center_axis',(0.,0.,1.));
#2366=DIRECTION('ref_axis',(1.,0.,0.));
#2367=DIRECTION('center_axis',(0.,0.,1.));
#2368=DIRECTION('ref_axis',(1.,0.,0.));
#2369=DIRECTION('center_axis',(0.,0.,1.));
#2370=DIRECTION('ref_axis',(1.,0.,0.));
#2371=DIRECTION('center_axis',(0.,0.,1.));
#2372=DIRECTION('ref_axis',(1.,0.,0.));
#2373=DIRECTION('center_axis',(0.,0.,1.));
#2374=DIRECTION('ref_axis',(1.,0.,0.));
#2375=DIRECTION('',(0.998606419532162,1.22294015528806E-16,-0.0527751728481855));
#2376=DIRECTION('center_axis',(0.,0.,1.));
#2377=DIRECTION('ref_axis',(1.,0.,0.));
#2378=DIRECTION('center_axis',(0.,0.,1.));
#2379=DIRECTION('ref_axis',(1.,0.,0.));
#2380=DIRECTION('center_axis',(0.,0.,1.));
#2381=DIRECTION('ref_axis',(1.,0.,0.));
#2382=DIRECTION('center_axis',(1.22464679914735E-16,-1.,0.));
#2383=DIRECTION('ref_axis',(-1.,-1.22464679914735E-16,0.));
#2384=DIRECTION('center_axis',(0.,0.,1.));
#2385=DIRECTION('ref_axis',(1.,0.,0.));
#2386=DIRECTION('center_axis',(1.22464679914735E-16,-1.,0.));
#2387=DIRECTION('ref_axis',(-1.,-1.22464679914735E-16,0.));
#2388=DIRECTION('center_axis',(0.,0.,1.));
#2389=DIRECTION('ref_axis',(1.,0.,0.));
#2390=DIRECTION('center_axis',(0.,0.,1.));
#2391=DIRECTION('ref_axis',(1.,0.,0.));
#2392=DIRECTION('center_axis',(0.,0.,1.));
#2393=DIRECTION('ref_axis',(1.,0.,0.));
#2394=DIRECTION('center_axis',(1.22464679914735E-16,-1.,0.));
#2395=DIRECTION('ref_axis',(-1.,-1.22464679914735E-16,0.));
#2396=DIRECTION('center_axis',(0.,0.,1.));
#2397=DIRECTION('ref_axis',(1.,0.,0.));
#2398=DIRECTION('center_axis',(1.22464679914735E-16,-1.,0.));
#2399=DIRECTION('ref_axis',(-1.,-1.22464679914735E-16,0.));
#2400=DIRECTION('center_axis',(0.,0.,1.));
#2401=DIRECTION('ref_axis',(1.,0.,0.));
#2402=DIRECTION('center_axis',(0.,0.,1.));
#2403=DIRECTION('ref_axis',(1.,0.,0.));
#2404=DIRECTION('center_axis',(0.,0.,1.));
#2405=DIRECTION('ref_axis',(1.,0.,0.));
#2406=DIRECTION('center_axis',(1.22464679914735E-16,-1.,0.));
#2407=DIRECTION('ref_axis',(-1.,-1.22464679914735E-16,0.));
#2408=DIRECTION('center_axis',(0.,0.,1.));
#2409=DIRECTION('ref_axis',(1.,0.,0.));
#2410=DIRECTION('center_axis',(0.,0.,1.));
#2411=DIRECTION('ref_axis',(1.,0.,0.));
#2412=DIRECTION('center_axis',(1.22464679914735E-16,-1.,0.));
#2413=DIRECTION('ref_axis',(-1.,-1.22464679914735E-16,0.));
#2414=DIRECTION('center_axis',(0.,0.,1.));
#2415=DIRECTION('ref_axis',(1.,0.,0.));
#2416=DIRECTION('center_axis',(1.22464679914735E-16,-1.,0.));
#2417=DIRECTION('ref_axis',(-1.,-1.22464679914735E-16,0.));
#2418=DIRECTION('center_axis',(0.,0.,-1.));
#2419=DIRECTION('ref_axis',(-1.,0.,0.));
#2420=DIRECTION('center_axis',(0.,0.,1.));
#2421=DIRECTION('ref_axis',(1.,0.,0.));
#2422=DIRECTION('center_axis',(0.,0.,1.));
#2423=DIRECTION('ref_axis',(1.,0.,0.));
#2424=DIRECTION('center_axis',(1.22464679914735E-16,-1.,0.));
#2425=DIRECTION('ref_axis',(-1.,-1.22464679914735E-16,0.));
#2426=DIRECTION('center_axis',(0.,0.,1.));
#2427=DIRECTION('ref_axis',(1.,0.,0.));
#2428=DIRECTION('center_axis',(0.,0.,1.));
#2429=DIRECTION('ref_axis',(1.,0.,0.));
#2430=DIRECTION('center_axis',(0.,0.,1.));
#2431=DIRECTION('ref_axis',(1.,0.,0.));
#2432=DIRECTION('center_axis',(1.22464679914735E-16,-1.,0.));
#2433=DIRECTION('ref_axis',(-1.,-1.22464679914735E-16,0.));
#2434=DIRECTION('center_axis',(0.,0.,1.));
#2435=DIRECTION('ref_axis',(1.,0.,0.));
#2436=DIRECTION('center_axis',(1.22464679914735E-16,-1.,0.));
#2437=DIRECTION('ref_axis',(-1.,-1.22464679914735E-16,0.));
#2438=DIRECTION('center_axis',(0.,0.,1.));
#2439=DIRECTION('ref_axis',(1.,0.,0.));
#2440=DIRECTION('center_axis',(0.,0.,1.));
#2441=DIRECTION('ref_axis',(1.,0.,0.));
#2442=DIRECTION('center_axis',(0.,0.,1.));
#2443=DIRECTION('ref_axis',(1.,0.,0.));
#2444=DIRECTION('center_axis',(1.22464679914735E-16,-1.,0.));
#2445=DIRECTION('ref_axis',(-1.,-1.22464679914735E-16,0.));
#2446=DIRECTION('center_axis',(0.,0.,1.));
#2447=DIRECTION('ref_axis',(1.,0.,0.));
#2448=DIRECTION('center_axis',(1.22464679914735E-16,-1.,0.));
#2449=DIRECTION('ref_axis',(-1.,-1.22464679914735E-16,0.));
#2450=DIRECTION('center_axis',(0.,0.,1.));
#2451=DIRECTION('ref_axis',(1.,0.,0.));
#2452=DIRECTION('center_axis',(0.,0.,1.));
#2453=DIRECTION('ref_axis',(1.,0.,0.));
#2454=DIRECTION('center_axis',(0.,0.,1.));
#2455=DIRECTION('ref_axis',(1.,0.,0.));
#2456=DIRECTION('',(0.998606419532162,1.22294015528806E-16,-0.0527751728481858));
#2457=DIRECTION('center_axis',(0.,0.,-1.));
#2458=DIRECTION('ref_axis',(-1.,0.,0.));
#2459=DIRECTION('center_axis',(0.,0.,1.));
#2460=DIRECTION('ref_axis',(1.,0.,0.));
#2461=DIRECTION('center_axis',(0.,0.,1.));
#2462=DIRECTION('ref_axis',(1.,0.,0.));
#2463=DIRECTION('',(0.,0.,-1.));
#2464=DIRECTION('center_axis',(0.,0.,-1.));
#2465=DIRECTION('ref_axis',(-1.,0.,0.));
#2466=DIRECTION('center_axis',(0.,0.,-1.));
#2467=DIRECTION('ref_axis',(0.,1.,0.));
#2468=DIRECTION('center_axis',(-1.22464679914735E-16,-1.,0.));
#2469=DIRECTION('ref_axis',(1.,-1.22464679914735E-16,0.));
#2470=DIRECTION('center_axis',(0.,0.,-1.));
#2471=DIRECTION('ref_axis',(0.,1.,0.));
#2472=DIRECTION('center_axis',(0.,0.,-1.));
#2473=DIRECTION('ref_axis',(0.,1.,0.));
#2474=DIRECTION('center_axis',(0.,0.,-1.));
#2475=DIRECTION('ref_axis',(-1.,0.,0.));
#2476=DIRECTION('center_axis',(0.,0.,-1.));
#2477=DIRECTION('ref_axis',(0.,1.,0.));
#2478=DIRECTION('center_axis',(0.,0.,-1.));
#2479=DIRECTION('ref_axis',(0.,1.,0.));
#2480=DIRECTION('',(0.,0.,1.));
#2481=DIRECTION('center_axis',(0.,0.,-1.));
#2482=DIRECTION('ref_axis',(0.,1.,0.));
#2483=DIRECTION('center_axis',(0.,0.,1.));
#2484=DIRECTION('ref_axis',(1.,0.,0.));
#2485=DIRECTION('center_axis',(0.,0.,-1.));
#2486=DIRECTION('ref_axis',(0.,1.,0.));
#2487=DIRECTION('center_axis',(0.,0.,-1.));
#2488=DIRECTION('ref_axis',(-1.,0.,0.));
#2489=DIRECTION('center_axis',(-1.22464679914735E-16,-1.,0.));
#2490=DIRECTION('ref_axis',(1.,-1.22464679914735E-16,0.));
#2491=DIRECTION('center_axis',(0.,0.,-1.));
#2492=DIRECTION('ref_axis',(0.,1.,0.));
#2493=DIRECTION('center_axis',(0.,0.,-1.));
#2494=DIRECTION('ref_axis',(0.,1.,0.));
#2495=DIRECTION('center_axis',(0.,0.,-1.));
#2496=DIRECTION('ref_axis',(0.,1.,0.));
#2497=DIRECTION('',(0.,0.,1.));
#2498=DIRECTION('center_axis',(0.,0.,-1.));
#2499=DIRECTION('ref_axis',(0.,1.,0.));
#2500=DIRECTION('center_axis',(0.,0.,-1.));
#2501=DIRECTION('ref_axis',(0.,1.,0.));
#2502=DIRECTION('center_axis',(0.,0.,-1.));
#2503=DIRECTION('ref_axis',(-1.,0.,0.));
#2504=DIRECTION('center_axis',(0.,0.,-1.));
#2505=DIRECTION('ref_axis',(-1.,0.,0.));
#2506=DIRECTION('center_axis',(-1.22464679914735E-16,-1.,0.));
#2507=DIRECTION('ref_axis',(1.,-1.22464679914735E-16,0.));
#2508=DIRECTION('center_axis',(0.,0.,-1.));
#2509=DIRECTION('ref_axis',(-1.,0.,0.));
#2510=DIRECTION('center_axis',(0.,0.,1.));
#2511=DIRECTION('ref_axis',(-1.,0.,0.));
#2512=DIRECTION('center_axis',(-1.22464679914735E-16,-1.,0.));
#2513=DIRECTION('ref_axis',(1.,-1.22464679914735E-16,0.));
#2514=DIRECTION('center_axis',(0.,0.,-1.));
#2515=DIRECTION('ref_axis',(0.,1.,0.));
#2516=DIRECTION('center_axis',(0.,0.,-1.));
#2517=DIRECTION('ref_axis',(0.,1.,0.));
#2518=DIRECTION('center_axis',(0.,0.,-1.));
#2519=DIRECTION('ref_axis',(0.,1.,0.));
#2520=DIRECTION('',(0.,0.,1.));
#2521=DIRECTION('center_axis',(0.,0.,1.));
#2522=DIRECTION('ref_axis',(-1.,0.,0.));
#2523=DIRECTION('center_axis',(0.,0.,1.));
#2524=DIRECTION('ref_axis',(-1.,0.,0.));
#2525=DIRECTION('',(0.,0.,1.));
#2526=DIRECTION('center_axis',(0.644135765802492,0.764911181258346,0.));
#2527=DIRECTION('ref_axis',(-0.764911181258346,0.644135765802492,0.));
#2528=DIRECTION('',(0.,0.,-1.));
#2529=DIRECTION('center_axis',(-1.7497630695471E-32,1.76981609946831E-30,
-1.));
#2530=DIRECTION('ref_axis',(-0.644135765802492,-0.764911181258346,0.));
#2531=DIRECTION('center_axis',(-1.74976306954712E-32,1.76981609946831E-30,
-1.));
#2532=DIRECTION('ref_axis',(-1.,0.,1.74976306954712E-32));
#2533=DIRECTION('center_axis',(0.,0.,1.));
#2534=DIRECTION('ref_axis',(0.544191084752339,-0.838961300225507,0.));
#2535=DIRECTION('center_axis',(0.111544403743063,-0.993759450769453,-1.54798956629541E-16));
#2536=DIRECTION('ref_axis',(0.993759450769453,0.111544403743063,0.));
#2537=DIRECTION('center_axis',(0.507020147467223,0.861934202861399,0.));
#2538=DIRECTION('ref_axis',(0.861934202861399,-0.507020147467223,0.));
#2539=DIRECTION('center_axis',(0.,0.,1.));
#2540=DIRECTION('ref_axis',(-0.838961300225506,-0.54419108475234,0.));
#2541=DIRECTION('center_axis',(-0.993759450769453,-0.111544403743065,-1.37911827897887E-15));
#2542=DIRECTION('ref_axis',(0.111544403743065,-0.993759450769453,0.));
#2543=DIRECTION('center_axis',(0.861934202861399,-0.507020147467224,-1.19617399716082E-15));
#2544=DIRECTION('ref_axis',(-0.507020147467224,-0.861934202861399,0.));
#2545=DIRECTION('center_axis',(-0.838961300225508,-0.544191084752337,3.79119271301536E-30));
#2546=DIRECTION('ref_axis',(0.384801206289639,-0.593235224542541,0.707106781186548));
#2547=DIRECTION('',(-0.838961300225508,-0.544191084752337,3.79119271301536E-30));
#2548=DIRECTION('',(0.838961300225508,0.544191084752337,-3.79119271301536E-30));
#2549=DIRECTION('center_axis',(0.,0.,1.));
#2550=DIRECTION('ref_axis',(0.838961300225506,0.544191084752339,0.));
#2551=DIRECTION('center_axis',(0.993759450769453,0.111544403743063,0.));
#2552=DIRECTION('ref_axis',(-0.111544403743063,0.993759450769453,0.));
#2553=DIRECTION('center_axis',(-0.861934202861399,0.507020147467224,0.));
#2554=DIRECTION('ref_axis',(0.507020147467224,0.861934202861399,0.));
#2555=DIRECTION('center_axis',(0.,0.,1.));
#2556=DIRECTION('ref_axis',(-0.544191084752338,0.838961300225507,0.));
#2557=DIRECTION('center_axis',(-0.111544403743066,0.993759450769453,0.));
#2558=DIRECTION('ref_axis',(-0.993759450769453,-0.111544403743066,0.));
#2559=DIRECTION('center_axis',(-0.507020147467225,-0.861934202861398,0.));
#2560=DIRECTION('ref_axis',(-0.861934202861398,0.507020147467225,0.));
#2561=DIRECTION('center_axis',(-0.544191084752337,0.838961300225508,1.03805180359918E-30));
#2562=DIRECTION('ref_axis',(-0.593235224542539,-0.384801206289641,0.707106781186548));
#2563=DIRECTION('',(-0.544191084752337,0.838961300225508,1.03805180359918E-30));
#2564=DIRECTION('',(0.544191084752337,-0.838961300225508,-1.03805180359918E-30));
#2565=DIRECTION('center_axis',(0.838961300225508,0.544191084752336,-3.79119271301536E-30));
#2566=DIRECTION('ref_axis',(-0.384801206289639,0.593235224542541,0.707106781186548));
#2567=DIRECTION('',(-0.838961300225508,-0.544191084752336,3.79119271301536E-30));
#2568=DIRECTION('',(0.838961300225508,0.544191084752336,-3.79119271301536E-30));
#2569=DIRECTION('center_axis',(0.544191084752337,-0.838961300225508,-1.03805180359918E-30));
#2570=DIRECTION('ref_axis',(0.593235224542539,0.384801206289641,0.707106781186548));
#2571=DIRECTION('',(-0.544191084752337,0.838961300225508,1.03805180359918E-30));
#2572=DIRECTION('',(0.544191084752337,-0.838961300225508,-1.03805180359918E-30));
#2573=DIRECTION('center_axis',(0.544191084752337,-0.838961300225508,0.));
#2574=DIRECTION('ref_axis',(0.,0.,-1.));
#2575=DIRECTION('',(0.,0.,1.));
#2576=DIRECTION('',(-0.838961300225508,-0.544191084752337,-9.48438307982673E-31));
#2577=DIRECTION('',(0.,0.,1.));
#2578=DIRECTION('center_axis',(0.,0.,1.));
#2579=DIRECTION('ref_axis',(-0.838961300225506,-0.54419108475234,0.));
#2580=DIRECTION('',(0.,0.,1.));
#2581=DIRECTION('center_axis',(-1.7497630695471E-32,1.76981609946831E-30,
-1.));
#2582=DIRECTION('ref_axis',(-0.838961300225506,-0.54419108475234,0.));
#2583=DIRECTION('center_axis',(-0.838961300225508,-0.544191084752337,0.));
#2584=DIRECTION('ref_axis',(0.,0.,1.));
#2585=DIRECTION('',(0.,0.,1.));
#2586=DIRECTION('',(-0.544191084752337,0.838961300225508,1.49432927059874E-30));
#2587=DIRECTION('center_axis',(0.,0.,1.));
#2588=DIRECTION('ref_axis',(-0.544191084752344,0.838961300225503,0.));
#2589=DIRECTION('',(0.,0.,1.));
#2590=DIRECTION('center_axis',(-1.7497630695471E-32,1.76981609946831E-30,
-1.));
#2591=DIRECTION('ref_axis',(-0.544191084752344,0.838961300225503,0.));
#2592=DIRECTION('center_axis',(3.74556250494659E-30,1.19224798415198E-30,
1.));
#2593=DIRECTION('ref_axis',(1.,0.,-3.74556250494659E-30));
#2594=DIRECTION('center_axis',(0.93774876673254,0.347314339599737,0.));
#2595=DIRECTION('ref_axis',(-0.347314339599737,0.937748766732539,0.));
#2596=DIRECTION('',(0.,0.,-1.));
#2597=DIRECTION('center_axis',(-1.7497630695471E-32,1.76981609946831E-30,
-1.));
#2598=DIRECTION('ref_axis',(-0.937748766732539,-0.347314339599737,0.));
#2599=DIRECTION('center_axis',(-1.7497630695471E-32,1.76981609946831E-30,
-1.));
#2600=DIRECTION('ref_axis',(-1.,0.,1.7497630695471E-32));
#2601=DIRECTION('center_axis',(0.,0.,1.));
#2602=DIRECTION('ref_axis',(0.551629773381745,0.834089079846275,0.));
#2603=DIRECTION('center_axis',(0.866408645043058,0.499335618391731,0.));
#2604=DIRECTION('ref_axis',(-0.499335618391731,0.866408645043058,0.));
#2605=DIRECTION('center_axis',(-0.992728287069485,0.120376692312446,3.3411243858374E-16));
#2606=DIRECTION('ref_axis',(0.120376692312446,0.992728287069485,0.));
#2607=DIRECTION('center_axis',(0.,0.,1.));
#2608=DIRECTION('ref_axis',(0.834089079846277,-0.551629773381741,0.));
#2609=DIRECTION('center_axis',(0.499335618391732,-0.866408645043057,0.));
#2610=DIRECTION('ref_axis',(0.866408645043057,0.499335618391732,0.));
#2611=DIRECTION('center_axis',(0.120376692312447,0.992728287069485,0.));
#2612=DIRECTION('ref_axis',(0.992728287069485,-0.120376692312447,0.));
#2613=DIRECTION('center_axis',(0.834089079846276,-0.551629773381742,4.96443171388445E-31));
#2614=DIRECTION('ref_axis',(0.390061153462627,0.589790044472948,0.707106781186549));
#2615=DIRECTION('',(0.834089079846276,-0.551629773381742,4.96443171388445E-31));
#2616=DIRECTION('',(-0.834089079846276,0.551629773381742,-4.96443171388445E-31));
#2617=DIRECTION('center_axis',(0.,0.,1.));
#2618=DIRECTION('ref_axis',(-0.834089079846276,0.551629773381742,0.));
#2619=DIRECTION('center_axis',(-0.499335618391734,0.866408645043056,-6.9296737569243E-16));
#2620=DIRECTION('ref_axis',(-0.866408645043056,-0.499335618391734,0.));
#2621=DIRECTION('center_axis',(-0.120376692312447,-0.992728287069485,1.6705621929187E-16));
#2622=DIRECTION('ref_axis',(-0.992728287069485,0.120376692312447,0.));
#2623=DIRECTION('center_axis',(0.,0.,1.));
#2624=DIRECTION('ref_axis',(-0.551629773381741,-0.834089079846277,0.));
#2625=DIRECTION('center_axis',(-0.866408645043059,-0.499335618391729,0.));
#2626=DIRECTION('ref_axis',(0.499335618391729,-0.866408645043059,0.));
#2627=DIRECTION('center_axis',(0.992728287069486,-0.120376692312444,0.));
#2628=DIRECTION('ref_axis',(-0.120376692312444,-0.992728287069486,0.));
#2629=DIRECTION('center_axis',(-0.551629773381742,-0.834089079846276,2.79073781326944E-31));
#2630=DIRECTION('ref_axis',(0.589790044472948,-0.39006115346263,0.707106781186547));
#2631=DIRECTION('',(-0.551629773381742,-0.834089079846276,2.79073781326944E-31));
#2632=DIRECTION('',(0.551629773381742,0.834089079846276,-2.79073781326944E-31));
#2633=DIRECTION('center_axis',(-0.834089079846277,0.551629773381741,-4.96443171388445E-31));
#2634=DIRECTION('ref_axis',(-0.390061153462626,-0.589790044472951,0.707106781186548));
#2635=DIRECTION('',(0.834089079846277,-0.551629773381741,4.96443171388445E-31));
#2636=DIRECTION('',(-0.834089079846277,0.551629773381741,-4.96443171388445E-31));
#2637=DIRECTION('center_axis',(0.551629773381741,0.834089079846277,-2.79073781326945E-31));
#2638=DIRECTION('ref_axis',(-0.589790044472951,0.390061153462626,0.707106781186548));
#2639=DIRECTION('',(-0.551629773381741,-0.834089079846277,2.79073781326945E-31));
#2640=DIRECTION('',(0.551629773381741,0.834089079846277,-2.79073781326945E-31));
#2641=DIRECTION('center_axis',(0.551629773381742,0.834089079846276,0.));
#2642=DIRECTION('ref_axis',(0.,0.,-1.));
#2643=DIRECTION('',(0.,0.,1.));
#2644=DIRECTION('',(0.834089079846276,-0.551629773381742,-9.9087783656334E-31));
#2645=DIRECTION('',(0.,0.,1.));
#2646=DIRECTION('center_axis',(0.,0.,1.));
#2647=DIRECTION('ref_axis',(0.834089079846278,-0.551629773381739,0.));
#2648=DIRECTION('',(0.,0.,1.));
#2649=DIRECTION('center_axis',(-1.7497630695471E-32,1.76981609946831E-30,
-1.));
#2650=DIRECTION('ref_axis',(0.834089079846278,-0.551629773381739,0.));
#2651=DIRECTION('center_axis',(0.834089079846276,-0.551629773381742,0.));
#2652=DIRECTION('ref_axis',(0.,0.,-1.));
#2653=DIRECTION('',(0.,0.,1.));
#2654=DIRECTION('',(-0.551629773381742,-0.834089079846276,-1.46653206784739E-30));
#2655=DIRECTION('center_axis',(0.,0.,1.));
#2656=DIRECTION('ref_axis',(-0.551629773381749,-0.834089079846272,0.));
#2657=DIRECTION('',(0.,0.,1.));
#2658=DIRECTION('center_axis',(-1.7497630695471E-32,1.76981609946831E-30,
-1.));
#2659=DIRECTION('ref_axis',(-0.551629773381749,-0.834089079846272,0.));
#2660=DIRECTION('center_axis',(-2.60132421269187E-31,5.06625227606133E-31,
1.));
#2661=DIRECTION('ref_axis',(1.,0.,2.60132421269187E-31));
#2662=DIRECTION('center_axis',(-0.551629773381741,-0.834089079846277,0.));
#2663=DIRECTION('ref_axis',(0.,0.,1.));
#2664=DIRECTION('',(0.,0.,1.));
#2665=DIRECTION('',(-0.834089079846277,0.551629773381741,9.90877836563339E-31));
#2666=DIRECTION('center_axis',(0.,0.,1.));
#2667=DIRECTION('ref_axis',(-0.834089079846278,0.551629773381739,0.));
#2668=DIRECTION('',(0.,0.,1.));
#2669=DIRECTION('center_axis',(-1.7497630695471E-32,1.76981609946831E-30,
-1.));
#2670=DIRECTION('ref_axis',(-0.834089079846278,0.551629773381739,0.));
#2671=DIRECTION('center_axis',(-0.834089079846277,0.551629773381741,0.));
#2672=DIRECTION('ref_axis',(0.,0.,1.));
#2673=DIRECTION('',(0.,0.,1.));
#2674=DIRECTION('',(0.551629773381741,0.834089079846277,1.46653206784739E-30));
#2675=DIRECTION('center_axis',(0.,0.,1.));
#2676=DIRECTION('ref_axis',(0.551629773381741,0.834089079846277,0.));
#2677=DIRECTION('center_axis',(-1.7497630695471E-32,1.76981609946831E-30,
-1.));
#2678=DIRECTION('ref_axis',(0.551629773381741,0.834089079846277,0.));
#2679=DIRECTION('center_axis',(-0.544191084752336,0.838961300225508,0.));
#2680=DIRECTION('ref_axis',(0.,0.,1.));
#2681=DIRECTION('',(0.,0.,1.));
#2682=DIRECTION('',(0.838961300225508,0.544191084752336,9.48438307982673E-31));
#2683=DIRECTION('center_axis',(0.,0.,1.));
#2684=DIRECTION('ref_axis',(0.838961300225506,0.54419108475234,0.));
#2685=DIRECTION('',(0.,0.,1.));
#2686=DIRECTION('center_axis',(-1.7497630695471E-32,1.76981609946831E-30,
-1.));
#2687=DIRECTION('ref_axis',(0.838961300225506,0.54419108475234,0.));
#2688=DIRECTION('center_axis',(0.838961300225508,0.544191084752337,0.));
#2689=DIRECTION('ref_axis',(0.,0.,-1.));
#2690=DIRECTION('',(0.,0.,1.));
#2691=DIRECTION('',(0.544191084752337,-0.838961300225508,-1.49432927059874E-30));
#2692=DIRECTION('center_axis',(0.,0.,1.));
#2693=DIRECTION('ref_axis',(0.544191084752338,-0.838961300225507,0.));
#2694=DIRECTION('center_axis',(-1.7497630695471E-32,1.76981609946831E-30,
-1.));
#2695=DIRECTION('ref_axis',(0.544191084752338,-0.838961300225507,0.));
#2696=DIRECTION('center_axis',(-2.62464460432066E-32,-1.70329681554752E-30,
1.));
#2697=DIRECTION('ref_axis',(1.,0.,2.62464460432066E-32));
#2698=DIRECTION('center_axis',(0.,0.,-1.));
#2699=DIRECTION('ref_axis',(-1.,0.,0.));
#2700=DIRECTION('center_axis',(0.,0.,-1.));
#2701=DIRECTION('ref_axis',(-0.628276639315832,0.777990015675011,0.));
#2702=DIRECTION('center_axis',(0.,0.,-1.));
#2703=DIRECTION('ref_axis',(0.628276639315831,0.777990015675012,0.));
#2704=DIRECTION('center_axis',(0.,0.,-1.));
#2705=DIRECTION('ref_axis',(0.847796571545206,-0.530321575344804,0.));
#2706=DIRECTION('center_axis',(-2.62464460432066E-32,-1.70329681554752E-30,
1.));
#2707=DIRECTION('ref_axis',(1.,0.,2.62464460432066E-32));
#2708=DIRECTION('center_axis',(0.,0.,-1.));
#2709=DIRECTION('ref_axis',(-1.,0.,0.));
#2710=DIRECTION('',(0.530321575344805,0.847796571545205,0.));
#2711=DIRECTION('center_axis',(0.,0.,-1.));
#2712=DIRECTION('ref_axis',(-0.672375890744884,-0.740209876687027,0.));
#2713=DIRECTION('center_axis',(2.62464460432066E-32,1.70329681554752E-30,
-1.));
#2714=DIRECTION('ref_axis',(-1.,0.,0.));
#2715=DIRECTION('center_axis',(0.,0.,-1.));
#2716=DIRECTION('ref_axis',(-0.847796571545205,-0.530321575344806,0.));
#2717=DIRECTION('',(0.530321575344805,-0.847796571545205,0.));
#2718=DIRECTION('center_axis',(0.,0.,1.));
#2719=DIRECTION('ref_axis',(-0.847796571545205,-0.530321575344806,0.));
#2720=DIRECTION('center_axis',(0.,0.,-1.));
#2721=DIRECTION('ref_axis',(-0.847796571545205,-0.530321575344806,0.));
#2722=DIRECTION('',(0.,0.,1.));
#2723=DIRECTION('',(0.,0.,1.));
#2724=DIRECTION('center_axis',(0.847796571545205,0.530321575344805,0.));
#2725=DIRECTION('ref_axis',(0.,0.,-1.));
#2726=DIRECTION('',(0.530321575344805,-0.847796571545205,0.));
#2727=DIRECTION('',(0.,0.,1.));
#2728=DIRECTION('',(0.530321575344805,-0.847796571545205,0.));
#2729=DIRECTION('center_axis',(0.,0.,1.));
#2730=DIRECTION('ref_axis',(-0.628276639315832,0.777990015675011,0.));
#2731=DIRECTION('center_axis',(0.,0.,-1.));
#2732=DIRECTION('ref_axis',(-0.628276639315832,0.777990015675011,0.));
#2733=DIRECTION('',(0.,0.,1.));
#2734=DIRECTION('center_axis',(0.,0.,-1.));
#2735=DIRECTION('ref_axis',(-0.628276639315832,0.777990015675011,0.));
#2736=DIRECTION('center_axis',(0.,0.,1.));
#2737=DIRECTION('ref_axis',(0.628276639315831,0.777990015675012,0.));
#2738=DIRECTION('center_axis',(0.,0.,-1.));
#2739=DIRECTION('ref_axis',(0.628276639315831,0.777990015675012,0.));
#2740=DIRECTION('',(0.,0.,1.));
#2741=DIRECTION('center_axis',(0.,0.,1.));
#2742=DIRECTION('ref_axis',(0.847796571545206,-0.530321575344804,0.));
#2743=DIRECTION('center_axis',(0.,0.,-1.));
#2744=DIRECTION('ref_axis',(0.847796571545206,-0.530321575344804,0.));
#2745=DIRECTION('',(0.,0.,1.));
#2746=DIRECTION('center_axis',(0.,0.,-1.));
#2747=DIRECTION('ref_axis',(0.847796571545206,-0.530321575344804,0.));
#2748=DIRECTION('center_axis',(-0.847796571545205,0.530321575344805,0.));
#2749=DIRECTION('ref_axis',(0.,0.,1.));
#2750=DIRECTION('',(0.530321575344805,0.847796571545205,0.));
#2751=DIRECTION('',(0.,0.,1.));
#2752=DIRECTION('',(0.530321575344805,0.847796571545205,0.));
#2753=DIRECTION('center_axis',(0.,0.,1.));
#2754=DIRECTION('ref_axis',(-0.672375890744884,-0.740209876687027,0.));
#2755=DIRECTION('center_axis',(0.,0.,-1.));
#2756=DIRECTION('ref_axis',(-0.672375890744884,-0.740209876687027,0.));
#2757=DIRECTION('',(0.,0.,1.));
#2758=DIRECTION('center_axis',(1.7497630695471E-32,-1.76981609946831E-30,
1.));
#2759=DIRECTION('ref_axis',(1.,0.,-1.7497630695471E-32));
#2760=DIRECTION('center_axis',(1.7497630695471E-32,-1.76981609946831E-30,
1.));
#2761=DIRECTION('ref_axis',(-1.,0.,0.));
#2762=DIRECTION('center_axis',(0.,0.,-1.));
#2763=DIRECTION('ref_axis',(-1.,0.,0.));
#2764=DIRECTION('center_axis',(0.,0.,-1.));
#2765=DIRECTION('ref_axis',(-1.,0.,0.));
#2766=DIRECTION('',(0.,0.,-1.));
#2767=DIRECTION('center_axis',(0.,0.,1.));
#2768=DIRECTION('ref_axis',(-1.,0.,0.));
#2769=DIRECTION('center_axis',(0.,0.,-1.));
#2770=DIRECTION('ref_axis',(-1.,0.,0.));
#2771=DIRECTION('center_axis',(0.,0.,-1.));
#2772=DIRECTION('ref_axis',(-1.,0.,0.));
#2773=DIRECTION('',(0.,0.,-1.));
#2774=DIRECTION('center_axis',(0.,0.,1.));
#2775=DIRECTION('ref_axis',(-1.,0.,0.));
#2776=DIRECTION('center_axis',(0.,0.,-1.));
#2777=DIRECTION('ref_axis',(-1.,0.,0.));
#2778=DIRECTION('center_axis',(0.,0.,-1.));
#2779=DIRECTION('ref_axis',(-1.,0.,0.));
#2780=DIRECTION('',(0.,0.,-1.));
#2781=DIRECTION('center_axis',(0.,0.,1.));
#2782=DIRECTION('ref_axis',(-1.,0.,0.));
#2783=DIRECTION('center_axis',(0.,0.,-1.));
#2784=DIRECTION('ref_axis',(-1.,0.,0.));
#2785=DIRECTION('center_axis',(0.,0.,-1.));
#2786=DIRECTION('ref_axis',(-1.,0.,0.));
#2787=DIRECTION('',(0.,0.,-1.));
#2788=DIRECTION('center_axis',(0.,0.,1.));
#2789=DIRECTION('ref_axis',(-1.,0.,0.));
#2790=DIRECTION('center_axis',(0.,0.,-1.));
#2791=DIRECTION('ref_axis',(-1.,0.,0.));
#2792=DIRECTION('center_axis',(0.,0.,-1.));
#2793=DIRECTION('ref_axis',(-1.,0.,0.));
#2794=DIRECTION('',(0.,0.,-1.));
#2795=DIRECTION('center_axis',(0.,0.,1.));
#2796=DIRECTION('ref_axis',(-1.,0.,0.));
#2797=DIRECTION('center_axis',(0.,0.,-1.));
#2798=DIRECTION('ref_axis',(-1.,0.,0.));
#2799=DIRECTION('center_axis',(0.,0.,-1.));
#2800=DIRECTION('ref_axis',(-1.,0.,0.));
#2801=DIRECTION('',(0.,0.,-1.));
#2802=DIRECTION('center_axis',(0.,0.,1.));
#2803=DIRECTION('ref_axis',(-1.,0.,0.));
#2804=DIRECTION('center_axis',(0.,0.,-1.));
#2805=DIRECTION('ref_axis',(-1.,0.,0.));
#2806=DIRECTION('center_axis',(0.,0.,-1.));
#2807=DIRECTION('ref_axis',(-1.,0.,0.));
#2808=DIRECTION('',(0.,0.,-1.));
#2809=DIRECTION('center_axis',(0.,0.,1.));
#2810=DIRECTION('ref_axis',(-1.,0.,0.));
#2811=DIRECTION('center_axis',(0.,0.,-1.));
#2812=DIRECTION('ref_axis',(-1.,0.,0.));
#2813=DIRECTION('center_axis',(0.,0.,-1.));
#2814=DIRECTION('ref_axis',(-1.,0.,0.));
#2815=DIRECTION('',(0.,0.,-1.));
#2816=DIRECTION('center_axis',(0.,0.,1.));
#2817=DIRECTION('ref_axis',(-1.,0.,0.));
#2818=DIRECTION('center_axis',(0.,0.,-1.));
#2819=DIRECTION('ref_axis',(-1.,0.,0.));
#2820=DIRECTION('center_axis',(0.,0.,-1.));
#2821=DIRECTION('ref_axis',(-1.,0.,0.));
#2822=DIRECTION('',(0.,0.,-1.));
#2823=DIRECTION('center_axis',(0.,0.,1.));
#2824=DIRECTION('ref_axis',(-1.,0.,0.));
#2825=DIRECTION('center_axis',(0.,0.,-1.));
#2826=DIRECTION('ref_axis',(-1.,0.,0.));
#2827=DIRECTION('center_axis',(0.,0.,-1.));
#2828=DIRECTION('ref_axis',(-1.,0.,0.));
#2829=DIRECTION('',(0.,0.,-1.));
#2830=DIRECTION('center_axis',(0.,0.,1.));
#2831=DIRECTION('ref_axis',(-1.,0.,0.));
#2832=DIRECTION('center_axis',(0.,0.,-1.));
#2833=DIRECTION('ref_axis',(-1.,0.,0.));
#2834=DIRECTION('center_axis',(0.,0.,-1.));
#2835=DIRECTION('ref_axis',(-1.,0.,0.));
#2836=DIRECTION('',(0.,0.,-1.));
#2837=DIRECTION('center_axis',(0.,0.,1.));
#2838=DIRECTION('ref_axis',(-1.,0.,0.));
#2839=DIRECTION('center_axis',(0.,0.,-1.));
#2840=DIRECTION('ref_axis',(-1.,0.,0.));
#2841=DIRECTION('center_axis',(0.,0.,-1.));
#2842=DIRECTION('ref_axis',(-1.,0.,0.));
#2843=DIRECTION('',(0.,0.,-1.));
#2844=DIRECTION('center_axis',(0.,0.,1.));
#2845=DIRECTION('ref_axis',(-1.,0.,0.));
#2846=DIRECTION('center_axis',(0.,0.,-1.));
#2847=DIRECTION('ref_axis',(-1.,0.,0.));
#2848=DIRECTION('center_axis',(0.,0.,-1.));
#2849=DIRECTION('ref_axis',(-1.,0.,0.));
#2850=DIRECTION('center_axis',(-1.22464679914735E-16,-1.,0.));
#2851=DIRECTION('ref_axis',(1.,-1.22464679914735E-16,0.));
#2852=DIRECTION('center_axis',(0.,0.,1.));
#2853=DIRECTION('ref_axis',(-1.,0.,0.));
#2854=DIRECTION('center_axis',(0.,0.,1.));
#2855=DIRECTION('ref_axis',(-1.,0.,0.));
#2856=DIRECTION('center_axis',(0.,0.,1.));
#2857=DIRECTION('ref_axis',(-1.,0.,0.));
#2858=DIRECTION('',(0.,0.,-1.));
#2859=DIRECTION('center_axis',(0.,0.,-1.));
#2860=DIRECTION('ref_axis',(-1.,0.,0.));
#2861=DIRECTION('center_axis',(0.,0.,-1.));
#2862=DIRECTION('ref_axis',(-1.,0.,0.));
#2863=DIRECTION('center_axis',(0.,0.,-1.));
#2864=DIRECTION('ref_axis',(-1.,0.,0.));
#2865=DIRECTION('center_axis',(0.,0.,1.));
#2866=DIRECTION('ref_axis',(-1.,0.,0.));
#2867=DIRECTION('center_axis',(-1.22464679914735E-16,-1.,0.));
#2868=DIRECTION('ref_axis',(1.,-1.22464679914735E-16,0.));
#2869=DIRECTION('center_axis',(0.,0.,1.));
#2870=DIRECTION('ref_axis',(-1.,0.,0.));
#2871=DIRECTION('center_axis',(0.,0.,-1.));
#2872=DIRECTION('ref_axis',(-1.,0.,0.));
#2873=DIRECTION('center_axis',(0.,0.,-1.));
#2874=DIRECTION('ref_axis',(-1.,0.,0.));
#2875=DIRECTION('center_axis',(0.,0.,-1.));
#2876=DIRECTION('ref_axis',(-1.,0.,0.));
#2877=DIRECTION('center_axis',(-1.22464679914735E-16,-1.,0.));
#2878=DIRECTION('ref_axis',(1.,-1.22464679914735E-16,0.));
#2879=DIRECTION('center_axis',(0.,0.,-1.));
#2880=DIRECTION('ref_axis',(-1.,0.,0.));
#2881=DIRECTION('center_axis',(0.,0.,1.));
#2882=DIRECTION('ref_axis',(-1.,0.,0.));
#2883=DIRECTION('center_axis',(-1.22464679914735E-16,-1.,0.));
#2884=DIRECTION('ref_axis',(1.,-1.22464679914735E-16,0.));
#2885=DIRECTION('center_axis',(0.,0.,-1.));
#2886=DIRECTION('ref_axis',(-1.,0.,0.));
#2887=DIRECTION('center_axis',(0.,0.,1.));
#2888=DIRECTION('ref_axis',(-1.,0.,0.));
#2889=DIRECTION('',(0.,0.,-1.));
#2890=DIRECTION('center_axis',(0.,0.,1.));
#2891=DIRECTION('ref_axis',(-1.,0.,0.));
#2892=DIRECTION('center_axis',(0.,0.,-1.));
#2893=DIRECTION('ref_axis',(-1.,0.,0.));
#2894=DIRECTION('center_axis',(0.,0.,-1.));
#2895=DIRECTION('ref_axis',(-1.,0.,0.));
#2896=DIRECTION('center_axis',(0.,0.,1.));
#2897=DIRECTION('ref_axis',(-1.,0.,0.));
#2898=DIRECTION('center_axis',(-1.22464679914735E-16,-1.,0.));
#2899=DIRECTION('ref_axis',(1.,-1.22464679914735E-16,0.));
#2900=DIRECTION('center_axis',(0.,0.,1.));
#2901=DIRECTION('ref_axis',(-1.,0.,0.));
#2902=DIRECTION('',(0.,0.,-1.));
#2903=DIRECTION('center_axis',(0.,0.,-1.));
#2904=DIRECTION('ref_axis',(-1.,0.,0.));
#2905=DIRECTION('center_axis',(0.,0.,-1.));
#2906=DIRECTION('ref_axis',(-1.,0.,0.));
#2907=DIRECTION('center_axis',(0.,0.,1.));
#2908=DIRECTION('ref_axis',(-1.,0.,0.));
#2909=DIRECTION('center_axis',(0.,0.,1.));
#2910=DIRECTION('ref_axis',(-1.,0.,0.));
#2911=DIRECTION('',(0.,0.,1.));
#2912=DIRECTION('center_axis',(0.,0.,1.));
#2913=DIRECTION('ref_axis',(-1.,0.,0.));
#2914=DIRECTION('center_axis',(0.,0.,-1.));
#2915=DIRECTION('ref_axis',(-1.,0.,0.));
#2916=DIRECTION('center_axis',(0.,0.,1.));
#2917=DIRECTION('ref_axis',(-1.,0.,0.));
#2918=DIRECTION('',(0.,0.,1.));
#2919=DIRECTION('center_axis',(0.,0.,1.));
#2920=DIRECTION('ref_axis',(-1.,0.,0.));
#2921=DIRECTION('center_axis',(0.,0.,-1.));
#2922=DIRECTION('ref_axis',(-1.,0.,0.));
#2923=DIRECTION('center_axis',(0.,0.,-1.));
#2924=DIRECTION('ref_axis',(-1.,0.,0.));
#2925=DIRECTION('center_axis',(0.,0.,-1.));
#2926=DIRECTION('ref_axis',(-1.,0.,0.));
#2927=DIRECTION('center_axis',(0.,0.,-1.));
#2928=DIRECTION('ref_axis',(-1.,0.,0.));
#2929=DIRECTION('center_axis',(0.,0.,-1.));
#2930=DIRECTION('ref_axis',(-1.,0.,0.));
#2931=DIRECTION('center_axis',(0.,0.,-1.));
#2932=DIRECTION('ref_axis',(-1.,0.,0.));
#2933=DIRECTION('center_axis',(0.,0.,-1.));
#2934=DIRECTION('ref_axis',(-1.,0.,0.));
#2935=DIRECTION('center_axis',(0.,0.,1.));
#2936=DIRECTION('ref_axis',(-1.,0.,0.));
#2937=DIRECTION('center_axis',(0.,0.,1.));
#2938=DIRECTION('ref_axis',(-1.,0.,0.));
#2939=DIRECTION('',(0.,0.,1.));
#2940=DIRECTION('center_axis',(0.,0.,1.));
#2941=DIRECTION('ref_axis',(-1.,0.,0.));
#2942=DIRECTION('',(0.,0.,-1.));
#2943=DIRECTION('center_axis',(0.,0.,-1.));
#2944=DIRECTION('ref_axis',(-1.,0.,0.));
#2945=DIRECTION('center_axis',(0.,0.,-1.));
#2946=DIRECTION('ref_axis',(-1.,0.,0.));
#2947=CARTESIAN_POINT('',(0.,0.,0.));
#2948=CARTESIAN_POINT('Origin',(-9.8879238130678E-16,2.16908558295544,-0.791499999999998));
#2949=CARTESIAN_POINT('',(1.95,12.,-0.791499999999998));
#2950=CARTESIAN_POINT('',(-1.95,12.,-0.791499999999998));
#2951=CARTESIAN_POINT('Origin',(-3.57947555505281E-15,12.,-0.791499999999998));
#2952=CARTESIAN_POINT('',(-1.95,9.60403561009642,-0.791499999999998));
#2953=CARTESIAN_POINT('',(-1.95,12.,-0.791499999999998));
#2954=CARTESIAN_POINT('',(1.95,9.60403561009642,-0.791499999999998));
#2955=CARTESIAN_POINT('Origin',(0.,0.,-0.791499999999998));
#2956=CARTESIAN_POINT('',(1.95,9.60403561009642,-0.791499999999998));
#2957=CARTESIAN_POINT('',(-9.55,1.16953769318572E-15,-0.791499999999998));
#2958=CARTESIAN_POINT('Origin',(0.,0.,-0.791499999999998));
#2959=CARTESIAN_POINT('Origin',(-9.8879238130678E-16,2.16908558295544,-0.791499999999998));
#2960=CARTESIAN_POINT('',(-8.,9.79717439317883E-16,-0.791499999999998));
#2961=CARTESIAN_POINT('Origin',(0.,0.,-0.791499999999998));
#2962=CARTESIAN_POINT('',(-7.875,9.64409354328541E-16,-0.791499999999998));
#2963=CARTESIAN_POINT('Origin',(0.,0.,-0.791499999999998));
#2964=CARTESIAN_POINT('Origin',(0.,0.,-0.791499999999998));
#2965=CARTESIAN_POINT('',(-7.875,9.64409354328541E-16,-0.801499999999998));
#2966=CARTESIAN_POINT('',(-7.875,9.64409354328541E-16,-0.791499999999998));
#2967=CARTESIAN_POINT('Origin',(0.,0.,-0.801499999999998));
#2968=CARTESIAN_POINT('Origin',(-1.95,12.,-0.791499999999998));
#2969=CARTESIAN_POINT('',(-1.95,12.,-0.801499999999998));
#2970=CARTESIAN_POINT('',(-1.95,9.60403561009642,-0.801499999999998));
#2971=CARTESIAN_POINT('',(-1.95,12.,-0.801499999999998));
#2972=CARTESIAN_POINT('',(-1.95,9.60403561009642,-0.791499999999998));
#2973=CARTESIAN_POINT('',(-1.95,12.,-0.791499999999998));
#2974=CARTESIAN_POINT('Origin',(0.,0.,-0.791499999999998));
#2975=CARTESIAN_POINT('',(1.95,9.60403561009642,-0.801499999999998));
#2976=CARTESIAN_POINT('Origin',(0.,0.,-0.801499999999998));
#2977=CARTESIAN_POINT('',(1.95,9.60403561009642,-0.791499999999998));
#2978=CARTESIAN_POINT('Origin',(1.95,9.60403561009642,-0.791499999999998));
#2979=CARTESIAN_POINT('',(1.95,12.,-0.801499999999998));
#2980=CARTESIAN_POINT('',(1.95,9.60403561009642,-0.801499999999998));
#2981=CARTESIAN_POINT('',(1.95,12.,-0.791499999999998));
#2982=CARTESIAN_POINT('Origin',(-3.57947555505281E-15,12.,-0.791499999999998));
#2983=CARTESIAN_POINT('Origin',(-3.57947555505281E-15,12.,-0.801499999999998));
#2984=CARTESIAN_POINT('Origin',(-9.8879238130678E-16,2.16908558295544,-0.801499999999998));
#2985=CARTESIAN_POINT('Origin',(0.,0.,-0.301499999999998));
#2986=CARTESIAN_POINT('',(-8.,9.79717439317883E-16,-0.301499999999998));
#2987=CARTESIAN_POINT('Origin',(0.,0.,-0.301499999999998));
#2988=CARTESIAN_POINT('',(-8.,9.79717439317883E-16,-0.301499999999998));
#2989=CARTESIAN_POINT('Origin',(0.,0.,-0.301499999999998));
#2990=CARTESIAN_POINT('',(-9.55,1.16953769318572E-15,-0.301499999999998));
#2991=CARTESIAN_POINT('',(-9.55,1.16953769318572E-15,-0.301499999999998));
#2992=CARTESIAN_POINT('Origin',(0.,0.,-0.301499999999998));
#2993=CARTESIAN_POINT('Origin',(0.,0.,-0.301499999999998));
#2994=CARTESIAN_POINT('Origin',(9.14896795780443,0.,0.791553828764269));
#2995=CARTESIAN_POINT('',(-9.58656071237079,-1.17401508912367E-15,0.791553828868389));
#2996=CARTESIAN_POINT('Origin',(-9.71445146547012E-16,0.,0.791553828868389));
#2997=CARTESIAN_POINT('',(-8.71137520323808,-1.06683577588171E-15,0.79155382866015));
#2998=CARTESIAN_POINT('Origin',(-9.71445146547012E-16,0.,0.79155382866015));
#2999=CARTESIAN_POINT('Origin',(-9.71445146547012E-16,0.,0.649310233090799));
#3000=CARTESIAN_POINT('',(-3.32833768741593,-4.07603809537542E-16,0.507066637521448));
#3001=CARTESIAN_POINT('',(-6.019856445327,-7.37219792709628E-16,0.649310233090799));
#3002=CARTESIAN_POINT('Origin',(-9.71445146547012E-16,0.,0.507066637521448));
#3003=CARTESIAN_POINT('Origin',(-1.11022302462516E-15,0.,-1.61482910233304));
#3004=CARTESIAN_POINT('',(-2.75896352496839,-3.37875584981683E-16,0.397770139859285));
#3005=CARTESIAN_POINT('Origin',(-9.71445146547012E-16,0.,0.397770139859285));
#3006=CARTESIAN_POINT('Origin',(-3.4404773775344,-4.21336960793638E-16,
-1.61482910233304));
#3007=CARTESIAN_POINT('Origin',(-1.11022302462516E-15,0.,0.66669692989092));
#3008=CARTESIAN_POINT('',(-2.43950364931342,-2.98753033563997E-16,0.498024976331111));
#3009=CARTESIAN_POINT('Origin',(-2.66789853354316,-3.26723339955354E-16,
0.66669692989092));
#3010=CARTESIAN_POINT('Origin',(-9.71445146547012E-16,0.,0.498024976331111));
#3011=CARTESIAN_POINT('Origin',(-8.32667268468867E-16,0.,0.220188012279353));
#3012=CARTESIAN_POINT('',(-1.73984765031768,-2.13069885596559E-16,0.557995488503548));
#3013=CARTESIAN_POINT('Origin',(-9.71445146547012E-16,0.,0.557995488503548));
#3014=CARTESIAN_POINT('Origin',(-2.06329088898133,-2.52680258290088E-16,
0.220188012279353));
#3015=CARTESIAN_POINT('Origin',(-1.11022302462516E-15,0.,0.730438174831107));
#3016=CARTESIAN_POINT('',(-1.4463897829875,-1.77131661805508E-16,0.529130781217115));
#3017=CARTESIAN_POINT('Origin',(-1.57473756580129,-1.92849731945565E-16,
0.730438174831107));
#3018=CARTESIAN_POINT('Origin',(-9.71445146547012E-16,0.,0.529130781217115));
#3019=CARTESIAN_POINT('Origin',(-9.71445146547012E-16,0.,-0.127745873929469));
#3020=CARTESIAN_POINT('',(-1.02758419042261,-1.25842768965547E-16,0.651282408253019));
#3021=CARTESIAN_POINT('Origin',(-9.71445146547012E-16,0.,0.651282408253019));
#3022=CARTESIAN_POINT('Origin',(-1.02758419042261,-1.25842768965547E-16,
-0.127745873929469));
#3023=CARTESIAN_POINT('Origin',(0.957263585499884,0.,0.651282408253019));
#3024=CARTESIAN_POINT('',(-0.886942980577165,-1.08619188219004E-16,0.651282408253019));
#3025=CARTESIAN_POINT('Origin',(-9.71445146547012E-16,0.,0.651282408253019));
#3026=CARTESIAN_POINT('Ctrl Pts',(-7.71951946809679E-16,0.,0.486365444692556));
#3027=CARTESIAN_POINT('Ctrl Pts',(-7.71951946809679E-16,1.99493199737333E-16,
0.486365444692556));
#3028=CARTESIAN_POINT('Ctrl Pts',(-9.71445146547012E-16,1.99493199737333E-16,
0.486365444692556));
#3029=CARTESIAN_POINT('Ctrl Pts',(-1.17093834628434E-15,1.99493199737333E-16,
0.486365444692556));
#3030=CARTESIAN_POINT('Ctrl Pts',(-1.17093834628434E-15,0.,0.486365444692556));
#3031=CARTESIAN_POINT('Ctrl Pts',(-1.17093834628434E-15,-1.99493199737333E-16,
0.486365444692556));
#3032=CARTESIAN_POINT('Ctrl Pts',(-9.71445146547012E-16,-1.99493199737333E-16,
0.486365444692556));
#3033=CARTESIAN_POINT('Ctrl Pts',(-7.71951946809679E-16,-1.99493199737333E-16,
0.486365444692556));
#3034=CARTESIAN_POINT('Ctrl Pts',(-7.71951946809679E-16,0.,0.486365444692556));
#3035=CARTESIAN_POINT('Ctrl Pts',(-0.459482760687676,0.,0.482713416165024));
#3036=CARTESIAN_POINT('Ctrl Pts',(-0.459482760687676,-0.459482760687675,
0.482713416165024));
#3037=CARTESIAN_POINT('Ctrl Pts',(-9.71445146547012E-16,-0.459482760687675,
0.482713416165024));
#3038=CARTESIAN_POINT('Ctrl Pts',(0.459482760687674,-0.459482760687675,
0.482713416165024));
#3039=CARTESIAN_POINT('Ctrl Pts',(0.459482760687674,0.,0.482713416165024));
#3040=CARTESIAN_POINT('Ctrl Pts',(0.459482760687674,0.459482760687675,0.482713416165024));
#3041=CARTESIAN_POINT('Ctrl Pts',(-9.71445146547012E-16,0.459482760687675,
0.482713416165024));
#3042=CARTESIAN_POINT('Ctrl Pts',(-0.459482760687676,0.459482760687675,
0.482713416165024));
#3043=CARTESIAN_POINT('Ctrl Pts',(-0.459482760687676,0.,0.482713416165024));
#3044=CARTESIAN_POINT('Ctrl Pts',(-0.886942980577165,0.,0.651282408253019));
#3045=CARTESIAN_POINT('Ctrl Pts',(-0.886942980577165,-0.886942980577164,
0.651282408253019));
#3046=CARTESIAN_POINT('Ctrl Pts',(-9.71445146547012E-16,-0.886942980577164,
0.651282408253019));
#3047=CARTESIAN_POINT('Ctrl Pts',(0.886942980577163,-0.886942980577164,
0.651282408253019));
#3048=CARTESIAN_POINT('Ctrl Pts',(0.886942980577163,0.,0.651282408253019));
#3049=CARTESIAN_POINT('Ctrl Pts',(0.886942980577163,0.886942980577164,0.651282408253019));
#3050=CARTESIAN_POINT('Ctrl Pts',(-9.71445146547012E-16,0.886942980577164,
0.651282408253019));
#3051=CARTESIAN_POINT('Ctrl Pts',(-0.886942980577165,0.886942980577164,
0.651282408253019));
#3052=CARTESIAN_POINT('Ctrl Pts',(-0.886942980577165,0.,0.651282408253019));
#3053=CARTESIAN_POINT('',(-9.71445146547012E-16,0.,0.486365444692557));
#3054=CARTESIAN_POINT('Origin',(-0.0188080471000932,-2.30332146793405E-18,
2.85271426687232));
#3055=CARTESIAN_POINT('Ctrl Pts',(-7.35089072945172E-16,0.,0.361504799759977));
#3056=CARTESIAN_POINT('Ctrl Pts',(-7.35089072945172E-16,2.3635607360184E-16,
0.361504799759977));
#3057=CARTESIAN_POINT('Ctrl Pts',(-9.71445146547012E-16,2.3635607360184E-16,
0.361504799759977));
#3058=CARTESIAN_POINT('Ctrl Pts',(-1.20780122014885E-15,2.3635607360184E-16,
0.361504799759977));
#3059=CARTESIAN_POINT('Ctrl Pts',(-1.20780122014885E-15,0.,0.361504799759977));
#3060=CARTESIAN_POINT('Ctrl Pts',(-1.20780122014885E-15,-2.3635607360184E-16,
0.361504799759977));
#3061=CARTESIAN_POINT('Ctrl Pts',(-9.71445146547012E-16,-2.3635607360184E-16,
0.361504799759977));
#3062=CARTESIAN_POINT('Ctrl Pts',(-7.35089072945172E-16,-2.3635607360184E-16,
0.361504799759977));
#3063=CARTESIAN_POINT('Ctrl Pts',(-7.35089072945172E-16,0.,0.361504799759977));
#3064=CARTESIAN_POINT('Ctrl Pts',(-0.470760772209721,0.,0.357950666358718));
#3065=CARTESIAN_POINT('Ctrl Pts',(-0.470760772209721,-0.47076077220972,
0.357950666358718));
#3066=CARTESIAN_POINT('Ctrl Pts',(-9.71445146547012E-16,-0.47076077220972,
0.357950666358718));
#3067=CARTESIAN_POINT('Ctrl Pts',(0.470760772209719,-0.47076077220972,0.357950666358718));
#3068=CARTESIAN_POINT('Ctrl Pts',(0.470760772209719,0.,0.357950666358718));
#3069=CARTESIAN_POINT('Ctrl Pts',(0.470760772209719,0.47076077220972,0.357950666358718));
#3070=CARTESIAN_POINT('Ctrl Pts',(-9.71445146547012E-16,0.47076077220972,
0.357950666358718));
#3071=CARTESIAN_POINT('Ctrl Pts',(-0.470760772209721,0.47076077220972,0.357950666358718));
#3072=CARTESIAN_POINT('Ctrl Pts',(-0.470760772209721,0.,0.357950666358718));
#3073=CARTESIAN_POINT('Ctrl Pts',(-0.910356681884115,0.,0.526425509327241));
#3074=CARTESIAN_POINT('Ctrl Pts',(-0.910356681884114,-0.910356681884113,
0.526425509327241));
#3075=CARTESIAN_POINT('Ctrl Pts',(-9.71445146547012E-16,-0.910356681884114,
0.526425509327241));
#3076=CARTESIAN_POINT('Ctrl Pts',(0.910356681884112,-0.910356681884113,
0.526425509327241));
#3077=CARTESIAN_POINT('Ctrl Pts',(0.910356681884113,0.,0.526425509327241));
#3078=CARTESIAN_POINT('Ctrl Pts',(0.910356681884112,0.910356681884113,0.526425509327241));
#3079=CARTESIAN_POINT('Ctrl Pts',(-9.71445146547012E-16,0.910356681884114,
0.526425509327241));
#3080=CARTESIAN_POINT('Ctrl Pts',(-0.910356681884114,0.910356681884113,
0.526425509327241));
#3081=CARTESIAN_POINT('Ctrl Pts',(-0.910356681884115,0.,0.526425509327241));
#3082=CARTESIAN_POINT('',(-0.910356681884115,-1.11486539655179E-16,0.526425509327241));
#3083=CARTESIAN_POINT('Origin',(-9.71445146547012E-16,0.,0.526425509327241));
#3084=CARTESIAN_POINT('',(-9.71445146547012E-16,0.,0.361504799759977));
#3085=CARTESIAN_POINT('Origin',(-0.0188080471000932,-2.30332146793405E-18,
2.85271426687232));
#3086=CARTESIAN_POINT('Origin',(0.968970436153359,0.,0.526425509327241));
#3087=CARTESIAN_POINT('',(-1.02758419042261,-1.25842768965547E-16,0.526425509327241));
#3088=CARTESIAN_POINT('Origin',(-9.71445146547012E-16,0.,0.526425509327241));
#3089=CARTESIAN_POINT('Origin',(-9.71445146547012E-16,0.,-0.127745873929469));
#3090=CARTESIAN_POINT('',(-1.37926671603809,-1.68911456896652E-16,0.423851442823174));
#3091=CARTESIAN_POINT('Origin',(-1.02758419042261,-1.25842768965547E-16,
-0.127745873929469));
#3092=CARTESIAN_POINT('Origin',(-9.71445146547012E-16,0.,0.423851442823174));
#3093=CARTESIAN_POINT('Origin',(-1.11022302462516E-15,0.,0.730438174831107));
#3094=CARTESIAN_POINT('',(-1.82619659234107,-2.23644581142429E-16,0.467811757039361));
#3095=CARTESIAN_POINT('Origin',(-9.71445146547012E-16,0.,0.467811757039361));
#3096=CARTESIAN_POINT('Origin',(-1.57473756580129,-1.92849731945565E-16,
0.730438174831107));
#3097=CARTESIAN_POINT('Origin',(-8.32667268468867E-16,0.,0.220188012279353));
#3098=CARTESIAN_POINT('',(-2.33906694219723,-2.86453084375322E-16,0.423851442823405));
#3099=CARTESIAN_POINT('Origin',(-2.06329088898133,-2.52680258290088E-16,
0.220188012279353));
#3100=CARTESIAN_POINT('Origin',(-9.71445146547012E-16,0.,0.423851442823405));
#3101=CARTESIAN_POINT('Origin',(-1.11022302462516E-15,0.,0.66669692989092));
#3102=CARTESIAN_POINT('',(-2.79900937758527,-3.42779787504323E-16,0.279509517090972));
#3103=CARTESIAN_POINT('Origin',(-9.71445146547012E-16,0.,0.279509517090972));
#3104=CARTESIAN_POINT('Origin',(-2.66789853354316,-3.26723339955354E-16,
0.66669692989092));
#3105=CARTESIAN_POINT('Origin',(-1.11022302462516E-15,0.,-1.61482910233304));
#3106=CARTESIAN_POINT('',(-3.33492703183803,-4.08410771493043E-16,0.382383736731285));
#3107=CARTESIAN_POINT('Origin',(-3.4404773775344,-4.21336960793638E-16,
-1.61482910233304));
#3108=CARTESIAN_POINT('Origin',(-9.71445146547012E-16,0.,0.382383736731285));
#3109=CARTESIAN_POINT('Origin',(-9.71445146547012E-16,0.,0.524540333232876));
#3110=CARTESIAN_POINT('',(-8.71467217274708,-1.06723953819732E-15,0.666696929734466));
#3111=CARTESIAN_POINT('Origin',(-9.71445146547012E-16,0.,0.666696929734466));
#3112=CARTESIAN_POINT('',(-6.02479960229255,-7.37825154845182E-16,0.524540333232876));
#3113=CARTESIAN_POINT('Origin',(9.15061644255893,0.,0.666696929812635));
#3114=CARTESIAN_POINT('',(-9.58656071237079,-1.17401508912367E-15,0.666696929890803));
#3115=CARTESIAN_POINT('Origin',(-9.71445146547012E-16,0.,0.666696929890803));
#3116=CARTESIAN_POINT('Origin',(-9.71445146547012E-16,0.,0.729125379379596));
#3117=CARTESIAN_POINT('',(-9.58656071237079,-1.17401508912367E-15,0.729125379379596));
#3118=CARTESIAN_POINT('Origin',(0.,0.,-0.0204999999999993));
#3119=CARTESIAN_POINT('',(9.20432377226865,-1.12720456460247E-15,-0.3005));
#3120=CARTESIAN_POINT('Origin',(0.,0.,-0.3005));
#3121=CARTESIAN_POINT('',(9.4810168014026,-1.16108968785E-15,-0.0634064986765476));
#3122=CARTESIAN_POINT('Origin',(9.20432377226865,-1.12720456460247E-15,
-0.0204999999999993));
#3123=CARTESIAN_POINT('',(-1.16108968785E-15,-9.4810168014026,-0.0634064986765476));
#3124=CARTESIAN_POINT('Origin',(0.,0.,-0.0634064986765476));
#3125=CARTESIAN_POINT('Origin',(0.,0.,-0.0634064986765476));
#3126=CARTESIAN_POINT('Origin',(0.,8.60216188613432,-0.300499999999998));
#3127=CARTESIAN_POINT('',(-9.79717439317883E-16,-8.,-0.300499999999996));
#3128=CARTESIAN_POINT('Origin',(0.,0.,-0.300499999999996));
#3129=CARTESIAN_POINT('Origin',(0.,0.,-0.175499999999996));
#3130=CARTESIAN_POINT('',(-9.79717439317883E-16,-8.,-0.0504999999999958));
#3131=CARTESIAN_POINT('',(-9.79717439317883E-16,-8.,-0.175499999999996));
#3132=CARTESIAN_POINT('Origin',(0.,0.,-0.0504999999999958));
#3133=CARTESIAN_POINT('Origin',(0.,8.60216188613432,-0.0504999999999976));
#3134=CARTESIAN_POINT('',(9.20432377226865,-1.12720456460247E-15,-0.0504999999999994));
#3135=CARTESIAN_POINT('Origin',(0.,0.,-0.0504999999999994));
#3136=CARTESIAN_POINT('Origin',(0.,0.,-0.0204999999999993));
#3137=CARTESIAN_POINT('',(9.23101680140259,-1.13047351787131E-15,-0.0341924137994092));
#3138=CARTESIAN_POINT('Origin',(9.20432377226865,-1.12720456460247E-15,
-0.0204999999999993));
#3139=CARTESIAN_POINT('',(-1.13047351787131E-15,-9.2310168014026,-0.0341924137994092));
#3140=CARTESIAN_POINT('Origin',(0.,0.,-0.0341924137994092));
#3141=CARTESIAN_POINT('Origin',(0.,0.,-0.0341924137994092));
#3142=CARTESIAN_POINT('Origin',(0.,0.,0.119242198981201));
#3143=CARTESIAN_POINT('',(-1.13047351787131E-15,-9.2310168014026,0.27267681176181));
#3144=CARTESIAN_POINT('',(-1.13047351787131E-15,-9.2310168014026,0.119242198981201));
#3145=CARTESIAN_POINT('',(9.2310168014026,-1.13047351787131E-15,0.27267681176181));
#3146=CARTESIAN_POINT('Origin',(0.,0.,0.27267681176181));
#3147=CARTESIAN_POINT('Origin',(0.,0.,0.27267681176181));
#3148=CARTESIAN_POINT('Origin',(0.,0.,0.29514204500455));
#3149=CARTESIAN_POINT('',(9.6,-1.17566092718146E-15,0.666496133452207));
#3150=CARTESIAN_POINT('Origin',(0.,0.,0.666496133452207));
#3151=CARTESIAN_POINT('Origin',(9.6016946184267,-1.17586845808466E-15,0.29514204500455));
#3152=CARTESIAN_POINT('Origin',(0.,0.,0.29514204500455));
#3153=CARTESIAN_POINT('',(9.6,1.17566092718146E-15,0.416488167765294));
#3154=CARTESIAN_POINT('Origin',(0.,0.,0.416488167765294));
#3155=CARTESIAN_POINT('',(9.48101680140259,-1.16108968785E-15,0.282311701323452));
#3156=CARTESIAN_POINT('Origin',(9.6016946184267,-1.17586845808466E-15,0.29514204500455));
#3157=CARTESIAN_POINT('',(-1.16108968785E-15,-9.4810168014026,0.282311701323452));
#3158=CARTESIAN_POINT('Origin',(0.,0.,0.282311701323452));
#3159=CARTESIAN_POINT('Origin',(0.,0.,0.282311701323452));
#3160=CARTESIAN_POINT('Origin',(0.,0.,0.109452601323452));
#3161=CARTESIAN_POINT('',(-1.16108968785E-15,-9.4810168014026,0.109452601323452));
#3162=CARTESIAN_POINT('Origin',(0.,0.,0.));
#3163=CARTESIAN_POINT('',(9.6,1.17566092718146E-15,0.));
#3164=CARTESIAN_POINT('Origin',(0.,0.,0.));
#3165=CARTESIAN_POINT('',(9.6,1.17566092718146E-15,0.));
#3166=CARTESIAN_POINT('Ctrl Pts',(1.05243468523642,-7.40052716390715,3.06));
#3167=CARTESIAN_POINT('Ctrl Pts',(1.08933127026132,-7.35671247151752,3.06));
#3168=CARTESIAN_POINT('Ctrl Pts',(1.17290669803398,-7.2751303217857,3.06));
#3169=CARTESIAN_POINT('Ctrl Pts',(1.29484437015882,-7.1979780898819,3.06));
#3170=CARTESIAN_POINT('Ctrl Pts',(1.39029723457949,-7.16267876288701,3.06));
#3171=CARTESIAN_POINT('Ctrl Pts',(1.44656523213632,-7.15083103452141,3.06));
#3172=CARTESIAN_POINT('Ctrl Pts',(1.48958895070947,-7.14706707566338,3.06));
#3173=CARTESIAN_POINT('Ctrl Pts',(1.52592448580863,-7.14994995271166,3.06));
#3174=CARTESIAN_POINT('Ctrl Pts',(1.54998990317202,-7.15711339269271,3.06));
#3175=CARTESIAN_POINT('Ctrl Pts',(1.56305086933275,-7.16360207933248,3.06));
#3176=CARTESIAN_POINT('Ctrl Pts',(1.57181563191538,-7.1698508188912,3.06));
#3177=CARTESIAN_POINT('Ctrl Pts',(1.57937623715212,-7.17757365463627,3.06));
#3178=CARTESIAN_POINT('Ctrl Pts',(1.58783419965616,-7.18939305833507,3.06));
#3179=CARTESIAN_POINT('Ctrl Pts',(1.59884114925275,-7.21198735428564,3.06));
#3180=CARTESIAN_POINT('Ctrl Pts',(1.61114497989207,-7.26131176862613,3.06));
#3181=CARTESIAN_POINT('Ctrl Pts',(1.611462156089,-7.33369707487794,3.06));
#3182=CARTESIAN_POINT('Ctrl Pts',(1.5905679555305,-7.4473459058636,3.06));
#3183=CARTESIAN_POINT('Ctrl Pts',(1.51210315684561,-7.63446637560025,3.06));
#3184=CARTESIAN_POINT('Ctrl Pts',(1.36083220727241,-7.81432791910638,3.06));
#3185=CARTESIAN_POINT('Ctrl Pts',(1.18913794828061,-7.92325530711392,3.06));
#3186=CARTESIAN_POINT('Ctrl Pts',(1.08068139380263,-7.96314060367756,3.06));
#3187=CARTESIAN_POINT('Ctrl Pts',(1.00903986047702,-7.97479048029731,3.06));
#3188=CARTESIAN_POINT('Ctrl Pts',(0.95861441798178,-7.97091474025888,3.06));
#3189=CARTESIAN_POINT('Ctrl Pts',(0.934197934673685,-7.96356509862918,3.06));
#3190=CARTESIAN_POINT('Ctrl Pts',(0.921384295323213,-7.95711192606624,3.06));
#3191=CARTESIAN_POINT('Ctrl Pts',(0.912589244420699,-7.95082406380437,3.06));
#3192=CARTESIAN_POINT('Ctrl Pts',(0.904990939297796,-7.94295060438946,3.06));
#3193=CARTESIAN_POINT('Ctrl Pts',(0.896699254282272,-7.93127382051513,3.06));
#3194=CARTESIAN_POINT('Ctrl Pts',(0.888795421149104,-7.91498427940576,3.06));
#3195=CARTESIAN_POINT('Ctrl Pts',(0.882163568574056,-7.89434319471319,3.06));
#3196=CARTESIAN_POINT('Ctrl Pts',(0.873514313241022,-7.85217937738286,3.06));
#3197=CARTESIAN_POINT('Ctrl Pts',(0.873015690039775,-7.78669386162071,3.06));
#3198=CARTESIAN_POINT('Ctrl Pts',(0.905293668598299,-7.61693974621571,3.06));
#3199=CARTESIAN_POINT('Ctrl Pts',(0.978641515186628,-7.48815654868641,3.06));
#3200=CARTESIAN_POINT('Ctrl Pts',(1.05243468523642,-7.40052716390715,3.06));
#3201=CARTESIAN_POINT('Ctrl Pts',(0.972333373646758,-7.3330734242485,3.06));
#3202=CARTESIAN_POINT('Ctrl Pts',(1.01363176290975,-7.2840315896038,3.06));
#3203=CARTESIAN_POINT('Ctrl Pts',(1.10716734176251,-7.19273115743341,3.06));
#3204=CARTESIAN_POINT('Ctrl Pts',(1.24585673156657,-7.10450428629653,3.06));
#3205=CARTESIAN_POINT('Ctrl Pts',(1.35971610898291,-7.06211680403519,3.06));
#3206=CARTESIAN_POINT('Ctrl Pts',(1.43054643620197,-7.04704760380132,3.06));
#3207=CARTESIAN_POINT('Ctrl Pts',(1.48808966233306,-7.04191120360706,3.06));
#3208=CARTESIAN_POINT('Ctrl Pts',(1.54208336468563,-7.0456849399901,3.06));
#3209=CARTESIAN_POINT('Ctrl Pts',(1.58648737841077,-7.05838642713197,3.06));
#3210=CARTESIAN_POINT('Ctrl Pts',(1.61647385770104,-7.07299587929608,3.06));
#3211=CARTESIAN_POINT('Ctrl Pts',(1.64033849255751,-7.08986699185886,3.06));
#3212=CARTESIAN_POINT('Ctrl Pts',(1.66045987927568,-7.11062615455265,3.06));
#3213=CARTESIAN_POINT('Ctrl Pts',(1.67937061420558,-7.13744068869779,3.06));
#3214=CARTESIAN_POINT('Ctrl Pts',(1.69902715476233,-7.17886294257818,3.06));
#3215=CARTESIAN_POINT('Ctrl Pts',(1.71645989903853,-7.25188565173316,3.06));
#3216=CARTESIAN_POINT('Ctrl Pts',(1.7162046353692,-7.34407074816775,3.06));
#3217=CARTESIAN_POINT('Ctrl Pts',(1.69106882134906,-7.47985345380722,3.06));
#3218=CARTESIAN_POINT('Ctrl Pts',(1.60103210165637,-7.69256805296108,3.06));
#3219=CARTESIAN_POINT('Ctrl Pts',(1.43325113897707,-7.89217721189695,3.06));
#3220=CARTESIAN_POINT('Ctrl Pts',(1.23805836146787,-8.01681091082044,3.06));
#3221=CARTESIAN_POINT('Ctrl Pts',(1.10856036492237,-8.06468633006812,3.06));
#3222=CARTESIAN_POINT('Ctrl Pts',(1.01712801294076,-8.08016254202717,3.06));
#3223=CARTESIAN_POINT('Ctrl Pts',(0.942476872628977,-8.07523910704322,3.06));
#3224=CARTESIAN_POINT('Ctrl Pts',(0.8972716044788,-8.06215101260612,3.06));
#3225=CARTESIAN_POINT('Ctrl Pts',(0.86765236614231,-8.04751727953864,3.06));
#3226=CARTESIAN_POINT('Ctrl Pts',(0.843742088281258,-8.03055394712844,3.06));
#3227=CARTESIAN_POINT('Ctrl Pts',(0.823535601656139,-8.00943608348983,3.06));
#3228=CARTESIAN_POINT('Ctrl Pts',(0.805133462420513,-7.98310936805502,3.06));
#3229=CARTESIAN_POINT('Ctrl Pts',(0.790973102470303,-7.95323506768279,3.06));
#3230=CARTESIAN_POINT('Ctrl Pts',(0.780558484585763,-7.92055389474769,3.06));
#3231=CARTESIAN_POINT('Ctrl Pts',(0.768250362831105,-7.85960627070982,3.06));
#3232=CARTESIAN_POINT('Ctrl Pts',(0.76823310051972,-7.7761016178938,3.06));
#3233=CARTESIAN_POINT('Ctrl Pts',(0.807182968294196,-7.57392654190116,3.06));
#3234=CARTESIAN_POINT('Ctrl Pts',(0.889736595120777,-7.43115709353789,3.06));
#3235=CARTESIAN_POINT('Ctrl Pts',(0.972333373646759,-7.3330734242485,3.06));
#3236=CARTESIAN_POINT('Ctrl Pts',(0.812702519963291,-7.19864743505855,2.97341176746658));
#3237=CARTESIAN_POINT('Ctrl Pts',(0.862727322193795,-7.13924298556539,2.97341176746658));
#3238=CARTESIAN_POINT('Ctrl Pts',(0.976178019143807,-7.02848772544528,2.97341176746658));
#3239=CARTESIAN_POINT('Ctrl Pts',(1.14826523664008,-6.91823323648609,2.97341176746658));
#3240=CARTESIAN_POINT('Ctrl Pts',(1.29884603319062,-6.86170639027213,2.97341176746658));
#3241=CARTESIAN_POINT('Ctrl Pts',(1.39878817580757,-6.84027247403301,2.97341176746658));
#3242=CARTESIAN_POINT('Ctrl Pts',(1.48520027841713,-6.83240364316447,2.97341176746658));
#3243=CARTESIAN_POINT('Ctrl Pts',(1.5745305073056,-6.83805942972455,2.97341176746658));
#3244=CARTESIAN_POINT('Ctrl Pts',(1.65936176353144,-6.86178978040759,2.97341176746658));
#3245=CARTESIAN_POINT('Ctrl Pts',(1.7229350580862,-6.89251926340209,2.97341176746658));
#3246=CARTESIAN_POINT('Ctrl Pts',(1.77680608059806,-6.93050243067774,2.97341176746658));
#3247=CARTESIAN_POINT('Ctrl Pts',(1.82186028501203,-6.9771314683304,2.97341176746658));
#3248=CARTESIAN_POINT('Ctrl Pts',(1.86151961717785,-7.03370245834166,2.97341176746658));
#3249=CARTESIAN_POINT('Ctrl Pts',(1.89844971627858,-7.11260848292401,2.97341176746658));
#3250=CARTESIAN_POINT('Ctrl Pts',(1.92621858780043,-7.23291309070854,2.97341176746658));
#3251=CARTESIAN_POINT('Ctrl Pts',(1.92493364702966,-7.36475845830393,2.97341176746658));
#3252=CARTESIAN_POINT('Ctrl Pts',(1.89135446450253,-7.54454102847033,2.97341176746658));
#3253=CARTESIAN_POINT('Ctrl Pts',(1.77824403753415,-7.8084102354691,2.97341176746659));
#3254=CARTESIAN_POINT('Ctrl Pts',(1.57758789624843,-8.04730049289915,2.97341176746658));
#3255=CARTESIAN_POINT('Ctrl Pts',(1.33549431417923,-8.20326581512079,2.97341176746658));
#3256=CARTESIAN_POINT('Ctrl Pts',(1.16409954485114,-8.26704637913208,2.97341176746658));
#3257=CARTESIAN_POINT('Ctrl Pts',(1.03311490063062,-8.29007855812533,2.97341176746658));
#3258=CARTESIAN_POINT('Ctrl Pts',(0.910037849552048,-8.2829558497893,2.97341176746658));
#3259=CARTESIAN_POINT('Ctrl Pts',(0.823453800774833,-8.2583970010424,2.97341176746658));
#3260=CARTESIAN_POINT('Ctrl Pts',(0.760483391848403,-8.22752474087409,2.97341176746658));
#3261=CARTESIAN_POINT('Ctrl Pts',(0.706579736826634,-8.18937267828039,2.97341176746658));
#3262=CARTESIAN_POINT('Ctrl Pts',(0.661316507928401,-8.14194029245814,2.97341176746658));
#3263=CARTESIAN_POINT('Ctrl Pts',(0.622851536215315,-8.08654782284198,2.97341176746658));
#3264=CARTESIAN_POINT('Ctrl Pts',(0.596205565202272,-8.02963078324101,2.97341176746658));
#3265=CARTESIAN_POINT('Ctrl Pts',(0.578223528994392,-7.97296872850244,2.97341176746658));
#3266=CARTESIAN_POINT('Ctrl Pts',(0.558582096896794,-7.87460056899331,2.97341176746658));
#3267=CARTESIAN_POINT('Ctrl Pts',(0.559427932717608,-7.75500773643935,2.97341176746658));
#3268=CARTESIAN_POINT('Ctrl Pts',(0.61162229510275,-7.48837789586851,2.97341176746658));
#3269=CARTESIAN_POINT('Ctrl Pts',(0.712652915502291,-7.31745633404485,2.97341176746658));
#3270=CARTESIAN_POINT('Ctrl Pts',(0.812702519963291,-7.19864743505855,2.97341176746658));
#3271=CARTESIAN_POINT('Ctrl Pts',(0.746470212733083,-7.14287285758616,2.76471975511966));
#3272=CARTESIAN_POINT('Ctrl Pts',(0.800184807001023,-7.0790867802813,2.76471975511966));
#3273=CARTESIAN_POINT('Ctrl Pts',(0.921798937796984,-6.9603918644378,2.76471975511966));
#3274=CARTESIAN_POINT('Ctrl Pts',(1.1077221290743,-6.84093357237601,2.76471975511966));
#3275=CARTESIAN_POINT('Ctrl Pts',(1.27347890901865,-6.77856078537352,2.76471975511966));
#3276=CARTESIAN_POINT('Ctrl Pts',(1.38536223993798,-6.75440268541383,2.76471975511966));
#3277=CARTESIAN_POINT('Ctrl Pts',(1.48385271940656,-6.74539613414365,2.76471975511966));
#3278=CARTESIAN_POINT('Ctrl Pts',(1.58762357028984,-6.75167169142235,2.76471975511966));
#3279=CARTESIAN_POINT('Ctrl Pts',(1.68938667236232,-6.77998964598507,2.76471975511966));
#3280=CARTESIAN_POINT('Ctrl Pts',(1.76711198070867,-6.81750341733904,2.76471975511966));
#3281=CARTESIAN_POINT('Ctrl Pts',(1.83356214917659,-6.8643320440759,2.76471975511966));
#3282=CARTESIAN_POINT('Ctrl Pts',(1.88911083363047,-6.92186042125655,2.76471975511966));
#3283=CARTESIAN_POINT('Ctrl Pts',(1.93750328004317,-6.99096906637414,2.76471975511966));
#3284=CARTESIAN_POINT('Ctrl Pts',(1.98154579671598,-7.08548445601683,2.76471975511966));
#3285=CARTESIAN_POINT('Ctrl Pts',(2.01342970042748,-7.22532450581971,2.76471975511966));
#3286=CARTESIAN_POINT('Ctrl Pts',(2.0115497444905,-7.37332021675651,2.76471975511966));
#3287=CARTESIAN_POINT('Ctrl Pts',(1.97445286226408,-7.57152467754626,2.76471975511966));
#3288=CARTESIAN_POINT('Ctrl Pts',(1.85178776748365,-7.85639333877128,2.76471975511966));
#3289=CARTESIAN_POINT('Ctrl Pts',(1.63745064431263,-8.11169217937674,2.76471975511966));
#3290=CARTESIAN_POINT('Ctrl Pts',(1.37600545977265,-8.28061029528494,2.76471975511966));
#3291=CARTESIAN_POINT('Ctrl Pts',(1.18717309948707,-8.35101733140791,2.76471975511966));
#3292=CARTESIAN_POINT('Ctrl Pts',(1.03994685703735,-8.37728933508235,2.76471975511966));
#3293=CARTESIAN_POINT('Ctrl Pts',(0.897000094319933,-8.36942229140518,2.76471975511966));
#3294=CARTESIAN_POINT('Ctrl Pts',(0.793171506808266,-8.34015668690289,2.76471975511966));
#3295=CARTESIAN_POINT('Ctrl Pts',(0.716151880192291,-8.30244996617209,2.76471975511966));
#3296=CARTESIAN_POINT('Ctrl Pts',(0.649608623244672,-8.2553766278825,2.76471975511966));
#3297=CARTESIAN_POINT('Ctrl Pts',(0.593843987601197,-8.19690568283598,2.76471975511966));
#3298=CARTESIAN_POINT('Ctrl Pts',(0.546925038040052,-8.12925795678298,2.76471975511966));
#3299=CARTESIAN_POINT('Ctrl Pts',(0.515124671064037,-8.06107562108783,2.76471975511966));
#3300=CARTESIAN_POINT('Ctrl Pts',(0.494046468217416,-7.99444351655414,2.76471975511966));
#3301=CARTESIAN_POINT('Ctrl Pts',(0.471425339956951,-7.88052960597528,2.76471975511966));
#3302=CARTESIAN_POINT('Ctrl Pts',(0.472774532322393,-7.74623304382192,2.76471975511966));
#3303=CARTESIAN_POINT('Ctrl Pts',(0.530542165912272,-7.45262516286219,2.76471975511966));
#3304=CARTESIAN_POINT('Ctrl Pts',(0.639041024197215,-7.27044501219586,2.76471975511966));
#3305=CARTESIAN_POINT('Ctrl Pts',(0.746470212733083,-7.14287285758615,2.76471975511966));
#3306=CARTESIAN_POINT('Ctrl Pts',(0.746470212733083,-7.14287285758616,2.66));
#3307=CARTESIAN_POINT('Ctrl Pts',(0.80014950561614,-7.07912870067362,2.66));
#3308=CARTESIAN_POINT('Ctrl Pts',(0.921814467448805,-6.96036620299199,2.66));
#3309=CARTESIAN_POINT('Ctrl Pts',(1.10774843029044,-6.84094077065225,2.66));
#3310=CARTESIAN_POINT('Ctrl Pts',(1.27353588848152,-6.77855745746854,2.66));
#3311=CARTESIAN_POINT('Ctrl Pts',(1.38548947742467,-6.7544419524656,2.66));
#3312=CARTESIAN_POINT('Ctrl Pts',(1.4839286747389,-6.74543744902174,2.66));
#3313=CARTESIAN_POINT('Ctrl Pts',(1.58781230277821,-6.75179528520344,2.66));
#3314=CARTESIAN_POINT('Ctrl Pts',(1.68949460572516,-6.78010730177005,2.66));
#3315=CARTESIAN_POINT('Ctrl Pts',(1.76710932870512,-6.81757207654617,2.66));
#3316=CARTESIAN_POINT('Ctrl Pts',(1.8334935040918,-6.8643568471599,2.66));
#3317=CARTESIAN_POINT('Ctrl Pts',(1.88896577464878,-6.92180060558331,2.66));
#3318=CARTESIAN_POINT('Ctrl Pts',(1.93729472503136,-6.99081148774915,2.66));
#3319=CARTESIAN_POINT('Ctrl Pts',(1.98136509569079,-7.08529776511467,2.66));
#3320=CARTESIAN_POINT('Ctrl Pts',(2.01333761752894,-7.2251798212175,2.66));
#3321=CARTESIAN_POINT('Ctrl Pts',(2.01154335377468,-7.37333133091338,2.66));
#3322=CARTESIAN_POINT('Ctrl Pts',(1.97445386068289,-7.57145104429007,2.66));
#3323=CARTESIAN_POINT('Ctrl Pts',(1.85177915179879,-7.85643464548482,2.66));
#3324=CARTESIAN_POINT('Ctrl Pts',(1.63746284914043,-8.11167705616611,2.66000000000001));
#3325=CARTESIAN_POINT('Ctrl Pts',(1.37596252296549,-8.2806191672217,2.66));
#3326=CARTESIAN_POINT('Ctrl Pts',(1.18715786072172,-8.35101227061908,2.66));
#3327=CARTESIAN_POINT('Ctrl Pts',(1.03984530385648,-8.37723076052821,2.66));
#3328=CARTESIAN_POINT('Ctrl Pts',(0.896784836503324,-8.36927783535578,2.66));
#3329=CARTESIAN_POINT('Ctrl Pts',(0.792995114815308,-8.33998538548057,2.66));
#3330=CARTESIAN_POINT('Ctrl Pts',(0.716083507303619,-8.30232817561149,2.66));
#3331=CARTESIAN_POINT('Ctrl Pts',(0.649639875329212,-8.25532116583554,2.66));
#3332=CARTESIAN_POINT('Ctrl Pts',(0.593928932039569,-8.19691172078831,2.66));
#3333=CARTESIAN_POINT('Ctrl Pts',(0.547076233084652,-8.12936389232387,2.66));
#3334=CARTESIAN_POINT('Ctrl Pts',(0.515262588483852,-8.06120454603023,2.66));
#3335=CARTESIAN_POINT('Ctrl Pts',(0.494162106371792,-7.99458273813025,2.66));
#3336=CARTESIAN_POINT('Ctrl Pts',(0.471508823425292,-7.88067885123449,2.66));
#3337=CARTESIAN_POINT('Ctrl Pts',(0.472783836623828,-7.74624460995086,2.66));
#3338=CARTESIAN_POINT('Ctrl Pts',(0.530511630928571,-7.45275682922889,2.66));
#3339=CARTESIAN_POINT('Ctrl Pts',(0.639111626966982,-7.27036117141122,2.66));
#3340=CARTESIAN_POINT('Ctrl Pts',(0.746470212733083,-7.14287285758615,2.66));
#3341=CARTESIAN_POINT('',(0.746470212733083,-7.14287285758616,2.66));
#3342=CARTESIAN_POINT('',(1.05243468523642,-7.40052716390715,3.06));
#3343=CARTESIAN_POINT('Origin',(1.05243468523642,-7.40052716390715,2.66));
#3344=CARTESIAN_POINT('Ctrl Pts',(1.05243468523642,-7.40052716390715,3.06));
#3345=CARTESIAN_POINT('Ctrl Pts',(1.08933127026132,-7.35671247151752,3.06));
#3346=CARTESIAN_POINT('Ctrl Pts',(1.17290669803398,-7.2751303217857,3.06));
#3347=CARTESIAN_POINT('Ctrl Pts',(1.29484437015882,-7.1979780898819,3.06));
#3348=CARTESIAN_POINT('Ctrl Pts',(1.39029723457949,-7.16267876288701,3.06));
#3349=CARTESIAN_POINT('Ctrl Pts',(1.44656523213632,-7.15083103452141,3.06));
#3350=CARTESIAN_POINT('Ctrl Pts',(1.48958895070947,-7.14706707566338,3.06));
#3351=CARTESIAN_POINT('Ctrl Pts',(1.52592448580863,-7.14994995271166,3.06));
#3352=CARTESIAN_POINT('Ctrl Pts',(1.54998990317202,-7.15711339269271,3.06));
#3353=CARTESIAN_POINT('Ctrl Pts',(1.56305086933275,-7.16360207933248,3.06));
#3354=CARTESIAN_POINT('Ctrl Pts',(1.57181563191538,-7.1698508188912,3.06));
#3355=CARTESIAN_POINT('Ctrl Pts',(1.57937623715212,-7.17757365463627,3.06));
#3356=CARTESIAN_POINT('Ctrl Pts',(1.58783419965616,-7.18939305833507,3.06));
#3357=CARTESIAN_POINT('Ctrl Pts',(1.59884114925275,-7.21198735428564,3.06));
#3358=CARTESIAN_POINT('Ctrl Pts',(1.61114497989207,-7.26131176862613,3.06));
#3359=CARTESIAN_POINT('Ctrl Pts',(1.611462156089,-7.33369707487794,3.06));
#3360=CARTESIAN_POINT('Ctrl Pts',(1.5905679555305,-7.4473459058636,3.06));
#3361=CARTESIAN_POINT('Ctrl Pts',(1.51210315684561,-7.63446637560025,3.06));
#3362=CARTESIAN_POINT('Ctrl Pts',(1.36083220727241,-7.81432791910638,3.06));
#3363=CARTESIAN_POINT('Ctrl Pts',(1.18913794828061,-7.92325530711392,3.06));
#3364=CARTESIAN_POINT('Ctrl Pts',(1.08068139380263,-7.96314060367756,3.06));
#3365=CARTESIAN_POINT('Ctrl Pts',(1.00903986047702,-7.97479048029731,3.06));
#3366=CARTESIAN_POINT('Ctrl Pts',(0.95861441798178,-7.97091474025888,3.06));
#3367=CARTESIAN_POINT('Ctrl Pts',(0.934197934673685,-7.96356509862918,3.06));
#3368=CARTESIAN_POINT('Ctrl Pts',(0.921384295323213,-7.95711192606624,3.06));
#3369=CARTESIAN_POINT('Ctrl Pts',(0.912589244420699,-7.95082406380437,3.06));
#3370=CARTESIAN_POINT('Ctrl Pts',(0.904990939297796,-7.94295060438946,3.06));
#3371=CARTESIAN_POINT('Ctrl Pts',(0.896699254282272,-7.93127382051513,3.06));
#3372=CARTESIAN_POINT('Ctrl Pts',(0.888795421149104,-7.91498427940576,3.06));
#3373=CARTESIAN_POINT('Ctrl Pts',(0.882163568574056,-7.89434319471319,3.06));
#3374=CARTESIAN_POINT('Ctrl Pts',(0.873514313241022,-7.85217937738286,3.06));
#3375=CARTESIAN_POINT('Ctrl Pts',(0.873015690039775,-7.78669386162071,3.06));
#3376=CARTESIAN_POINT('Ctrl Pts',(0.905293668598299,-7.61693974621571,3.06));
#3377=CARTESIAN_POINT('Ctrl Pts',(0.978641515186628,-7.48815654868641,3.06));
#3378=CARTESIAN_POINT('Ctrl Pts',(1.05243468523642,-7.40052716390715,3.06));
#3379=CARTESIAN_POINT('',(1.82902335474593,-6.86388409204498,2.66));
#3380=CARTESIAN_POINT('Ctrl Pts',(0.746470212733083,-7.14287285758615,2.66));
#3381=CARTESIAN_POINT('Ctrl Pts',(0.639111626966982,-7.27036117141122,2.66));
#3382=CARTESIAN_POINT('Ctrl Pts',(0.530511630928571,-7.45275682922889,2.66));
#3383=CARTESIAN_POINT('Ctrl Pts',(0.472783836623828,-7.74624460995086,2.66));
#3384=CARTESIAN_POINT('Ctrl Pts',(0.471508823425292,-7.88067885123449,2.66));
#3385=CARTESIAN_POINT('Ctrl Pts',(0.494162106371792,-7.99458273813025,2.66));
#3386=CARTESIAN_POINT('Ctrl Pts',(0.515262588483852,-8.06120454603023,2.66));
#3387=CARTESIAN_POINT('Ctrl Pts',(0.547076233084652,-8.12936389232387,2.66));
#3388=CARTESIAN_POINT('Ctrl Pts',(0.593928932039569,-8.19691172078831,2.66));
#3389=CARTESIAN_POINT('Ctrl Pts',(0.649639875329212,-8.25532116583554,2.66));
#3390=CARTESIAN_POINT('Ctrl Pts',(0.716083507303619,-8.30232817561149,2.66));
#3391=CARTESIAN_POINT('Ctrl Pts',(0.792995114815308,-8.33998538548057,2.66));
#3392=CARTESIAN_POINT('Ctrl Pts',(0.896784836503324,-8.36927783535578,2.66));
#3393=CARTESIAN_POINT('Ctrl Pts',(1.03984530385648,-8.37723076052821,2.66));
#3394=CARTESIAN_POINT('Ctrl Pts',(1.18715786072172,-8.35101227061908,2.66));
#3395=CARTESIAN_POINT('Ctrl Pts',(1.37596252296549,-8.2806191672217,2.66));
#3396=CARTESIAN_POINT('Ctrl Pts',(1.63746284914043,-8.11167705616611,2.66000000000001));
#3397=CARTESIAN_POINT('Ctrl Pts',(1.85177915179879,-7.85643464548482,2.66));
#3398=CARTESIAN_POINT('Ctrl Pts',(1.97445386068289,-7.57145104429007,2.66));
#3399=CARTESIAN_POINT('Ctrl Pts',(2.01154335377468,-7.37333133091338,2.66));
#3400=CARTESIAN_POINT('Ctrl Pts',(2.01333761752894,-7.2251798212175,2.66));
#3401=CARTESIAN_POINT('Ctrl Pts',(1.98136509569079,-7.08529776511467,2.66));
#3402=CARTESIAN_POINT('Ctrl Pts',(1.93729472503136,-6.99081148774915,2.66));
#3403=CARTESIAN_POINT('Ctrl Pts',(1.88896577464878,-6.92180060558331,2.66));
#3404=CARTESIAN_POINT('Ctrl Pts',(1.85118260643057,-6.88267462127069,2.66));
#3405=CARTESIAN_POINT('Ctrl Pts',(1.82991043312461,-6.86463043128891,2.66));
#3406=CARTESIAN_POINT('Ctrl Pts',(1.82902335474593,-6.86388409204498,2.66));
#3407=CARTESIAN_POINT('Ctrl Pts',(1.82902335474593,-6.86388409204498,2.66));
#3408=CARTESIAN_POINT('Ctrl Pts',(1.8094493113674,-6.84741556222059,2.66));
#3409=CARTESIAN_POINT('Ctrl Pts',(1.76626809498099,-6.81716601142349,2.66));
#3410=CARTESIAN_POINT('Ctrl Pts',(1.68949460572516,-6.78010730177005,2.66));
#3411=CARTESIAN_POINT('Ctrl Pts',(1.58781230277821,-6.75179528520344,2.66));
#3412=CARTESIAN_POINT('Ctrl Pts',(1.4839286747389,-6.74543744902174,2.66));
#3413=CARTESIAN_POINT('Ctrl Pts',(1.38548947742467,-6.7544419524656,2.66));
#3414=CARTESIAN_POINT('Ctrl Pts',(1.27353588848152,-6.77855745746854,2.66));
#3415=CARTESIAN_POINT('Ctrl Pts',(1.10774843029044,-6.84094077065225,2.66));
#3416=CARTESIAN_POINT('Ctrl Pts',(0.921814467448805,-6.96036620299199,2.66));
#3417=CARTESIAN_POINT('Ctrl Pts',(0.80014950561614,-7.07912870067362,2.66));
#3418=CARTESIAN_POINT('Ctrl Pts',(0.746470212733083,-7.14287285758616,2.66));
#3419=CARTESIAN_POINT('Ctrl Pts',(1.828913543254,-6.86383001237572,2.56));
#3420=CARTESIAN_POINT('Ctrl Pts',(1.33307399806376,-6.44628089950897,2.56));
#3421=CARTESIAN_POINT('Ctrl Pts',(0.746470212733083,-7.14287285758616,2.56));
#3422=CARTESIAN_POINT('Ctrl Pts',(0.15986642740241,-7.83946481566334,2.56));
#3423=CARTESIAN_POINT('Ctrl Pts',(0.655705972592651,-8.25701392853008,2.56));
#3424=CARTESIAN_POINT('Ctrl Pts',(1.15154551778289,-8.67456304139682,2.56));
#3425=CARTESIAN_POINT('Ctrl Pts',(1.73814930311357,-7.97797108331964,2.56));
#3426=CARTESIAN_POINT('Ctrl Pts',(2.32475308844424,-7.28137912524246,2.56));
#3427=CARTESIAN_POINT('Ctrl Pts',(1.828913543254,-6.86383001237572,2.56));
#3428=CARTESIAN_POINT('Ctrl Pts',(1.828913543254,-6.86383001237572,2.66));
#3429=CARTESIAN_POINT('Ctrl Pts',(1.33307399806376,-6.44628089950897,2.66));
#3430=CARTESIAN_POINT('Ctrl Pts',(0.746470212733083,-7.14287285758616,2.66));
#3431=CARTESIAN_POINT('Ctrl Pts',(0.15986642740241,-7.83946481566334,2.66));
#3432=CARTESIAN_POINT('Ctrl Pts',(0.655705972592651,-8.25701392853008,2.66));
#3433=CARTESIAN_POINT('Ctrl Pts',(1.15154551778289,-8.67456304139682,2.66));
#3434=CARTESIAN_POINT('Ctrl Pts',(1.73814930311357,-7.97797108331964,2.66));
#3435=CARTESIAN_POINT('Ctrl Pts',(2.32475308844424,-7.28137912524246,2.66));
#3436=CARTESIAN_POINT('Ctrl Pts',(1.828913543254,-6.86383001237572,2.66));
#3437=CARTESIAN_POINT('',(1.828913543254,-6.86383001237572,2.56));
#3438=CARTESIAN_POINT('',(1.828913543254,-6.86383001237572,2.56));
#3439=CARTESIAN_POINT('Origin',(1.24230975792332,-7.5604219704529,2.56));
#3440=CARTESIAN_POINT('Origin',(1.24230975792332,-7.5604219704529,3.06));
#3441=CARTESIAN_POINT('Ctrl Pts',(4.65576516545412,-6.47693156075929,3.06));
#3442=CARTESIAN_POINT('Ctrl Pts',(4.74226413810338,-6.52781331220018,3.06));
#3443=CARTESIAN_POINT('Ctrl Pts',(4.94458315848403,-6.64682450726389,2.98706889708965));
#3444=CARTESIAN_POINT('Ctrl Pts',(5.04123385940015,-6.70367786389902,2.77967972013675));
#3445=CARTESIAN_POINT('Ctrl Pts',(5.04123385940015,-6.70367786389902,2.66));
#3446=CARTESIAN_POINT('Ctrl Pts',(4.65576516545412,-6.47693156075929,3.06));
#3447=CARTESIAN_POINT('Ctrl Pts',(4.74446901415916,-6.51746735655389,3.06));
#3448=CARTESIAN_POINT('Ctrl Pts',(4.95081370167874,-6.61237637932106,3.0062582675036));
#3449=CARTESIAN_POINT('Ctrl Pts',(5.0851617703574,-6.67518408533224,2.79549633095619));
#3450=CARTESIAN_POINT('Ctrl Pts',(5.0851617703574,-6.67518408533224,2.66));
#3451=CARTESIAN_POINT('Ctrl Pts',(4.65576516545412,-6.47693156075929,3.06));
#3452=CARTESIAN_POINT('Ctrl Pts',(4.74887876627072,-6.49677544526131,3.06));
#3453=CARTESIAN_POINT('Ctrl Pts',(4.96287043198031,-6.54238023190359,3.02607964884485));
#3454=CARTESIAN_POINT('Ctrl Pts',(5.14906054076678,-6.58206009587377,2.81346360806308));
#3455=CARTESIAN_POINT('Ctrl Pts',(5.14906054076678,-6.58206009587377,2.66));
#3456=CARTESIAN_POINT('Ctrl Pts',(4.65576516545412,-6.47693156075929,3.06));
#3457=CARTESIAN_POINT('Ctrl Pts',(4.75328851838228,-6.47608353396873,3.06));
#3458=CARTESIAN_POINT('Ctrl Pts',(4.98039958281834,-6.47355033818181,3.0062582675036));
#3459=CARTESIAN_POINT('Ctrl Pts',(5.12868168106157,-6.4709752978607,2.7954963309562));
#3460=CARTESIAN_POINT('Ctrl Pts',(5.12868168106157,-6.4709752978607,2.66));
#3461=CARTESIAN_POINT('Ctrl Pts',(4.65576516545412,-6.47693156075929,3.06));
#3462=CARTESIAN_POINT('Ctrl Pts',(4.75549339443806,-6.46573757832244,3.06));
#3463=CARTESIAN_POINT('Ctrl Pts',(4.98875532778081,-6.43955512214502,2.98706889708965));
#3464=CARTESIAN_POINT('Ctrl Pts',(5.10018790249478,-6.42704738690345,2.77967972013675));
#3465=CARTESIAN_POINT('Ctrl Pts',(5.10018790249478,-6.42704738690345,2.66));
#3466=CARTESIAN_POINT('',(5.04123385940015,-6.70367786389902,2.66));
#3467=CARTESIAN_POINT('',(5.10018790249479,-6.42704738690345,2.66));
#3468=CARTESIAN_POINT('Origin',(4.93239564244968,-6.53588560385392,2.66));
#3469=CARTESIAN_POINT('',(4.65576516545412,-6.47693156075929,3.06));
#3470=CARTESIAN_POINT('Origin',(4.65576516545412,-6.47693156075929,2.66));
#3471=CARTESIAN_POINT('Origin',(4.65576516545412,-6.47693156075929,2.66));
#3472=CARTESIAN_POINT('Ctrl Pts',(3.8966809337745,-6.96931049569358,3.06));
#3473=CARTESIAN_POINT('Ctrl Pts',(3.82883859851998,-7.08464245922594,3.06));
#3474=CARTESIAN_POINT('Ctrl Pts',(3.71127529725465,-7.28450006028594,2.95970795768728));
#3475=CARTESIAN_POINT('Ctrl Pts',(3.66993463063476,-7.35477918963962,2.74975979010257));
#3476=CARTESIAN_POINT('Ctrl Pts',(3.66993463063476,-7.35477918963962,2.66));
#3477=CARTESIAN_POINT('Ctrl Pts',(3.8966809337745,-6.96931049569358,3.06));
#3478=CARTESIAN_POINT('Ctrl Pts',(3.84263320604836,-7.08758229396697,3.06));
#3479=CARTESIAN_POINT('Ctrl Pts',(3.74634353785012,-7.29611410861129,2.98403300862977));
#3480=CARTESIAN_POINT('Ctrl Pts',(3.69842840920154,-7.39870710059686,2.76162224821715));
#3481=CARTESIAN_POINT('Ctrl Pts',(3.69842840920154,-7.39870710059686,2.66));
#3482=CARTESIAN_POINT('Ctrl Pts',(3.8966809337745,-6.96931049569358,3.06));
#3483=CARTESIAN_POINT('Ctrl Pts',(3.87022242110514,-7.09346196344905,3.06));
#3484=CARTESIAN_POINT('Ctrl Pts',(3.8229083252368,-7.3154742330344,3.00982393589531));
#3485=CARTESIAN_POINT('Ctrl Pts',(3.791551830878,-7.46260853521383,2.77509770604731));
#3486=CARTESIAN_POINT('Ctrl Pts',(3.791551830878,-7.46260853521383,2.66));
#3487=CARTESIAN_POINT('Ctrl Pts',(3.8966809337745,-6.96931049569358,3.06));
#3488=CARTESIAN_POINT('Ctrl Pts',(3.89781163616191,-7.09934163293113,3.06));
#3489=CARTESIAN_POINT('Ctrl Pts',(3.90071379556535,-7.32901269203824,2.98403300862977));
#3490=CARTESIAN_POINT('Ctrl Pts',(3.90263719667309,-7.44222701130104,2.76162224821715));
#3491=CARTESIAN_POINT('Ctrl Pts',(3.90263719667309,-7.44222701130104,2.66));
#3492=CARTESIAN_POINT('Ctrl Pts',(3.8966809337745,-6.96931049569358,3.06));
#3493=CARTESIAN_POINT('Ctrl Pts',(3.9116062436903,-7.10228146767217,3.06));
#3494=CARTESIAN_POINT('Ctrl Pts',(3.93747016331403,-7.33270552927938,2.95970795768728));
#3495=CARTESIAN_POINT('Ctrl Pts',(3.94656510763033,-7.41373323273425,2.74975979010257));
#3496=CARTESIAN_POINT('Ctrl Pts',(3.94656510763033,-7.41373323273425,2.66));
#3497=CARTESIAN_POINT('',(3.66993463063476,-7.35477918963962,2.66));
#3498=CARTESIAN_POINT('',(3.94656510763033,-7.41373323273425,2.66));
#3499=CARTESIAN_POINT('Origin',(3.83772689067986,-7.24594097268915,2.66));
#3500=CARTESIAN_POINT('',(3.89668093377449,-6.96931049569358,3.06));
#3501=CARTESIAN_POINT('Origin',(3.8966809337745,-6.96931049569358,2.66));
#3502=CARTESIAN_POINT('Origin',(3.8966809337745,-6.96931049569358,2.66));
#3503=CARTESIAN_POINT('Origin',(4.54989023755676,-6.54560718601763,2.66));
#3504=CARTESIAN_POINT('',(4.54989023755676,-6.54560718601763,3.06));
#3505=CARTESIAN_POINT('',(4.7675666714577,-6.88119170610783,2.66));
#3506=CARTESIAN_POINT('Ctrl Pts',(4.46479439722621,-6.18251827743535,3.06));
#3507=CARTESIAN_POINT('Ctrl Pts',(4.51567614866709,-6.09601930478608,3.06));
#3508=CARTESIAN_POINT('Ctrl Pts',(4.63469014172806,-5.89369552781037,2.98707481948319));
#3509=CARTESIAN_POINT('Ctrl Pts',(4.69154070036594,-5.79704958348931,2.77967972013675));
#3510=CARTESIAN_POINT('Ctrl Pts',(4.69154070036594,-5.79704958348931,2.66));
#3511=CARTESIAN_POINT('Ctrl Pts',(4.46479439722621,-6.18251827743535,3.06));
#3512=CARTESIAN_POINT('Ctrl Pts',(4.50533019302081,-6.0938144287303,3.06));
#3513=CARTESIAN_POINT('Ctrl Pts',(4.60024247783737,-5.88746530783552,3.00627051105654));
#3514=CARTESIAN_POINT('Ctrl Pts',(4.66304692179916,-5.75312167253207,2.7954963309562));
#3515=CARTESIAN_POINT('Ctrl Pts',(4.66304692179916,-5.75312167253207,2.66));
#3516=CARTESIAN_POINT('Ctrl Pts',(4.46479439722621,-6.18251827743535,3.06));
#3517=CARTESIAN_POINT('Ctrl Pts',(4.48463828172823,-6.08940467661875,3.06));
#3518=CARTESIAN_POINT('Ctrl Pts',(4.53024207461465,-5.87541767391687,3.02610724904318));
#3519=CARTESIAN_POINT('Ctrl Pts',(4.56992422540407,-5.68921683467218,2.81346360806308));
#3520=CARTESIAN_POINT('Ctrl Pts',(4.56992422540407,-5.68921683467218,2.66));
#3521=CARTESIAN_POINT('Ctrl Pts',(4.46479439722621,-6.18251827743535,3.06));
#3522=CARTESIAN_POINT('Ctrl Pts',(4.46394637043565,-6.08499492450718,3.06));
#3523=CARTESIAN_POINT('Ctrl Pts',(4.46141200357795,-5.8578784819325,3.00627051105654));
#3524=CARTESIAN_POINT('Ctrl Pts',(4.45883813432762,-5.7096017618279,2.7954963309562));
#3525=CARTESIAN_POINT('Ctrl Pts',(4.45883813432762,-5.7096017618279,2.66));
#3526=CARTESIAN_POINT('Ctrl Pts',(4.46479439722621,-6.18251827743535,3.06));
#3527=CARTESIAN_POINT('Ctrl Pts',(4.45360041478936,-6.0827900484514,3.06));
#3528=CARTESIAN_POINT('Ctrl Pts',(4.4274173430527,-5.84952263103425,2.98707481948319));
#3529=CARTESIAN_POINT('Ctrl Pts',(4.41491022337037,-5.73809554039468,2.77967972013675));
#3530=CARTESIAN_POINT('Ctrl Pts',(4.41491022337037,-5.73809554039468,2.66));
#3531=CARTESIAN_POINT('',(4.69154070036594,-5.79704958348931,2.66));
#3532=CARTESIAN_POINT('',(4.41491022337037,-5.73809554039468,2.66));
#3533=CARTESIAN_POINT('Origin',(4.52374844032084,-5.90588780043978,2.66));
#3534=CARTESIAN_POINT('',(4.46479439722621,-6.18251827743535,3.06));
#3535=CARTESIAN_POINT('Origin',(4.46479439722621,-6.18251827743535,2.66));
#3536=CARTESIAN_POINT('Origin',(4.46479439722621,-6.18251827743535,2.66));
#3537=CARTESIAN_POINT('Ctrl Pts',(3.70571016554659,-6.67489721236964,3.06));
#3538=CARTESIAN_POINT('Ctrl Pts',(3.61921119289732,-6.62401546092875,3.06));
#3539=CARTESIAN_POINT('Ctrl Pts',(3.41688582630429,-6.50500053279873,2.98707679870135));
#3540=CARTESIAN_POINT('Ctrl Pts',(3.32024147160055,-6.44815090922991,2.77967972013675));
#3541=CARTESIAN_POINT('Ctrl Pts',(3.32024147160055,-6.44815090922991,2.66));
#3542=CARTESIAN_POINT('Ctrl Pts',(3.70571016554659,-6.67489721236964,3.06));
#3543=CARTESIAN_POINT('Ctrl Pts',(3.61700631684154,-6.63436141657504,3.06));
#3544=CARTESIAN_POINT('Ctrl Pts',(3.41065571434702,-6.53944804160678,3.00627460275732));
#3545=CARTESIAN_POINT('Ctrl Pts',(3.27631356064331,-6.47664468779669,2.7954963309562));
#3546=CARTESIAN_POINT('Ctrl Pts',(3.27631356064331,-6.47664468779669,2.66));
#3547=CARTESIAN_POINT('Ctrl Pts',(3.70571016554659,-6.67489721236965,3.06));
#3548=CARTESIAN_POINT('Ctrl Pts',(3.61259656472998,-6.65505332786763,3.06));
#3549=CARTESIAN_POINT('Ctrl Pts',(3.39861114512304,-6.60944987236213,3.02611648946785));
#3550=CARTESIAN_POINT('Ctrl Pts',(3.21240668142348,-6.56976694914781,2.81346360806308));
#3551=CARTESIAN_POINT('Ctrl Pts',(3.21240668142348,-6.56976694914781,2.66));
#3552=CARTESIAN_POINT('Ctrl Pts',(3.70571016554659,-6.67489721236964,3.06));
#3553=CARTESIAN_POINT('Ctrl Pts',(3.60818681261842,-6.6757452391602,3.06));
#3554=CARTESIAN_POINT('Ctrl Pts',(3.38106857271136,-6.6782799973807,3.00627460275732));
#3555=CARTESIAN_POINT('Ctrl Pts',(3.23279364993913,-6.68085347526824,2.7954963309562));
#3556=CARTESIAN_POINT('Ctrl Pts',(3.23279364993913,-6.68085347526824,2.66));
#3557=CARTESIAN_POINT('Ctrl Pts',(3.70571016554659,-6.67489721236964,3.06));
#3558=CARTESIAN_POINT('Ctrl Pts',(3.60598193656264,-6.68609119480649,3.06));
#3559=CARTESIAN_POINT('Ctrl Pts',(3.3727126864102,-6.71227447225829,2.98707679870135));
#3560=CARTESIAN_POINT('Ctrl Pts',(3.26128742850592,-6.72478138622548,2.77967972013675));
#3561=CARTESIAN_POINT('Ctrl Pts',(3.26128742850592,-6.72478138622548,2.66));
#3562=CARTESIAN_POINT('',(3.32024147160055,-6.44815090922991,2.66));
#3563=CARTESIAN_POINT('',(3.26128742850592,-6.72478138622548,2.66));
#3564=CARTESIAN_POINT('Origin',(3.42907968855102,-6.61594316927501,2.66));
#3565=CARTESIAN_POINT('',(3.70571016554659,-6.67489721236964,3.06));
#3566=CARTESIAN_POINT('Origin',(3.70571016554659,-6.67489721236964,2.66));
#3567=CARTESIAN_POINT('Origin',(3.70571016554659,-6.67489721236964,2.66));
#3568=CARTESIAN_POINT('Origin',(3.90335735019275,-6.97960330488515,2.66));
#3569=CARTESIAN_POINT('',(3.90335735019275,-6.97960330488515,3.06));
#3570=CARTESIAN_POINT('',(3.56777283010255,-7.19727973878608,2.66));
#3571=CARTESIAN_POINT('Origin',(3.81158509344394,-6.6062215871113,2.66));
#3572=CARTESIAN_POINT('',(3.59390865954301,-6.2706370670211,2.66));
#3573=CARTESIAN_POINT('',(3.81158509344394,-6.6062215871113,3.06));
#3574=CARTESIAN_POINT('Origin',(4.45811798080795,-6.17222546824378,2.66));
#3575=CARTESIAN_POINT('',(4.79370250089815,-5.95454903434285,2.66));
#3576=CARTESIAN_POINT('',(4.45811798080795,-6.17222546824378,3.06));
#3577=CARTESIAN_POINT('Origin',(5.04123385940015,-6.70367786389902,2.56));
#3578=CARTESIAN_POINT('',(3.94656510763033,-7.41373323273425,2.56));
#3579=CARTESIAN_POINT('',(3.94656510763033,-7.41373323273425,2.56));
#3580=CARTESIAN_POINT('',(5.04123385940015,-6.70367786389902,2.56));
#3581=CARTESIAN_POINT('',(3.34804958498297,-7.80195949707211,2.56));
#3582=CARTESIAN_POINT('',(5.04123385940015,-6.70367786389902,2.56));
#3583=CARTESIAN_POINT('Origin',(3.83772689067986,-7.24594097268915,2.56));
#3584=CARTESIAN_POINT('',(3.66993463063476,-7.35477918963962,2.56));
#3585=CARTESIAN_POINT('',(3.66993463063476,-7.35477918963962,2.56));
#3586=CARTESIAN_POINT('Origin',(3.83772689067986,-7.24594097268915,2.56));
#3587=CARTESIAN_POINT('Origin',(3.66993463063476,-7.35477918963962,2.56));
#3588=CARTESIAN_POINT('',(3.26128742850592,-6.72478138622548,2.56));
#3589=CARTESIAN_POINT('',(3.26128742850592,-6.72478138622548,2.56));
#3590=CARTESIAN_POINT('',(2.8969210838271,-6.16304990833977,2.56));
#3591=CARTESIAN_POINT('Origin',(3.42907968855102,-6.61594316927501,2.56));
#3592=CARTESIAN_POINT('',(3.32024147160055,-6.44815090922991,2.56));
#3593=CARTESIAN_POINT('',(3.32024147160055,-6.44815090922991,2.56));
#3594=CARTESIAN_POINT('Origin',(3.42907968855102,-6.61594316927501,2.56));
#3595=CARTESIAN_POINT('Origin',(4.18073766550035,-6.57591438656446,3.06));
#3596=CARTESIAN_POINT('Ctrl Pts',(-1.35893041386706,-7.38748826650831,3.06));
#3597=CARTESIAN_POINT('Ctrl Pts',(-1.30134799657312,-7.36616144642122,3.06));
#3598=CARTESIAN_POINT('Ctrl Pts',(-1.17822401095869,-7.34064001230555,3.06));
#3599=CARTESIAN_POINT('Ctrl Pts',(-0.991713333551078,-7.36235498256974,
3.06));
#3600=CARTESIAN_POINT('Ctrl Pts',(-0.860975867801505,-7.43958481560705,
3.06));
#3601=CARTESIAN_POINT('Ctrl Pts',(-0.791194467110858,-7.54381170260102,
3.06));
#3602=CARTESIAN_POINT('Ctrl Pts',(-0.768604736427369,-7.6522680117639,3.06));
#3603=CARTESIAN_POINT('Ctrl Pts',(-0.810655817385289,-7.81311521337161,
3.06));
#3604=CARTESIAN_POINT('Ctrl Pts',(-0.975454598161455,-8.00520831564028,
3.05999999999999));
#3605=CARTESIAN_POINT('Ctrl Pts',(-1.22592949551327,-8.09771506902885,3.06));
#3606=CARTESIAN_POINT('Ctrl Pts',(-1.47474904978085,-8.07362395138159,3.06));
#3607=CARTESIAN_POINT('Ctrl Pts',(-1.60146945682381,-8.00457401898348,3.06));
#3608=CARTESIAN_POINT('Ctrl Pts',(-1.67054522758529,-7.90991834949532,3.06));
#3609=CARTESIAN_POINT('Ctrl Pts',(-1.69195489036568,-7.85120942370142,3.06));
#3610=CARTESIAN_POINT('Ctrl Pts',(-1.69996889562057,-7.74247641080959,3.06));
#3611=CARTESIAN_POINT('Ctrl Pts',(-1.66895472237461,-7.65182237859782,3.06));
#3612=CARTESIAN_POINT('Ctrl Pts',(-1.59988982578613,-7.54926845688962,3.06));
#3613=CARTESIAN_POINT('Ctrl Pts',(-1.51219358327873,-7.46147212293887,3.06));
#3614=CARTESIAN_POINT('Ctrl Pts',(-1.416512831161,-7.40881508659541,3.06));
#3615=CARTESIAN_POINT('Ctrl Pts',(-1.35893041386706,-7.38748826650831,3.06));
#3616=CARTESIAN_POINT('Ctrl Pts',(-1.39530108645949,-7.28928744529232,3.06));
#3617=CARTESIAN_POINT('Ctrl Pts',(-1.32784975183025,-7.26430547083076,3.06));
#3618=CARTESIAN_POINT('Ctrl Pts',(-1.18350389419632,-7.23430083824482,3.06));
#3619=CARTESIAN_POINT('Ctrl Pts',(-0.960304417462264,-7.25962643387385,
3.06));
#3620=CARTESIAN_POINT('Ctrl Pts',(-0.790938134142829,-7.35659051702926,
3.06));
#3621=CARTESIAN_POINT('Ctrl Pts',(-0.691589884907262,-7.50310138863613,
3.06));
#3622=CARTESIAN_POINT('Ctrl Pts',(-0.660176712105646,-7.65873469433944,
3.06));
#3623=CARTESIAN_POINT('Ctrl Pts',(-0.717451240815847,-7.86831111589206,
3.06));
#3624=CARTESIAN_POINT('Ctrl Pts',(-0.916806030455457,-8.09693849719089,
3.05999999999999));
#3625=CARTESIAN_POINT('Ctrl Pts',(-1.20715602664155,-8.20455713322527,3.06));
#3626=CARTESIAN_POINT('Ctrl Pts',(-1.50466950214227,-8.17670921402711,3.06));
#3627=CARTESIAN_POINT('Ctrl Pts',(-1.6676847267758,-8.09077616698665,3.06));
#3628=CARTESIAN_POINT('Ctrl Pts',(-1.76480398919349,-7.95895457102259,3.06));
#3629=CARTESIAN_POINT('Ctrl Pts',(-1.79552557435475,-7.87458801952474,3.06));
#3630=CARTESIAN_POINT('Ctrl Pts',(-1.80620165557356,-7.72279368503448,3.06));
#3631=CARTESIAN_POINT('Ctrl Pts',(-1.76467787230824,-7.60654574745522,3.06));
#3632=CARTESIAN_POINT('Ctrl Pts',(-1.67999376187856,-7.48063848545991,3.06));
#3633=CARTESIAN_POINT('Ctrl Pts',(-1.57470374248249,-7.37578190209198,3.06));
#3634=CARTESIAN_POINT('Ctrl Pts',(-1.46275242108878,-7.3142694197539,3.06));
#3635=CARTESIAN_POINT('Ctrl Pts',(-1.39530108645949,-7.28928744529232,3.06));
#3636=CARTESIAN_POINT('Ctrl Pts',(-1.46778151366664,-7.09359028143756,2.97340802088687));
#3637=CARTESIAN_POINT('Ctrl Pts',(-1.38076541796404,-7.06136209955597,2.97340802088687));
#3638=CARTESIAN_POINT('Ctrl Pts',(-1.19393597545163,-7.02242524041573,2.97340802088687));
#3639=CARTESIAN_POINT('Ctrl Pts',(-0.897714469720132,-7.05487329985486,
2.97340802088687));
#3640=CARTESIAN_POINT('Ctrl Pts',(-0.651301827877054,-7.19136284495433,
2.97340802088687));
#3641=CARTESIAN_POINT('Ctrl Pts',(-0.493143025836686,-7.42192292910774,
2.97340802088687));
#3642=CARTESIAN_POINT('Ctrl Pts',(-0.444164163210099,-7.67160456446801,
2.97340802088687));
#3643=CARTESIAN_POINT('Ctrl Pts',(-0.531677339393754,-7.9782212492866,2.97340802088687));
#3644=CARTESIAN_POINT('Ctrl Pts',(-0.799912960218821,-8.27977296787804,
2.97340802088687));
#3645=CARTESIAN_POINT('Ctrl Pts',(-1.16981932006065,-8.4174280922487,2.97340802088687));
#3646=CARTESIAN_POINT('Ctrl Pts',(-1.56425374125263,-8.38217166878826,2.97340802088687));
#3647=CARTESIAN_POINT('Ctrl Pts',(-1.79969741639401,-8.2624259932834,2.97340802088687));
#3648=CARTESIAN_POINT('Ctrl Pts',(-1.95260895969782,-8.05666854691074,2.97340802088687));
#3649=CARTESIAN_POINT('Ctrl Pts',(-2.00187679352652,-7.92115904678044,2.97340802088687));
#3650=CARTESIAN_POINT('Ctrl Pts',(-2.01788978949113,-7.68365321660136,2.97340802088687));
#3651=CARTESIAN_POINT('Ctrl Pts',(-1.95540957827693,-7.51632503105453,2.97340802088687));
#3652=CARTESIAN_POINT('Ctrl Pts',(-1.83964451370162,-7.34391190851412,2.97340802088687));
#3653=CARTESIAN_POINT('Ctrl Pts',(-1.69934940810425,-7.20508312101943,2.97340802088687));
#3654=CARTESIAN_POINT('Ctrl Pts',(-1.55479760936941,-7.12581846331922,2.97340802088687));
#3655=CARTESIAN_POINT('Ctrl Pts',(-1.46778151366664,-7.09359028143756,2.97340802088687));
#3656=CARTESIAN_POINT('Ctrl Pts',(-1.49785614970695,-7.0123887598153,2.76471975511966));
#3657=CARTESIAN_POINT('Ctrl Pts',(-1.40256747970703,-6.97709666169004,2.76471975511966));
#3658=CARTESIAN_POINT('Ctrl Pts',(-1.19840025422975,-6.93445047905877,2.76471975511966));
#3659=CARTESIAN_POINT('Ctrl Pts',(-0.871739866925183,-6.96996398135589,
2.76471975511966));
#3660=CARTESIAN_POINT('Ctrl Pts',(-0.593457473385929,-7.12255414141904,
2.76471975511966));
#3661=CARTESIAN_POINT('Ctrl Pts',(-0.410728428633836,-7.38831452043704,
2.76471975511966));
#3662=CARTESIAN_POINT('Ctrl Pts',(-0.354433922933678,-7.67697055278727,
2.76471975511966));
#3663=CARTESIAN_POINT('Ctrl Pts',(-0.45464374702546,-8.02395621379994,2.76471975511966));
#3664=CARTESIAN_POINT('Ctrl Pts',(-0.751435162994352,-8.35558872814768,
2.76471975511966));
#3665=CARTESIAN_POINT('Ctrl Pts',(-1.1542129128313,-8.5058261514522,2.76471975511966));
#3666=CARTESIAN_POINT('Ctrl Pts',(-1.58904077133754,-8.46737764733257,2.76471975511966));
#3667=CARTESIAN_POINT('Ctrl Pts',(-1.85438769887278,-8.33385496178909,2.76471975511966));
#3668=CARTESIAN_POINT('Ctrl Pts',(-2.03059064680992,-8.09722355721915,2.76471975511966));
#3669=CARTESIAN_POINT('Ctrl Pts',(-2.08757026361201,-7.94051084338808,2.76471975511966));
#3670=CARTESIAN_POINT('Ctrl Pts',(-2.10574960802139,-7.6672859368778,2.76471975511966));
#3671=CARTESIAN_POINT('Ctrl Pts',(-2.03459288481854,-7.47887764811901,2.76471975511966));
#3672=CARTESIAN_POINT('Ctrl Pts',(-1.90586264902699,-7.28711735914623,2.76471975511966));
#3673=CARTESIAN_POINT('Ctrl Pts',(-1.75095775811461,-7.1341531989974,2.76471975511966));
#3674=CARTESIAN_POINT('Ctrl Pts',(-1.59314481970709,-7.04768085794063,2.76471975511966));
#3675=CARTESIAN_POINT('Ctrl Pts',(-1.49785614970695,-7.0123887598153,2.76471975511966));
#3676=CARTESIAN_POINT('Ctrl Pts',(-1.49785614970695,-7.0123887598153,2.66));
#3677=CARTESIAN_POINT('Ctrl Pts',(-1.40264662599123,-6.97712597512708,2.66));
#3678=CARTESIAN_POINT('Ctrl Pts',(-1.19833075582701,-6.93448134683277,2.66));
#3679=CARTESIAN_POINT('Ctrl Pts',(-0.871741849065206,-6.96993844688749,
2.66));
#3680=CARTESIAN_POINT('Ctrl Pts',(-0.593408504193395,-7.12268224213463,
2.66));
#3681=CARTESIAN_POINT('Ctrl Pts',(-0.410765385124934,-7.38827591938126,
2.66));
#3682=CARTESIAN_POINT('Ctrl Pts',(-0.354484728562103,-7.67695731680163,
2.66));
#3683=CARTESIAN_POINT('Ctrl Pts',(-0.454617912263687,-8.02388989123557,
2.66));
#3684=CARTESIAN_POINT('Ctrl Pts',(-0.751422261895199,-8.35561362051308,
2.66));
#3685=CARTESIAN_POINT('Ctrl Pts',(-1.15427137985919,-8.50579001263343,2.66));
#3686=CARTESIAN_POINT('Ctrl Pts',(-1.58900825351525,-8.46740198376393,2.66));
#3687=CARTESIAN_POINT('Ctrl Pts',(-1.85443193900973,-8.33374966503577,2.66));
#3688=CARTESIAN_POINT('Ctrl Pts',(-2.03056251417655,-8.09721838140064,2.66));
#3689=CARTESIAN_POINT('Ctrl Pts',(-2.08753377822376,-7.94049656600048,2.66));
#3690=CARTESIAN_POINT('Ctrl Pts',(-2.10573777776887,-7.66735077201367,2.66));
#3691=CARTESIAN_POINT('Ctrl Pts',(-2.03457130218657,-7.47888363608172,2.66));
#3692=CARTESIAN_POINT('Ctrl Pts',(-1.90587621760869,-7.2871491060353,2.66));
#3693=CARTESIAN_POINT('Ctrl Pts',(-1.75101485783193,-7.13420499408196,2.66));
#3694=CARTESIAN_POINT('Ctrl Pts',(-1.59306567342288,-7.04765154450359,2.66));
#3695=CARTESIAN_POINT('Ctrl Pts',(-1.49785614970695,-7.0123887598153,2.66));
#3696=CARTESIAN_POINT('',(-1.49785614970695,-7.0123887598153,2.66));
#3697=CARTESIAN_POINT('',(-1.35893041386706,-7.38748826650831,3.06));
#3698=CARTESIAN_POINT('Origin',(-1.35893041386706,-7.38748826650831,2.66));
#3699=CARTESIAN_POINT('Ctrl Pts',(-1.35893041386706,-7.38748826650831,3.06));
#3700=CARTESIAN_POINT('Ctrl Pts',(-1.30134799657312,-7.36616144642122,3.06));
#3701=CARTESIAN_POINT('Ctrl Pts',(-1.17822401095869,-7.34064001230555,3.06));
#3702=CARTESIAN_POINT('Ctrl Pts',(-0.991713333551078,-7.36235498256974,
3.06));
#3703=CARTESIAN_POINT('Ctrl Pts',(-0.860975867801505,-7.43958481560705,
3.06));
#3704=CARTESIAN_POINT('Ctrl Pts',(-0.791194467110858,-7.54381170260102,
3.06));
#3705=CARTESIAN_POINT('Ctrl Pts',(-0.768604736427369,-7.6522680117639,3.06));
#3706=CARTESIAN_POINT('Ctrl Pts',(-0.810655817385289,-7.81311521337161,
3.06));
#3707=CARTESIAN_POINT('Ctrl Pts',(-0.975454598161455,-8.00520831564028,
3.05999999999999));
#3708=CARTESIAN_POINT('Ctrl Pts',(-1.22592949551327,-8.09771506902885,3.06));
#3709=CARTESIAN_POINT('Ctrl Pts',(-1.47474904978085,-8.07362395138159,3.06));
#3710=CARTESIAN_POINT('Ctrl Pts',(-1.60146945682381,-8.00457401898348,3.06));
#3711=CARTESIAN_POINT('Ctrl Pts',(-1.67054522758529,-7.90991834949532,3.06));
#3712=CARTESIAN_POINT('Ctrl Pts',(-1.69195489036568,-7.85120942370142,3.06));
#3713=CARTESIAN_POINT('Ctrl Pts',(-1.69996889562057,-7.74247641080959,3.06));
#3714=CARTESIAN_POINT('Ctrl Pts',(-1.66895472237461,-7.65182237859782,3.06));
#3715=CARTESIAN_POINT('Ctrl Pts',(-1.59988982578613,-7.54926845688962,3.06));
#3716=CARTESIAN_POINT('Ctrl Pts',(-1.51219358327873,-7.46147212293887,3.06));
#3717=CARTESIAN_POINT('Ctrl Pts',(-1.416512831161,-7.40881508659541,3.06));
#3718=CARTESIAN_POINT('Ctrl Pts',(-1.35893041386706,-7.38748826650831,3.06));
#3719=CARTESIAN_POINT('',(-0.419164397643399,-7.41407189240363,2.66));
#3720=CARTESIAN_POINT('Ctrl Pts',(-1.49785614970695,-7.0123887598153,2.66));
#3721=CARTESIAN_POINT('Ctrl Pts',(-1.59306567342288,-7.04765154450359,2.66));
#3722=CARTESIAN_POINT('Ctrl Pts',(-1.75101485783193,-7.13420499408196,2.66));
#3723=CARTESIAN_POINT('Ctrl Pts',(-1.90587621760869,-7.2871491060353,2.66));
#3724=CARTESIAN_POINT('Ctrl Pts',(-2.03457130218657,-7.47888363608172,2.66));
#3725=CARTESIAN_POINT('Ctrl Pts',(-2.10573777776887,-7.66735077201367,2.66));
#3726=CARTESIAN_POINT('Ctrl Pts',(-2.08753377822376,-7.94049656600048,2.66));
#3727=CARTESIAN_POINT('Ctrl Pts',(-2.03056251417655,-8.09721838140064,2.66));
#3728=CARTESIAN_POINT('Ctrl Pts',(-1.85443193900973,-8.33374966503577,2.66));
#3729=CARTESIAN_POINT('Ctrl Pts',(-1.58900825351525,-8.46740198376393,2.66));
#3730=CARTESIAN_POINT('Ctrl Pts',(-1.15427137985919,-8.50579001263343,2.66));
#3731=CARTESIAN_POINT('Ctrl Pts',(-0.751422261895199,-8.35561362051308,
2.66));
#3732=CARTESIAN_POINT('Ctrl Pts',(-0.454617912263687,-8.02388989123557,
2.66));
#3733=CARTESIAN_POINT('Ctrl Pts',(-0.359153702015109,-7.69313396194698,
2.66));
#3734=CARTESIAN_POINT('Ctrl Pts',(-0.391598557765961,-7.4901604853422,2.66));
#3735=CARTESIAN_POINT('Ctrl Pts',(-0.419164397643399,-7.41407189240363,
2.66));
#3736=CARTESIAN_POINT('Ctrl Pts',(-0.419164397643399,-7.41407189240363,
2.66));
#3737=CARTESIAN_POINT('Ctrl Pts',(-0.4258774387499,-7.39554222472785,2.66));
#3738=CARTESIAN_POINT('Ctrl Pts',(-0.456663825637366,-7.32153190155154,
2.66));
#3739=CARTESIAN_POINT('Ctrl Pts',(-0.593408504193395,-7.12268224213463,
2.66));
#3740=CARTESIAN_POINT('Ctrl Pts',(-0.871741849065206,-6.96993844688749,
2.66));
#3741=CARTESIAN_POINT('Ctrl Pts',(-1.19833075582701,-6.93448134683277,2.66));
#3742=CARTESIAN_POINT('Ctrl Pts',(-1.40264662599123,-6.97712597512708,2.66));
#3743=CARTESIAN_POINT('Ctrl Pts',(-1.49785614970695,-7.0123887598153,2.66));
#3744=CARTESIAN_POINT('Ctrl Pts',(-0.419103787183687,-7.41411987392479,
2.56));
#3745=CARTESIAN_POINT('Ctrl Pts',(-0.680071968862761,-6.70950574596216,
2.56));
#3746=CARTESIAN_POINT('Ctrl Pts',(-1.49785614970695,-7.0123887598153,2.56));
#3747=CARTESIAN_POINT('Ctrl Pts',(-2.31564033055115,-7.31527177366844,2.56));
#3748=CARTESIAN_POINT('Ctrl Pts',(-2.05467214887207,-8.01988590163106,2.56));
#3749=CARTESIAN_POINT('Ctrl Pts',(-1.793703967193,-8.72450002959369,2.56));
#3750=CARTESIAN_POINT('Ctrl Pts',(-0.975919786348807,-8.42161701574056,
2.56));
#3751=CARTESIAN_POINT('Ctrl Pts',(-0.158135605504613,-8.11873400188742,
2.56));
#3752=CARTESIAN_POINT('Ctrl Pts',(-0.419103787183687,-7.41411987392479,
2.56));
#3753=CARTESIAN_POINT('Ctrl Pts',(-0.419103787183687,-7.41411987392479,
2.66));
#3754=CARTESIAN_POINT('Ctrl Pts',(-0.680071968862761,-6.70950574596216,
2.66));
#3755=CARTESIAN_POINT('Ctrl Pts',(-1.49785614970695,-7.0123887598153,2.66));
#3756=CARTESIAN_POINT('Ctrl Pts',(-2.31564033055115,-7.31527177366844,2.66));
#3757=CARTESIAN_POINT('Ctrl Pts',(-2.05467214887207,-8.01988590163106,2.66));
#3758=CARTESIAN_POINT('Ctrl Pts',(-1.793703967193,-8.72450002959369,2.66));
#3759=CARTESIAN_POINT('Ctrl Pts',(-0.975919786348807,-8.42161701574056,
2.66));
#3760=CARTESIAN_POINT('Ctrl Pts',(-0.158135605504613,-8.11873400188742,
2.66));
#3761=CARTESIAN_POINT('Ctrl Pts',(-0.419103787183687,-7.41411987392479,
2.66));
#3762=CARTESIAN_POINT('',(-0.419103787183687,-7.41411987392479,2.56));
#3763=CARTESIAN_POINT('',(-0.419103787183687,-7.41411987392479,2.56));
#3764=CARTESIAN_POINT('Origin',(-1.23688796802788,-7.71700288777793,2.56));
#3765=CARTESIAN_POINT('Origin',(-1.23688796802788,-7.71700288777793,3.06));
#3766=CARTESIAN_POINT('Ctrl Pts',(-4.26584927015606,-6.11269632585553,3.06));
#3767=CARTESIAN_POINT('Ctrl Pts',(-4.25376892784991,-6.01307157878515,3.06));
#3768=CARTESIAN_POINT('Ctrl Pts',(-4.22551240918581,-5.78004436368978,2.98707681410261));
#3769=CARTESIAN_POINT('Ctrl Pts',(-4.21201517677262,-5.66873473924068,2.77967972013675));
#3770=CARTESIAN_POINT('Ctrl Pts',(-4.21201517677262,-5.66873473924068,2.66));
#3771=CARTESIAN_POINT('Ctrl Pts',(-4.26584927015606,-6.11269632585553,3.06));
#3772=CARTESIAN_POINT('Ctrl Pts',(-4.26413408063382,-6.01518436945689,3.06));
#3773=CARTESIAN_POINT('Ctrl Pts',(-4.2595798407403,-5.78809763456235,3.00627463459684));
#3774=CARTESIAN_POINT('Ctrl Pts',(-4.25568797886736,-5.63985147184805,2.7954963309562));
#3775=CARTESIAN_POINT('Ctrl Pts',(-4.25568797886736,-5.63985147184805,2.66));
#3776=CARTESIAN_POINT('Ctrl Pts',(-4.26584927015606,-6.11269632585553,3.06));
#3777=CARTESIAN_POINT('Ctrl Pts',(-4.28486438620164,-6.01940995080035,3.06));
#3778=CARTESIAN_POINT('Ctrl Pts',(-4.32856323701428,-5.80502748915154,3.02611656140504));
#3779=CARTESIAN_POINT('Ctrl Pts',(-4.36658883147246,-5.61847749083343,2.81346360806308));
#3780=CARTESIAN_POINT('Ctrl Pts',(-4.36658883147246,-5.61847749083343,2.66));
#3781=CARTESIAN_POINT('Ctrl Pts',(-4.26584927015606,-6.11269632585553,3.06));
#3782=CARTESIAN_POINT('Ctrl Pts',(-4.30559469176946,-6.02363553214381,3.06));
#3783=CARTESIAN_POINT('Ctrl Pts',(-4.39866941366875,-5.81644908854906,3.00627463459684));
#3784=CARTESIAN_POINT('Ctrl Pts',(-4.46027568002559,-5.68155379843884,2.7954963309562));
#3785=CARTESIAN_POINT('Ctrl Pts',(-4.46027568002559,-5.68155379843884,2.66));
#3786=CARTESIAN_POINT('Ctrl Pts',(-4.26584927015606,-6.11269632585553,3.06));
#3787=CARTESIAN_POINT('Ctrl Pts',(-4.31595984455337,-6.02574832281554,3.06));
#3788=CARTESIAN_POINT('Ctrl Pts',(-4.43317095867931,-5.82237263954078,2.98707681410261));
#3789=CARTESIAN_POINT('Ctrl Pts',(-4.48915894741822,-5.72522660053358,2.77967972013675));
#3790=CARTESIAN_POINT('Ctrl Pts',(-4.48915894741822,-5.72522660053358,2.66));
#3791=CARTESIAN_POINT('',(-4.21201517677262,-5.66873473924068,2.66));
#3792=CARTESIAN_POINT('',(-4.48915894741822,-5.72522660053358,2.66));
#3793=CARTESIAN_POINT('Origin',(-4.32234113144896,-5.83555255520993,2.66));
#3794=CARTESIAN_POINT('',(-4.26584927015606,-6.11269632585553,3.06));
#3795=CARTESIAN_POINT('Origin',(-4.26584927015606,-6.11269632585553,2.66));
#3796=CARTESIAN_POINT('Origin',(-4.26584927015606,-6.11269632585554,2.66));
#3797=CARTESIAN_POINT('Ctrl Pts',(-3.31697608922918,-6.74023924712142,3.06));
#3798=CARTESIAN_POINT('Ctrl Pts',(-3.2173513421588,-6.75231958942757,3.06));
#3799=CARTESIAN_POINT('Ctrl Pts',(-2.98432188897893,-6.78057637947833,2.98707923357839));
#3800=CARTESIAN_POINT('Ctrl Pts',(-2.87301450261432,-6.79407334050486,2.77967972013675));
#3801=CARTESIAN_POINT('Ctrl Pts',(-2.87301450261432,-6.79407334050486,2.66));
#3802=CARTESIAN_POINT('Ctrl Pts',(-3.31697608922918,-6.74023924712142,3.06));
#3803=CARTESIAN_POINT('Ctrl Pts',(-3.21946413283053,-6.74195443664366,3.06));
#3804=CARTESIAN_POINT('Ctrl Pts',(-2.99237520514576,-6.74650917447319,3.00627963645622));
#3805=CARTESIAN_POINT('Ctrl Pts',(-2.8441312352217,-6.75040053841012,2.7954963309562));
#3806=CARTESIAN_POINT('Ctrl Pts',(-2.8441312352217,-6.75040053841012,2.66));
#3807=CARTESIAN_POINT('Ctrl Pts',(-3.31697608922918,-6.74023924712142,3.06));
#3808=CARTESIAN_POINT('Ctrl Pts',(-3.22368971417399,-6.72122413107584,3.06));
#3809=CARTESIAN_POINT('Ctrl Pts',(-3.0093092084998,-6.67752567896112,3.0261278687832));
#3810=CARTESIAN_POINT('Ctrl Pts',(-2.82275474467183,-6.63949917427154,2.81346360806308));
#3811=CARTESIAN_POINT('Ctrl Pts',(-2.82275474467183,-6.63949917427154,2.66));
#3812=CARTESIAN_POINT('Ctrl Pts',(-3.31697608922918,-6.74023924712142,3.06));
#3813=CARTESIAN_POINT('Ctrl Pts',(-3.22791529551746,-6.70049382550802,3.06));
#3814=CARTESIAN_POINT('Ctrl Pts',(-3.02072702897715,-6.60741778712144,3.00627963645622));
#3815=CARTESIAN_POINT('Ctrl Pts',(-2.88583356181248,-6.54581283725188,2.7954963309562));
#3816=CARTESIAN_POINT('Ctrl Pts',(-2.88583356181248,-6.54581283725188,2.66));
#3817=CARTESIAN_POINT('Ctrl Pts',(-3.31697608922918,-6.74023924712142,3.06));
#3818=CARTESIAN_POINT('Ctrl Pts',(-3.23002808618919,-6.69012867272411,3.06));
#3819=CARTESIAN_POINT('Ctrl Pts',(-3.02665044961484,-6.5729164328568,2.98707923357839));
#3820=CARTESIAN_POINT('Ctrl Pts',(-2.92950636390723,-6.51692956985926,2.77967972013675));
#3821=CARTESIAN_POINT('Ctrl Pts',(-2.92950636390723,-6.51692956985926,2.66));
#3822=CARTESIAN_POINT('',(-2.87301450261432,-6.79407334050486,2.66));
#3823=CARTESIAN_POINT('',(-2.92950636390723,-6.51692956985926,2.66));
#3824=CARTESIAN_POINT('Origin',(-3.03983231858358,-6.68374738582851,2.66));
#3825=CARTESIAN_POINT('',(-3.31697608922918,-6.74023924712142,3.06));
#3826=CARTESIAN_POINT('Origin',(-3.31697608922918,-6.74023924712142,2.66));
#3827=CARTESIAN_POINT('Origin',(-3.31697608922918,-6.74023924712142,2.66));
#3828=CARTESIAN_POINT('Origin',(-4.11203988290897,-6.21441907883383,2.66));
#3829=CARTESIAN_POINT('',(-4.11203988290897,-6.21441907883383,3.06));
#3830=CARTESIAN_POINT('',(-3.89138797355627,-5.88078344689532,2.66));
#3831=CARTESIAN_POINT('Ctrl Pts',(-4.49273587925116,-6.45575910480857,3.06));
#3832=CARTESIAN_POINT('Ctrl Pts',(-4.59236062632154,-6.44367876250242,3.06));
#3833=CARTESIAN_POINT('Ctrl Pts',(-4.82538174254582,-6.41542298337797,2.98707022093291));
#3834=CARTESIAN_POINT('Ctrl Pts',(-4.93669746586602,-6.40192501142513,2.77967972013675));
#3835=CARTESIAN_POINT('Ctrl Pts',(-4.93669746586602,-6.40192501142513,2.66));
#3836=CARTESIAN_POINT('Ctrl Pts',(-4.49273587925116,-6.45575910480857,3.06));
#3837=CARTESIAN_POINT('Ctrl Pts',(-4.59024783564981,-6.45404391528633,3.06));
#3838=CARTESIAN_POINT('Ctrl Pts',(-4.81732859510194,-6.44949103228865,3.00626100432697));
#3839=CARTESIAN_POINT('Ctrl Pts',(-4.96558073325864,-6.44559781351987,2.7954963309562));
#3840=CARTESIAN_POINT('Ctrl Pts',(-4.96558073325864,-6.44559781351987,2.66));
#3841=CARTESIAN_POINT('Ctrl Pts',(-4.49273587925116,-6.45575910480857,3.06));
#3842=CARTESIAN_POINT('Ctrl Pts',(-4.58602225430634,-6.47477422085415,3.06));
#3843=CARTESIAN_POINT('Ctrl Pts',(-4.80040995137363,-6.51847413883325,3.02608581192094));
#3844=CARTESIAN_POINT('Ctrl Pts',(-4.98694792796064,-6.55649728283055,2.81346360806308));
#3845=CARTESIAN_POINT('Ctrl Pts',(-4.98694792796064,-6.55649728283055,2.66));
#3846=CARTESIAN_POINT('Ctrl Pts',(-4.49273587925116,-6.45575910480857,3.06));
#3847=CARTESIAN_POINT('Ctrl Pts',(-4.58179667296288,-6.49550452642197,3.06));
#3848=CARTESIAN_POINT('Ctrl Pts',(-4.78897814895699,-6.58857566083995,3.00626100432698));
#3849=CARTESIAN_POINT('Ctrl Pts',(-4.92387840666785,-6.65018551467811,2.7954963309562));
#3850=CARTESIAN_POINT('Ctrl Pts',(-4.92387840666785,-6.65018551467811,2.66));
#3851=CARTESIAN_POINT('Ctrl Pts',(-4.49273587925116,-6.45575910480857,3.06));
#3852=CARTESIAN_POINT('Ctrl Pts',(-4.57968388229115,-6.50586967920588,3.06));
#3853=CARTESIAN_POINT('Ctrl Pts',(-4.78305424274525,-6.62307772564088,2.98707022093291));
#3854=CARTESIAN_POINT('Ctrl Pts',(-4.88020560457311,-6.67906878207073,2.77967972013675));
#3855=CARTESIAN_POINT('Ctrl Pts',(-4.88020560457311,-6.67906878207073,2.66));
#3856=CARTESIAN_POINT('',(-4.93669746586602,-6.40192501142513,2.66));
#3857=CARTESIAN_POINT('',(-4.88020560457311,-6.67906878207073,2.66));
#3858=CARTESIAN_POINT('Origin',(-4.76987964989676,-6.51225096610148,2.66));
#3859=CARTESIAN_POINT('',(-4.49273587925116,-6.45575910480857,3.06));
#3860=CARTESIAN_POINT('Origin',(-4.49273587925116,-6.45575910480857,2.66));
#3861=CARTESIAN_POINT('Origin',(-4.49273587925116,-6.45575910480857,2.66));
#3862=CARTESIAN_POINT('Ctrl Pts',(-3.54386269832428,-7.08330202607445,3.06));
#3863=CARTESIAN_POINT('Ctrl Pts',(-3.55594304063043,-7.18292677314483,3.06));
#3864=CARTESIAN_POINT('Ctrl Pts',(-3.58419915587111,-7.41595066126856,2.98707321748803));
#3865=CARTESIAN_POINT('Ctrl Pts',(-3.59769679170772,-7.52726361268931,2.77967972013675));
#3866=CARTESIAN_POINT('Ctrl Pts',(-3.59769679170772,-7.52726361268931,2.66));
#3867=CARTESIAN_POINT('Ctrl Pts',(-3.54386269832428,-7.08330202607445,3.06));
#3868=CARTESIAN_POINT('Ctrl Pts',(-3.54557788784652,-7.1808139824731,3.06));
#3869=CARTESIAN_POINT('Ctrl Pts',(-3.55013138754502,-7.4078974577271,3.00626719920088));
#3870=CARTESIAN_POINT('Ctrl Pts',(-3.55402398961298,-7.55614688008194,2.7954963309562));
#3871=CARTESIAN_POINT('Ctrl Pts',(-3.55402398961298,-7.55614688008194,2.66));
#3872=CARTESIAN_POINT('Ctrl Pts',(-3.54386269832428,-7.08330202607445,3.06));
#3873=CARTESIAN_POINT('Ctrl Pts',(-3.5248475822787,-7.17658840112964,3.06));
#3874=CARTESIAN_POINT('Ctrl Pts',(-3.48114814583734,-7.39097373581795,3.02609977589983));
#3875=CARTESIAN_POINT('Ctrl Pts',(-3.44312389352613,-7.57751714968901,2.81346360806308));
#3876=CARTESIAN_POINT('Ctrl Pts',(-3.44312389352613,-7.57751714968901,2.66));
#3877=CARTESIAN_POINT('Ctrl Pts',(-3.54386269832428,-7.08330202607445,3.06));
#3878=CARTESIAN_POINT('Ctrl Pts',(-3.50411727671088,-7.17236281978618,3.06));
#3879=CARTESIAN_POINT('Ctrl Pts',(-3.41104451180469,-7.37954655352426,3.00626719920088));
#3880=CARTESIAN_POINT('Ctrl Pts',(-3.34943628845474,-7.51444455349115,2.7954963309562));
#3881=CARTESIAN_POINT('Ctrl Pts',(-3.34943628845474,-7.51444455349115,2.66));
#3882=CARTESIAN_POINT('Ctrl Pts',(-3.54386269832428,-7.08330202607445,3.06));
#3883=CARTESIAN_POINT('Ctrl Pts',(-3.49375212392697,-7.17025002911445,3.06));
#3884=CARTESIAN_POINT('Ctrl Pts',(-3.37654268324528,-7.37362280875783,2.98707321748803));
#3885=CARTESIAN_POINT('Ctrl Pts',(-3.32055302106212,-7.47077175139641,2.77967972013675));
#3886=CARTESIAN_POINT('Ctrl Pts',(-3.32055302106212,-7.47077175139641,2.66));
#3887=CARTESIAN_POINT('',(-3.59769679170772,-7.52726361268931,2.66));
#3888=CARTESIAN_POINT('',(-3.32055302106212,-7.47077175139641,2.66));
#3889=CARTESIAN_POINT('Origin',(-3.48737083703137,-7.36044579672006,2.66));
#3890=CARTESIAN_POINT('',(-3.54386269832428,-7.08330202607445,3.06));
#3891=CARTESIAN_POINT('Origin',(-3.54386269832428,-7.08330202607445,2.66));
#3892=CARTESIAN_POINT('Origin',(-3.54386269832428,-7.08330202607445,2.66));
#3893=CARTESIAN_POINT('Origin',(-3.31853476416478,-6.74259603387505,2.66));
#3894=CARTESIAN_POINT('',(-3.31853476416478,-6.74259603387505,3.06));
#3895=CARTESIAN_POINT('',(-2.98489913222627,-6.96324794322775,2.66));
#3896=CARTESIAN_POINT('Origin',(-3.69767208557137,-6.98157927309616,2.66));
#3897=CARTESIAN_POINT('',(-3.91832399492407,-7.31521490503467,2.66));
#3898=CARTESIAN_POINT('',(-3.69767208557137,-6.98157927309616,3.06));
#3899=CARTESIAN_POINT('Origin',(-4.49117720431556,-6.45340231805494,2.66));
#3900=CARTESIAN_POINT('',(-4.82481283625407,-6.23275040870224,2.66));
#3901=CARTESIAN_POINT('',(-4.49117720431556,-6.45340231805494,3.06));
#3902=CARTESIAN_POINT('Origin',(-4.21201517677262,-5.66873473924067,2.56));
#3903=CARTESIAN_POINT('',(-2.92950636390723,-6.51692956985926,2.56));
#3904=CARTESIAN_POINT('',(-2.92950636390723,-6.51692956985926,2.56));
#3905=CARTESIAN_POINT('',(-4.21201517677262,-5.66873473924067,2.56));
#3906=CARTESIAN_POINT('',(-2.59036038398591,-6.74122578062107,2.56));
#3907=CARTESIAN_POINT('',(-4.21201517677262,-5.66873473924067,2.56));
#3908=CARTESIAN_POINT('Origin',(-3.03983231858358,-6.68374738582851,2.56));
#3909=CARTESIAN_POINT('',(-2.87301450261432,-6.79407334050486,2.56));
#3910=CARTESIAN_POINT('',(-2.87301450261432,-6.79407334050486,2.56));
#3911=CARTESIAN_POINT('Origin',(-3.03983231858358,-6.68374738582851,2.56));
#3912=CARTESIAN_POINT('Origin',(-2.87301450261432,-6.79407334050486,2.56));
#3913=CARTESIAN_POINT('',(-3.32055302106212,-7.47077175139641,2.56));
#3914=CARTESIAN_POINT('',(-3.32055302106212,-7.47077175139641,2.56));
#3915=CARTESIAN_POINT('',(-2.33349872967654,-5.9783011753197,2.56));
#3916=CARTESIAN_POINT('Origin',(-3.48737083703137,-7.36044579672006,2.56));
#3917=CARTESIAN_POINT('',(-3.59769679170772,-7.52726361268931,2.56));
#3918=CARTESIAN_POINT('',(-3.59769679170772,-7.52726361268931,2.56));
#3919=CARTESIAN_POINT('Origin',(-3.48737083703137,-7.36044579672006,2.56));
#3920=CARTESIAN_POINT('Origin',(-3.90485598424017,-6.59799917596499,3.06));
#3921=CARTESIAN_POINT('Origin',(-3.59769679170772,-7.52726361268931,2.56));
#3922=CARTESIAN_POINT('',(-4.88020560457311,-6.67906878207073,2.56));
#3923=CARTESIAN_POINT('',(-4.88020560457311,-6.67906878207073,2.56));
#3924=CARTESIAN_POINT('',(-2.61729640535371,-8.17565723876041,2.56));
#3925=CARTESIAN_POINT('Origin',(-4.76987964989676,-6.51225096610148,2.56));
#3926=CARTESIAN_POINT('',(-4.93669746586602,-6.40192501142513,2.56));
#3927=CARTESIAN_POINT('',(-4.93669746586602,-6.40192501142513,2.56));
#3928=CARTESIAN_POINT('Origin',(-4.76987964989676,-6.51225096610148,2.56));
#3929=CARTESIAN_POINT('Origin',(-4.93669746586602,-6.40192501142513,2.56));
#3930=CARTESIAN_POINT('',(-4.48915894741822,-5.72522660053358,2.56));
#3931=CARTESIAN_POINT('',(-4.48915894741822,-5.72522660053358,2.56));
#3932=CARTESIAN_POINT('',(-4.17341243370434,-5.24780364079419,2.56));
#3933=CARTESIAN_POINT('Origin',(-4.32234113144897,-5.83555255520993,2.56));
#3934=CARTESIAN_POINT('Origin',(-4.32234113144897,-5.83555255520993,2.56));
#3935=CARTESIAN_POINT('Origin',(3.32024147160055,-6.44815090922991,2.56));
#3936=CARTESIAN_POINT('',(4.41491022337037,-5.73809554039468,2.56));
#3937=CARTESIAN_POINT('',(4.41491022337037,-5.73809554039468,2.56));
#3938=CARTESIAN_POINT('',(2.17439157306828,-7.19140485798538,2.56));
#3939=CARTESIAN_POINT('Origin',(4.52374844032084,-5.90588780043978,2.56));
#3940=CARTESIAN_POINT('',(4.69154070036594,-5.79704958348931,2.56));
#3941=CARTESIAN_POINT('',(4.69154070036594,-5.79704958348931,2.56));
#3942=CARTESIAN_POINT('Origin',(4.52374844032084,-5.90588780043978,2.56));
#3943=CARTESIAN_POINT('Origin',(4.69154070036594,-5.79704958348931,2.56));
#3944=CARTESIAN_POINT('',(5.10018790249479,-6.42704738690345,2.56));
#3945=CARTESIAN_POINT('',(5.10018790249479,-6.42704738690345,2.56));
#3946=CARTESIAN_POINT('',(4.1228507546227,-4.92031920389653,2.56));
#3947=CARTESIAN_POINT('Origin',(4.93239564244968,-6.53588560385392,2.56));
#3948=CARTESIAN_POINT('Origin',(4.93239564244968,-6.53588560385392,2.56));
#3949=CARTESIAN_POINT('Origin',(1.38777878078145E-16,-6.34899030760039,
2.31));
#3950=CARTESIAN_POINT('',(5.56716733826292,-6.71805573270857,2.31));
#3951=CARTESIAN_POINT('',(-5.56716733826292,-6.71805573270857,2.31));
#3952=CARTESIAN_POINT('Origin',(0.,0.,2.31));
#3953=CARTESIAN_POINT('',(5.49742059401352,-6.80741263715635,2.31));
#3954=CARTESIAN_POINT('Origin',(5.34035143418456,-6.6129151332376,2.31));
#3955=CARTESIAN_POINT('',(-5.49742059401352,-6.80741263715635,2.31));
#3956=CARTESIAN_POINT('Origin',(0.,0.,2.31));
#3957=CARTESIAN_POINT('Origin',(-5.34035143418456,-6.6129151332376,2.31));
#3958=CARTESIAN_POINT('Origin',(1.38777878078145E-16,-6.34899030760039,
2.31));
#3959=CARTESIAN_POINT('',(4.39015023622107,-4.62246751242322,2.31));
#3960=CARTESIAN_POINT('',(-4.39015023622107,-4.62246751242322,2.31));
#3961=CARTESIAN_POINT('Origin',(0.,0.,2.31));
#3962=CARTESIAN_POINT('',(-4.07811051466939,-4.1236263971142,2.31));
#3963=CARTESIAN_POINT('',(-5.55230057707087,-6.4803347394014,2.31));
#3964=CARTESIAN_POINT('',(-3.69806739909686,-4.07115432177865,2.31));
#3965=CARTESIAN_POINT('Origin',(-3.86616137178309,-4.2562067909504,2.31));
#3966=CARTESIAN_POINT('',(3.69806739909686,-4.07115432177865,2.31));
#3967=CARTESIAN_POINT('Origin',(0.,0.,2.31));
#3968=CARTESIAN_POINT('',(4.07811051466939,-4.1236263971142,2.31));
#3969=CARTESIAN_POINT('Origin',(3.86616137178308,-4.25620679095041,2.31));
#3970=CARTESIAN_POINT('',(4.07811051466939,-4.1236263971142,2.31));
#3971=CARTESIAN_POINT('Origin',(3.86616137178308,-4.25620679095041,2.31));
#3972=CARTESIAN_POINT('',(3.69806739909686,-4.07115432177865,2.56));
#3973=CARTESIAN_POINT('',(4.07811051466939,-4.1236263971142,2.56));
#3974=CARTESIAN_POINT('Origin',(3.86616137178308,-4.25620679095041,2.56));
#3975=CARTESIAN_POINT('',(4.07811051466939,-4.1236263971142,2.31));
#3976=CARTESIAN_POINT('',(3.69806739909686,-4.07115432177865,2.31));
#3977=CARTESIAN_POINT('Origin',(4.07811051466939,-4.1236263971142,2.31));
#3978=CARTESIAN_POINT('',(5.55230057707087,-6.4803347394014,2.56));
#3979=CARTESIAN_POINT('',(4.07811051466939,-4.1236263971142,2.56));
#3980=CARTESIAN_POINT('',(5.55230057707087,-6.4803347394014,2.31));
#3981=CARTESIAN_POINT('',(5.55230057707087,-6.4803347394014,2.31));
#3982=CARTESIAN_POINT('',(2.57764349114254,-1.72491049075944,2.31));
#3983=CARTESIAN_POINT('Origin',(5.34035143418456,-6.6129151332376,2.31));
#3984=CARTESIAN_POINT('',(5.49742059401352,-6.80741263715635,2.56));
#3985=CARTESIAN_POINT('Origin',(5.34035143418456,-6.6129151332376,2.56));
#3986=CARTESIAN_POINT('',(5.49742059401352,-6.80741263715635,2.31));
#3987=CARTESIAN_POINT('Origin',(5.34035143418456,-6.6129151332376,2.31));
#3988=CARTESIAN_POINT('Origin',(0.,0.,2.31));
#3989=CARTESIAN_POINT('',(-5.49742059401352,-6.80741263715635,2.56));
#3990=CARTESIAN_POINT('Origin',(0.,0.,2.56));
#3991=CARTESIAN_POINT('',(-5.49742059401352,-6.80741263715635,2.31));
#3992=CARTESIAN_POINT('Origin',(-5.34035143418456,-6.6129151332376,2.31));
#3993=CARTESIAN_POINT('',(-5.55230057707087,-6.4803347394014,2.56));
#3994=CARTESIAN_POINT('Origin',(-5.34035143418456,-6.6129151332376,2.56));
#3995=CARTESIAN_POINT('',(-5.55230057707087,-6.4803347394014,2.31));
#3996=CARTESIAN_POINT('',(-5.55230057707087,-6.4803347394014,2.31));
#3997=CARTESIAN_POINT('Origin',(-5.34035143418456,-6.6129151332376,2.31));
#3998=CARTESIAN_POINT('Origin',(-5.55230057707087,-6.4803347394014,2.31));
#3999=CARTESIAN_POINT('',(-4.07811051466939,-4.1236263971142,2.56));
#4000=CARTESIAN_POINT('',(-5.55230057707087,-6.4803347394014,2.56));
#4001=CARTESIAN_POINT('',(-4.07811051466939,-4.1236263971142,2.31));
#4002=CARTESIAN_POINT('',(-3.31473852234328,-2.90326466190304,2.31));
#4003=CARTESIAN_POINT('Origin',(-3.86616137178309,-4.2562067909504,2.31));
#4004=CARTESIAN_POINT('',(-3.69806739909686,-4.07115432177865,2.56));
#4005=CARTESIAN_POINT('Origin',(-3.86616137178309,-4.2562067909504,2.56));
#4006=CARTESIAN_POINT('',(-3.69806739909686,-4.07115432177865,2.31));
#4007=CARTESIAN_POINT('Origin',(1.27689870616026E-16,-6.34899030760039,
2.56));
#4008=CARTESIAN_POINT('Origin',(0.,0.,2.56));
#4009=CARTESIAN_POINT('Origin',(-0.0245422939743478,7.3749591643484,2.2));
#4010=CARTESIAN_POINT('',(0.725457706025652,7.3749591643484,2.2));
#4011=CARTESIAN_POINT('Origin',(-0.0245422939743478,7.3749591643484,2.2));
#4012=CARTESIAN_POINT('',(0.725457706025652,7.3749591643484,1.8));
#4013=CARTESIAN_POINT('',(0.725457706025652,7.3749591643484,2.2));
#4014=CARTESIAN_POINT('Origin',(-0.0245422939743478,7.3749591643484,1.8));
#4015=CARTESIAN_POINT('Origin',(-3.70873383222313,6.3746308412114,2.2));
#4016=CARTESIAN_POINT('',(-2.95873383222313,6.3746308412114,2.2));
#4017=CARTESIAN_POINT('Origin',(-3.70873383222313,6.3746308412114,2.2));
#4018=CARTESIAN_POINT('',(-2.95873383222313,6.3746308412114,1.8));
#4019=CARTESIAN_POINT('',(-2.95873383222313,6.3746308412114,2.2));
#4020=CARTESIAN_POINT('Origin',(-3.70873383222313,6.3746308412114,1.8));
#4021=CARTESIAN_POINT('Origin',(-6.39917313518574,3.66622533212527,2.2));
#4022=CARTESIAN_POINT('',(-5.64917313518575,3.66622533212527,2.2));
#4023=CARTESIAN_POINT('Origin',(-6.39917313518574,3.66622533212527,2.2));
#4024=CARTESIAN_POINT('',(-5.64917313518575,3.66622533212527,1.8));
#4025=CARTESIAN_POINT('',(-5.64917313518575,3.66622533212527,2.2));
#4026=CARTESIAN_POINT('Origin',(-6.39917313518574,3.66622533212527,1.8));
#4027=CARTESIAN_POINT('Origin',(-7.3749591643484,-0.0245422939743474,2.2));
#4028=CARTESIAN_POINT('',(-6.6249591643484,-0.0245422939743473,2.2));
#4029=CARTESIAN_POINT('Origin',(-7.3749591643484,-0.0245422939743474,2.2));
#4030=CARTESIAN_POINT('',(-6.6249591643484,-0.0245422939743473,1.8));
#4031=CARTESIAN_POINT('',(-6.6249591643484,-0.0245422939743474,2.2));
#4032=CARTESIAN_POINT('Origin',(-7.3749591643484,-0.0245422939743474,1.8));
#4033=CARTESIAN_POINT('Origin',(-6.3746308412114,-3.70873383222313,2.2));
#4034=CARTESIAN_POINT('',(-5.6246308412114,-3.70873383222313,2.2));
#4035=CARTESIAN_POINT('Origin',(-6.3746308412114,-3.70873383222313,2.2));
#4036=CARTESIAN_POINT('',(-5.6246308412114,-3.70873383222313,1.8));
#4037=CARTESIAN_POINT('',(-5.6246308412114,-3.70873383222313,2.2));
#4038=CARTESIAN_POINT('Origin',(-6.3746308412114,-3.70873383222313,1.8));
#4039=CARTESIAN_POINT('Origin',(-3.66622533212527,-6.39917313518574,2.2));
#4040=CARTESIAN_POINT('',(-2.91622533212527,-6.39917313518574,2.2));
#4041=CARTESIAN_POINT('Origin',(-3.66622533212527,-6.39917313518574,2.2));
#4042=CARTESIAN_POINT('',(-2.91622533212527,-6.39917313518574,1.8));
#4043=CARTESIAN_POINT('',(-2.91622533212527,-6.39917313518574,2.2));
#4044=CARTESIAN_POINT('Origin',(-3.66622533212527,-6.39917313518574,1.8));
#4045=CARTESIAN_POINT('Origin',(0.0245422939743469,-7.3749591643484,2.2));
#4046=CARTESIAN_POINT('',(0.774542293974347,-7.3749591643484,2.2));
#4047=CARTESIAN_POINT('Origin',(0.0245422939743469,-7.3749591643484,2.2));
#4048=CARTESIAN_POINT('',(0.774542293974347,-7.3749591643484,1.8));
#4049=CARTESIAN_POINT('',(0.774542293974347,-7.3749591643484,2.2));
#4050=CARTESIAN_POINT('Origin',(0.0245422939743469,-7.3749591643484,1.8));
#4051=CARTESIAN_POINT('Origin',(3.70873383222313,-6.3746308412114,2.2));
#4052=CARTESIAN_POINT('',(4.45873383222313,-6.3746308412114,2.2));
#4053=CARTESIAN_POINT('Origin',(3.70873383222313,-6.3746308412114,2.2));
#4054=CARTESIAN_POINT('',(4.45873383222313,-6.3746308412114,1.8));
#4055=CARTESIAN_POINT('',(4.45873383222313,-6.3746308412114,2.2));
#4056=CARTESIAN_POINT('Origin',(3.70873383222313,-6.3746308412114,1.8));
#4057=CARTESIAN_POINT('Origin',(6.39917313518574,-3.66622533212527,2.2));
#4058=CARTESIAN_POINT('',(7.14917313518574,-3.66622533212527,2.2));
#4059=CARTESIAN_POINT('Origin',(6.39917313518574,-3.66622533212527,2.2));
#4060=CARTESIAN_POINT('',(7.14917313518574,-3.66622533212527,1.8));
#4061=CARTESIAN_POINT('',(7.14917313518574,-3.66622533212527,2.2));
#4062=CARTESIAN_POINT('Origin',(6.39917313518574,-3.66622533212527,1.8));
#4063=CARTESIAN_POINT('Origin',(7.3749591643484,0.0245422939743465,2.2));
#4064=CARTESIAN_POINT('',(8.1249591643484,0.0245422939743465,2.2));
#4065=CARTESIAN_POINT('Origin',(7.3749591643484,0.0245422939743465,2.2));
#4066=CARTESIAN_POINT('',(8.1249591643484,0.0245422939743465,1.8));
#4067=CARTESIAN_POINT('',(8.1249591643484,0.0245422939743464,2.2));
#4068=CARTESIAN_POINT('Origin',(7.3749591643484,0.0245422939743465,1.8));
#4069=CARTESIAN_POINT('Origin',(6.3746308412114,3.70873383222313,2.2));
#4070=CARTESIAN_POINT('',(7.1246308412114,3.70873383222313,2.2));
#4071=CARTESIAN_POINT('Origin',(6.3746308412114,3.70873383222313,2.2));
#4072=CARTESIAN_POINT('',(7.1246308412114,3.70873383222313,1.8));
#4073=CARTESIAN_POINT('',(7.1246308412114,3.70873383222313,2.2));
#4074=CARTESIAN_POINT('Origin',(6.3746308412114,3.70873383222313,1.8));
#4075=CARTESIAN_POINT('Origin',(3.66622533212527,6.39917313518574,2.2));
#4076=CARTESIAN_POINT('',(4.41622533212527,6.39917313518574,2.2));
#4077=CARTESIAN_POINT('Origin',(3.66622533212527,6.39917313518574,2.2));
#4078=CARTESIAN_POINT('',(4.41622533212527,6.39917313518574,1.8));
#4079=CARTESIAN_POINT('',(4.41622533212527,6.39917313518574,2.2));
#4080=CARTESIAN_POINT('Origin',(3.66622533212527,6.39917313518574,1.8));
#4081=CARTESIAN_POINT('Origin',(0.,0.,1.45));
#4082=CARTESIAN_POINT('',(9.15,-1.12055182121983E-15,1.45));
#4083=CARTESIAN_POINT('Origin',(0.,0.,1.45));
#4084=CARTESIAN_POINT('',(9.4,1.15116799119851E-15,1.2));
#4085=CARTESIAN_POINT('Origin',(9.4,-1.15116799119851E-15,1.45));
#4086=CARTESIAN_POINT('Origin',(0.,0.,1.2));
#4087=CARTESIAN_POINT('Origin',(0.,0.,1.2));
#4088=CARTESIAN_POINT('',(9.15,1.12055182121983E-15,1.95));
#4089=CARTESIAN_POINT('Origin',(0.,0.,1.95));
#4090=CARTESIAN_POINT('',(9.15,1.12055182121983E-15,1.2));
#4091=CARTESIAN_POINT('Origin',(0.,0.,1.2));
#4092=CARTESIAN_POINT('',(9.75,-1.19403062916867E-15,1.2));
#4093=CARTESIAN_POINT('Origin',(0.,0.,1.2));
#4094=CARTESIAN_POINT('Origin',(0.,0.,1.95));
#4095=CARTESIAN_POINT('',(6.25,7.65404249467096E-16,2.2));
#4096=CARTESIAN_POINT('Origin',(0.,0.,2.2));
#4097=CARTESIAN_POINT('',(6.,7.34788079488412E-16,1.95));
#4098=CARTESIAN_POINT('Origin',(6.25,-7.65404249467096E-16,1.95));
#4099=CARTESIAN_POINT('Origin',(0.,0.,1.95));
#4100=CARTESIAN_POINT('Origin',(0.,0.,2.2));
#4101=CARTESIAN_POINT('',(8.9,-1.08993565124114E-15,2.2));
#4102=CARTESIAN_POINT('Origin',(0.,0.,2.2));
#4103=CARTESIAN_POINT('Origin',(0.,0.,1.95));
#4104=CARTESIAN_POINT('Origin',(8.9,-1.08993565124114E-15,1.95));
#4105=CARTESIAN_POINT('Origin',(0.,0.,2.75));
#4106=CARTESIAN_POINT('',(5.5,6.73555739531044E-16,2.75));
#4107=CARTESIAN_POINT('Origin',(0.,0.,2.75));
#4108=CARTESIAN_POINT('',(5.25,-6.42939569552361E-16,3.));
#4109=CARTESIAN_POINT('Origin',(5.25,-6.42939569552361E-16,2.75));
#4110=CARTESIAN_POINT('Origin',(0.,0.,3.));
#4111=CARTESIAN_POINT('Origin',(0.,0.,2.2));
#4112=CARTESIAN_POINT('',(5.5,6.73555739531044E-16,1.95));
#4113=CARTESIAN_POINT('',(5.5,6.73555739531044E-16,2.2));
#4114=CARTESIAN_POINT('Origin',(0.,0.,1.95));
#4115=CARTESIAN_POINT('Origin',(0.,0.,3.));
#4116=CARTESIAN_POINT('Origin',(0.,0.,0.95));
#4117=CARTESIAN_POINT('',(10.,1.22464679914735E-15,0.95));
#4118=CARTESIAN_POINT('Origin',(0.,0.,0.95));
#4119=CARTESIAN_POINT('Origin',(9.75,-1.19403062916867E-15,0.95));
#4120=CARTESIAN_POINT('Origin',(0.,0.,0.));
#4121=CARTESIAN_POINT('',(10.,1.22464679914735E-15,0.));
#4122=CARTESIAN_POINT('',(10.,1.22464679914735E-15,0.));
#4123=CARTESIAN_POINT('Origin',(0.,0.,0.));
#4124=CARTESIAN_POINT('Origin',(0.,0.,1.95));
#4125=CARTESIAN_POINT('Origin',(0.,0.,1.2));
#4126=CARTESIAN_POINT('',(8.75,1.07156594925393E-15,0.8));
#4127=CARTESIAN_POINT('Origin',(0.,0.,0.8));
#4128=CARTESIAN_POINT('',(8.75,1.07156594925393E-15,1.8));
#4129=CARTESIAN_POINT('',(8.75,1.07156594925393E-15,1.2));
#4130=CARTESIAN_POINT('Origin',(0.,0.,1.8));
#4131=CARTESIAN_POINT('Origin',(0.,0.,1.8));
#4132=CARTESIAN_POINT('Origin',(0.,0.,0.));
#4133=CARTESIAN_POINT('',(9.6,1.17566092718146E-15,0.8));
#4134=CARTESIAN_POINT('',(9.6,1.17566092718146E-15,0.));
#4135=CARTESIAN_POINT('Origin',(0.,0.,0.8));
#4136=CARTESIAN_POINT('Origin',(0.,0.,0.8));
#4137=CARTESIAN_POINT('Origin',(0.,0.,0.));
#4138=CARTESIAN_POINT('Origin',(0.,0.,2.31));
#4139=CARTESIAN_POINT('',(8.725,1.06850433225607E-15,2.31));
#4140=CARTESIAN_POINT('Origin',(0.,0.,2.31));
#4141=CARTESIAN_POINT('Origin',(0.,0.,2.31));
#4142=CARTESIAN_POINT('',(6.375,7.80712334456438E-16,2.31));
#4143=CARTESIAN_POINT('Origin',(0.,0.,2.31));
#4144=CARTESIAN_POINT('Origin',(0.,0.,2.31));
#4145=CARTESIAN_POINT('Origin',(0.,0.,2.21));
#4146=CARTESIAN_POINT('',(6.375,7.80712334456438E-16,2.21));
#4147=CARTESIAN_POINT('Origin',(0.,0.,2.21));
#4148=CARTESIAN_POINT('',(6.375,7.80712334456438E-16,2.21));
#4149=CARTESIAN_POINT('Origin',(0.,0.,2.21));
#4150=CARTESIAN_POINT('',(8.725,1.06850433225607E-15,2.21));
#4151=CARTESIAN_POINT('',(8.725,1.06850433225607E-15,2.21));
#4152=CARTESIAN_POINT('Origin',(0.,0.,2.21));
#4153=CARTESIAN_POINT('Origin',(0.,0.,2.21));
#4154=UNCERTAINTY_MEASURE_WITH_UNIT(LENGTH_MEASURE(0.01),#4158,
'DISTANCE_ACCURACY_VALUE',
'Maximum model space distance between geometric entities at asserted c
onnectivities');
#4155=UNCERTAINTY_MEASURE_WITH_UNIT(LENGTH_MEASURE(0.01),#4158,
'DISTANCE_ACCURACY_VALUE',
'Maximum model space distance between geometric entities at asserted c
onnectivities');
#4156=(
GEOMETRIC_REPRESENTATION_CONTEXT(3)
GLOBAL_UNCERTAINTY_ASSIGNED_CONTEXT((#4154))
GLOBAL_UNIT_ASSIGNED_CONTEXT((#4158,#4160,#4161))
REPRESENTATION_CONTEXT('','3D')
);
#4157=(
GEOMETRIC_REPRESENTATION_CONTEXT(3)
GLOBAL_UNCERTAINTY_ASSIGNED_CONTEXT((#4155))
GLOBAL_UNIT_ASSIGNED_CONTEXT((#4158,#4160,#4161))
REPRESENTATION_CONTEXT('','3D')
);
#4158=(
LENGTH_UNIT()
NAMED_UNIT(*)
SI_UNIT(.MILLI.,.METRE.)
);
#4159=(
LENGTH_UNIT()
NAMED_UNIT(*)
SI_UNIT(.CENTI.,.METRE.)
);
#4160=(
NAMED_UNIT(*)
PLANE_ANGLE_UNIT()
SI_UNIT($,.RADIAN.)
);
#4161=(
NAMED_UNIT(*)
SI_UNIT($,.STERADIAN.)
SOLID_ANGLE_UNIT()
);
#4162=SHAPE_DEFINITION_REPRESENTATION(#4163,#4164);
#4163=PRODUCT_DEFINITION_SHAPE('',$,#4166);
#4164=SHAPE_REPRESENTATION('',(#2041),#4156);
#4165=PRODUCT_DEFINITION_CONTEXT('part definition',#4170,'design');
#4166=PRODUCT_DEFINITION('AS02008MR-R','AS02008MR-5-R',#4167,#4165);
#4167=PRODUCT_DEFINITION_FORMATION('',$,#4172);
#4168=PRODUCT_RELATED_PRODUCT_CATEGORY('AS02008MR-5-R','AS02008MR-5-R',
(#4172));
#4169=APPLICATION_PROTOCOL_DEFINITION('international standard',
'automotive_design',2009,#4170);
#4170=APPLICATION_CONTEXT(
'Core Data for Automotive Mechanical Design Process');
#4171=PRODUCT_CONTEXT('part definition',#4170,'mechanical');
#4172=PRODUCT('AS02008MR-R','AS02008MR-5-R',$,(#4171));
#4173=PRESENTATION_STYLE_ASSIGNMENT((#4180));
#4174=PRESENTATION_STYLE_ASSIGNMENT((#4181));
#4175=PRESENTATION_STYLE_ASSIGNMENT((#4182));
#4176=PRESENTATION_STYLE_ASSIGNMENT((#4183));
#4177=PRESENTATION_STYLE_ASSIGNMENT((#4184));
#4178=PRESENTATION_STYLE_ASSIGNMENT((#4185));
#4179=PRESENTATION_STYLE_ASSIGNMENT((#4186));
#4180=SURFACE_STYLE_USAGE(.BOTH.,#4199);
#4181=SURFACE_STYLE_USAGE(.BOTH.,#4200);
#4182=SURFACE_STYLE_USAGE(.BOTH.,#4201);
#4183=SURFACE_STYLE_USAGE(.BOTH.,#4202);
#4184=SURFACE_STYLE_USAGE(.BOTH.,#4203);
#4185=SURFACE_STYLE_USAGE(.BOTH.,#4204);
#4186=SURFACE_STYLE_USAGE(.BOTH.,#4205);
#4187=SURFACE_STYLE_RENDERING_WITH_PROPERTIES($,#4227,(#4193));
#4188=SURFACE_STYLE_RENDERING_WITH_PROPERTIES($,#4228,(#4194));
#4189=SURFACE_STYLE_RENDERING_WITH_PROPERTIES($,#4229,(#4195));
#4190=SURFACE_STYLE_RENDERING_WITH_PROPERTIES($,#4230,(#4196));
#4191=SURFACE_STYLE_RENDERING_WITH_PROPERTIES($,#4231,(#4197));
#4192=SURFACE_STYLE_RENDERING_WITH_PROPERTIES($,#4232,(#4198));
#4193=SURFACE_STYLE_TRANSPARENT(0.);
#4194=SURFACE_STYLE_TRANSPARENT(0.);
#4195=SURFACE_STYLE_TRANSPARENT(0.);
#4196=SURFACE_STYLE_TRANSPARENT(0.);
#4197=SURFACE_STYLE_TRANSPARENT(0.);
#4198=SURFACE_STYLE_TRANSPARENT(0.480000019073486);
#4199=SURFACE_SIDE_STYLE('',(#4206,#4187));
#4200=SURFACE_SIDE_STYLE('',(#4207,#4188));
#4201=SURFACE_SIDE_STYLE('',(#4208,#4189));
#4202=SURFACE_SIDE_STYLE('',(#4209,#4190));
#4203=SURFACE_SIDE_STYLE('',(#4210,#4191));
#4204=SURFACE_SIDE_STYLE('',(#4211,#4192));
#4205=SURFACE_SIDE_STYLE('',(#4212));
#4206=SURFACE_STYLE_FILL_AREA(#4213);
#4207=SURFACE_STYLE_FILL_AREA(#4214);
#4208=SURFACE_STYLE_FILL_AREA(#4215);
#4209=SURFACE_STYLE_FILL_AREA(#4216);
#4210=SURFACE_STYLE_FILL_AREA(#4217);
#4211=SURFACE_STYLE_FILL_AREA(#4218);
#4212=SURFACE_STYLE_FILL_AREA(#4219);
#4213=FILL_AREA_STYLE('',(#4220));
#4214=FILL_AREA_STYLE('',(#4221));
#4215=FILL_AREA_STYLE('',(#4222));
#4216=FILL_AREA_STYLE('',(#4223));
#4217=FILL_AREA_STYLE('',(#4224));
#4218=FILL_AREA_STYLE('',(#4225));
#4219=FILL_AREA_STYLE('',(#4226));
#4220=FILL_AREA_STYLE_COLOUR('',#4227);
#4221=FILL_AREA_STYLE_COLOUR('',#4228);
#4222=FILL_AREA_STYLE_COLOUR('',#4229);
#4223=FILL_AREA_STYLE_COLOUR('',#4230);
#4224=FILL_AREA_STYLE_COLOUR('',#4231);
#4225=FILL_AREA_STYLE_COLOUR('',#4232);
#4226=FILL_AREA_STYLE_COLOUR('',#4233);
#4227=COLOUR_RGB('',0.749019607843137,0.749019607843137,0.749019607843137);
#4228=COLOUR_RGB('',1.,1.,1.);
#4229=COLOUR_RGB('',0.0666666666666667,0.0666666666666667,0.0666666666666667);
#4230=COLOUR_RGB('',0.,0.,0.);
#4231=COLOUR_RGB('',0.956862745098039,0.956862745098039,0.956862745098039);
#4232=COLOUR_RGB('',0.0627450980392157,0.670588235294118,0.290196078431373);
#4233=COLOUR_RGB('',0.411764705882353,0.415686274509804,0.419607843137255);
ENDSEC;
END-ISO-10303-21;
